-- phpMyAdmin SQL Dump
-- version 4.9.5
-- https://www.phpmyadmin.net/
--
-- Host: localhost:3306
-- Generation Time: Sep 30, 2020 at 01:49 PM
-- Server version: 5.7.31
-- PHP Version: 7.3.6

SET SQL_MODE = "NO_AUTO_VALUE_ON_ZERO";
SET AUTOCOMMIT = 0;
START TRANSACTION;
SET time_zone = "+00:00";


/*!40101 SET @OLD_CHARACTER_SET_CLIENT=@@CHARACTER_SET_CLIENT */;
/*!40101 SET @OLD_CHARACTER_SET_RESULTS=@@CHARACTER_SET_RESULTS */;
/*!40101 SET @OLD_COLLATION_CONNECTION=@@COLLATION_CONNECTION */;
/*!40101 SET NAMES utf8mb4 */;

--
-- Database: `vitagrol_intersoft`
--

-- --------------------------------------------------------

--
-- Table structure for table `bancos`
--

CREATE TABLE `bancos` (
  `id` int(10) UNSIGNED NOT NULL,
  `nombre` varchar(255) COLLATE utf8mb4_unicode_ci NOT NULL,
  `sucursal` varchar(255) COLLATE utf8mb4_unicode_ci NOT NULL,
  `numero_de_cuenta` varchar(255) COLLATE utf8mb4_unicode_ci NOT NULL,
  `cuenta_contable` varchar(255) COLLATE utf8mb4_unicode_ci NOT NULL,
  `impuesto` int(11) NOT NULL,
  `consecutivo_cheque` int(11) NOT NULL,
  `created_at` timestamp NULL DEFAULT NULL,
  `updated_at` timestamp NULL DEFAULT NULL
) ENGINE=InnoDB DEFAULT CHARSET=utf8mb4 COLLATE=utf8mb4_unicode_ci;

--
-- Dumping data for table `bancos`
--

INSERT INTO `bancos` (`id`, `nombre`, `sucursal`, `numero_de_cuenta`, `cuenta_contable`, `impuesto`, `consecutivo_cheque`, `created_at`, `updated_at`) VALUES
(1, 'BANCOLOMBIA', 'CHAPENIERO', '4739274832', '1', 0, 0, '2020-09-07 19:25:40', '2020-09-07 19:25:40');

-- --------------------------------------------------------

--
-- Table structure for table `calendarios`
--

CREATE TABLE `calendarios` (
  `id` int(10) UNSIGNED NOT NULL,
  `titulo` varchar(255) COLLATE utf8mb4_unicode_ci NOT NULL,
  `fecha_inicio` varchar(255) COLLATE utf8mb4_unicode_ci NOT NULL,
  `hora_inicio` varchar(255) COLLATE utf8mb4_unicode_ci NOT NULL,
  `fecha_final` varchar(255) COLLATE utf8mb4_unicode_ci NOT NULL,
  `hora_final` varchar(255) COLLATE utf8mb4_unicode_ci NOT NULL,
  `lugar` varchar(255) COLLATE utf8mb4_unicode_ci NOT NULL,
  `descripcion` varchar(255) COLLATE utf8mb4_unicode_ci NOT NULL,
  `color` varchar(255) COLLATE utf8mb4_unicode_ci NOT NULL,
  `notificacion` varchar(255) COLLATE utf8mb4_unicode_ci NOT NULL,
  `valor` double(8,2) NOT NULL,
  `periodicidad` varchar(25) COLLATE utf8mb4_unicode_ci NOT NULL,
  `id_empresa` int(11) NOT NULL,
  `created_at` timestamp NULL DEFAULT NULL,
  `updated_at` timestamp NULL DEFAULT NULL
) ENGINE=InnoDB DEFAULT CHARSET=utf8mb4 COLLATE=utf8mb4_unicode_ci;

-- --------------------------------------------------------

--
-- Table structure for table `carteras`
--

CREATE TABLE `carteras` (
  `id` int(10) UNSIGNED NOT NULL,
  `id_empresa` int(11) NOT NULL,
  `reteiva` decimal(11,2) NOT NULL,
  `reteica` decimal(11,2) NOT NULL,
  `efectivo` decimal(11,2) NOT NULL,
  `sobrecosto` decimal(11,2) NOT NULL,
  `descuento` decimal(11,2) NOT NULL,
  `retefuente` decimal(11,2) NOT NULL,
  `otros` decimal(11,2) NOT NULL,
  `id_sucursal` int(11) NOT NULL,
  `numero` int(11) NOT NULL,
  `prefijo` varchar(255) COLLATE utf8mb4_unicode_ci NOT NULL,
  `id_cliente` int(11) NOT NULL,
  `id_vendedor` int(11) NOT NULL,
  `fecha` varchar(255) COLLATE utf8mb4_unicode_ci NOT NULL,
  `tipoCartera` varchar(255) COLLATE utf8mb4_unicode_ci NOT NULL,
  `subtotal` decimal(11,2) NOT NULL,
  `total` decimal(11,2) NOT NULL,
  `id_modificado` int(11) NOT NULL,
  `observaciones` varchar(255) COLLATE utf8mb4_unicode_ci NOT NULL,
  `estado` varchar(255) COLLATE utf8mb4_unicode_ci NOT NULL,
  `created_at` timestamp NULL DEFAULT NULL,
  `updated_at` timestamp NULL DEFAULT NULL
) ENGINE=InnoDB DEFAULT CHARSET=utf8mb4 COLLATE=utf8mb4_unicode_ci;

-- --------------------------------------------------------

--
-- Table structure for table `chats`
--

CREATE TABLE `chats` (
  `id` int(10) UNSIGNED NOT NULL,
  `id_empresa` int(11) NOT NULL,
  `created_at` timestamp NULL DEFAULT NULL,
  `updated_at` timestamp NULL DEFAULT NULL
) ENGINE=InnoDB DEFAULT CHARSET=utf8mb4 COLLATE=utf8mb4_unicode_ci;

-- --------------------------------------------------------

--
-- Table structure for table `ciudades`
--

CREATE TABLE `ciudades` (
  `id` int(10) UNSIGNED NOT NULL,
  `codigo` varchar(255) CHARACTER SET latin1 COLLATE latin1_spanish_ci NOT NULL,
  `nombre` varchar(255) CHARACTER SET latin1 COLLATE latin1_spanish_ci NOT NULL,
  `id_departamento` int(11) NOT NULL,
  `created_at` timestamp NULL DEFAULT NULL,
  `updated_at` timestamp NULL DEFAULT NULL
) ENGINE=InnoDB DEFAULT CHARSET=utf8mb4 COLLATE=utf8mb4_unicode_ci;

--
-- Dumping data for table `ciudades`
--

INSERT INTO `ciudades` (`id`, `codigo`, `nombre`, `id_departamento`, `created_at`, `updated_at`) VALUES
(14, '91263', 'EL ENCANTO', 8, NULL, NULL),
(15, '91405', 'LA CHORRERA', 8, NULL, NULL),
(16, '91407', 'LA PEDRERA', 8, NULL, NULL),
(17, '91430', 'LA VICTORIA', 8, NULL, NULL),
(18, '91001', 'LETICIA', 8, NULL, NULL),
(19, '91460', 'MIRITI - PARANA', 8, NULL, NULL),
(20, '91530', 'PUERTO ALEGRIA', 8, NULL, NULL),
(21, '91536', 'PUERTO ARICA', 8, NULL, NULL),
(22, '91540', 'PUERTO NARINO', 8, NULL, NULL),
(23, '91669', 'PUERTO SANTANDER', 8, NULL, NULL),
(24, '91798', 'TARAPACA', 8, NULL, NULL),
(25, '5120', 'CACERES', 9, NULL, NULL),
(26, '5154', 'CAUCASIA', 9, NULL, NULL),
(27, '5250', 'EL BAGRE', 9, NULL, NULL),
(28, '5495', 'NECHI', 9, NULL, NULL),
(29, '5790', 'TARAZA', 9, NULL, NULL),
(30, '5895', 'ZARAGOZA', 9, NULL, NULL),
(31, '5142', 'CARACOLI', 9, NULL, NULL),
(32, '5425', 'MACEO', 9, NULL, NULL),
(33, '5579', 'PUERTO BERRiO', 9, NULL, NULL),
(34, '5585', 'PUERTO NARE', 9, NULL, NULL),
(35, '5591', 'PUERTO TRIUNFO', 9, NULL, NULL),
(36, '5893', 'YONDI', 9, NULL, NULL),
(37, '5031', 'AMALFI', 9, NULL, NULL),
(38, '5040', 'ANORI', 9, NULL, NULL),
(39, '5190', 'CISNEROS', 9, NULL, NULL),
(40, '5604', 'REMEDIOS', 9, NULL, NULL),
(41, '5670', 'SAN ROQUE', 9, NULL, NULL),
(42, '5690', 'SANTO DOMINGO', 9, NULL, NULL),
(43, '5736', 'SEGOVIA', 9, NULL, NULL),
(44, '5858', 'VEGACHI', 9, NULL, NULL),
(45, '5885', 'YALI', 9, NULL, NULL),
(46, '5890', 'YOLOMBI', 9, NULL, NULL),
(47, '5038', 'ANGOSTURA', 9, NULL, NULL),
(48, '5086', 'BELMIRA', 9, NULL, NULL),
(49, '5107', 'BRICENO', 9, NULL, NULL),
(50, '5134', 'CAMPAMENTO', 9, NULL, NULL),
(51, '5150', 'CAROLINA', 9, NULL, NULL),
(52, '5237', 'DON MATiAS', 9, NULL, NULL),
(53, '5264', 'ENTRERRIOS', 9, NULL, NULL),
(54, '5310', 'GIMEZ PLATA', 9, NULL, NULL),
(55, '5315', 'GUADALUPE', 9, NULL, NULL),
(56, '5361', 'ITUANGO', 9, NULL, NULL),
(57, '5647', 'SAN ANDRES', 9, NULL, NULL),
(58, '5658', 'SAN JOSE DE LA MONTANA', 9, NULL, NULL),
(59, '5664', 'SAN PEDRO', 9, NULL, NULL),
(60, '5686', 'SANTA ROSA de osos', 9, NULL, NULL),
(61, '5819', 'TOLEDO', 9, NULL, NULL),
(62, '5854', 'VALDIVIA', 9, NULL, NULL),
(63, '5887', 'YARUMAL', 9, NULL, NULL),
(64, '5004', 'ABRIAQUI', 9, NULL, NULL),
(65, '5044', 'ANZA', 9, NULL, NULL),
(66, '5059', 'ARMENIA', 9, NULL, NULL),
(67, '5113', 'BURITICA', 9, NULL, NULL),
(68, '5138', 'CANASGORDAS', 9, NULL, NULL),
(69, '5234', 'DABEIBA', 9, NULL, NULL),
(70, '5240', 'EBEJICO', 9, NULL, NULL),
(71, '5284', 'FRONTINO', 9, NULL, NULL),
(72, '5306', 'GIRALDO', 9, NULL, NULL),
(73, '5347', 'HELICONIA', 9, NULL, NULL),
(74, '5411', 'LIBORINA', 9, NULL, NULL),
(75, '5501', 'OLAYA', 9, NULL, NULL),
(76, '5543', 'PEQUE', 9, NULL, NULL),
(77, '5628', 'SABANALARGA', 9, NULL, NULL),
(78, '5656', 'SAN JERINIMO', 9, NULL, NULL),
(79, '5042', 'SANTAFE DE ANTIOQUIA', 9, NULL, NULL),
(80, '5761', 'SOPETRAN', 9, NULL, NULL),
(81, '5842', 'URAMITA', 9, NULL, NULL),
(82, '5002', 'ABEJORRAL', 9, NULL, NULL),
(83, '5021', 'ALEJANDRIA', 9, NULL, NULL),
(84, '5055', 'ARGELIA', 9, NULL, NULL),
(85, '5148', 'CARMEN DE VIBORAL', 9, NULL, NULL),
(86, '5197', 'COCORNA', 9, NULL, NULL),
(87, '5206', 'CONCEPCIIN', 9, NULL, NULL),
(88, '5313', 'GRANADA', 9, NULL, NULL),
(89, '5318', 'GUARNE', 9, NULL, NULL),
(90, '5321', 'GUATAPE', 9, NULL, NULL),
(91, '5376', 'LA CEJA', 9, NULL, NULL),
(92, '5400', 'LA UNIIN', 9, NULL, NULL),
(93, '5440', 'MARINILLA', 9, NULL, NULL),
(94, '5483', 'NARINO', 9, NULL, NULL),
(95, '5541', 'PENOL', 9, NULL, NULL),
(96, '5607', 'RETIRO', 9, NULL, NULL),
(97, '5615', 'RIONEGRO', 9, NULL, NULL),
(98, '5649', 'SAN CARLOS', 9, NULL, NULL),
(99, '5652', 'SAN FRANCISCO', 9, NULL, NULL),
(100, '5660', 'SAN LUIS', 9, NULL, NULL),
(101, '5667', 'SAN RAFAEL', 9, NULL, NULL),
(102, '5674', 'SAN VICENTE', 9, NULL, NULL),
(103, '5697', 'SANTUARIO', 9, NULL, NULL),
(104, '5756', 'SONSON', 9, NULL, NULL),
(105, '5030', 'AMAGA', 9, NULL, NULL),
(106, '5034', 'ANDES', 9, NULL, NULL),
(107, '5036', 'ANGELOPOLIS', 9, NULL, NULL),
(108, '5091', 'BETANIA', 9, NULL, NULL),
(109, '5093', 'BETULIA', 9, NULL, NULL),
(110, '5125', 'CAICEDO', 9, NULL, NULL),
(111, '5145', 'CARAMANTA', 9, NULL, NULL),
(112, '5101', 'CIUDAD BOLIVAR', 9, NULL, NULL),
(113, '5209', 'CONCORDIA', 9, NULL, NULL),
(114, '5282', 'FREDONIA', 9, NULL, NULL),
(115, '5353', 'HISPANIA', 9, NULL, NULL),
(116, '5364', 'JARDIN', 9, NULL, NULL),
(117, '5368', 'JERICI', 9, NULL, NULL),
(118, '5390', 'LA PINTADA', 9, NULL, NULL),
(119, '5467', 'MONTEBELLO', 9, NULL, NULL),
(120, '5576', 'PUEBLORRICO', 9, NULL, NULL),
(121, '5642', 'SALGAR', 9, NULL, NULL),
(122, '5679', 'SANTA BARBARA', 9, NULL, NULL),
(123, '5789', 'TAMESIS', 9, NULL, NULL),
(124, '5792', 'TARSO', 9, NULL, NULL),
(125, '5809', 'TITIRIBI', 9, NULL, NULL),
(126, '5847', 'URRAO', 9, NULL, NULL),
(127, '5856', 'VALPARAISO', 9, NULL, NULL),
(128, '5861', 'VENECIA', 9, NULL, NULL),
(129, '5045', 'APARTADI', 9, NULL, NULL),
(130, '5051', 'ARBOLETES', 9, NULL, NULL),
(131, '5147', 'CAREPA', 9, NULL, NULL),
(132, '5172', 'CHIGORODI', 9, NULL, NULL),
(133, '5475', 'MURINDI', 9, NULL, NULL),
(134, '5480', 'MUTATA', 9, NULL, NULL),
(135, '5490', 'NECOCLI', 9, NULL, NULL),
(136, '5659', 'SAN JUAN DE URABA', 9, NULL, NULL),
(137, '5665', 'SAN PEDRO DE URABA', 9, NULL, NULL),
(138, '5837', 'TURBO', 9, NULL, NULL),
(139, '5873', 'VIGIA DEL FUERTE', 9, NULL, NULL),
(140, '5079', 'BARBOSA', 9, NULL, NULL),
(141, '5088', 'BELLO', 9, NULL, NULL),
(142, '5129', 'CALDAS', 9, NULL, NULL),
(143, '5212', 'COPACABANA', 9, NULL, NULL),
(144, '5266', 'ENVIGADO', 9, NULL, NULL),
(145, '5308', 'GIRARDOTA', 9, NULL, NULL),
(146, '5360', 'ITAGUI', 9, NULL, NULL),
(147, '5380', 'LA ESTRELLA', 9, NULL, NULL),
(148, '5001', 'MEDELLIN', 9, NULL, NULL),
(149, '5631', 'SABANETA', 9, NULL, NULL),
(150, '81001', 'ARAUCA', 10, NULL, NULL),
(151, '81065', 'ARAUQUITA', 10, NULL, NULL),
(152, '81220', 'CRAVO NORTE', 10, NULL, NULL),
(153, '81300', 'FORTUL', 10, NULL, NULL),
(154, '81591', 'PUERTO RONDIN', 10, NULL, NULL),
(155, '81736', 'SARAVENA', 10, NULL, NULL),
(156, '81794', 'TAME', 10, NULL, NULL),
(157, '88564', 'PROVIDENCIA Y SANTA CATALINA', 11, NULL, NULL),
(158, '88001', 'SAN ANDReS', 11, NULL, NULL),
(159, '8001', 'BARRANQUILLA', 12, NULL, NULL),
(160, '8296', 'GALAPA', 12, NULL, NULL),
(161, '8433', 'MALAMBO', 12, NULL, NULL),
(162, '8573', 'PUERTO COLOMBIA', 12, NULL, NULL),
(163, '8758', 'SOLEDAD', 12, NULL, NULL),
(164, '8137', 'CAMPO DE LA CRUZ', 12, NULL, NULL),
(165, '8141', 'CANDELARIA', 12, NULL, NULL),
(166, '8421', 'LURUACO', 12, NULL, NULL),
(167, '8436', 'MANATi', 12, NULL, NULL),
(168, '8606', 'REPELON', 12, NULL, NULL),
(169, '8675', 'SANTA LUCiA', 12, NULL, NULL),
(170, '8770', 'SUAN', 12, NULL, NULL),
(171, '8078', 'BARANOA', 12, NULL, NULL),
(172, '8520', 'PALMAR DE VARELA', 12, NULL, NULL),
(173, '8558', 'POLONUEVO', 12, NULL, NULL),
(174, '8560', 'PONEDERA', 12, NULL, NULL),
(175, '8634', 'SAbAnAgrAnde', 12, NULL, NULL),
(176, '8638', 'SABANALARGA', 12, NULL, NULL),
(177, '8685', 'SAnto TomAs', 12, NULL, NULL),
(178, '8372', 'JUAN DE ACOSTA', 12, NULL, NULL),
(179, '8549', 'PIOJI', 12, NULL, NULL),
(180, '8832', 'TUBARA', 12, NULL, NULL),
(181, '8849', 'USIACURi', 12, NULL, NULL),
(182, '11001', 'BOGOTA D.C.', 1, NULL, NULL),
(183, '13188', 'CICUCO', 13, NULL, NULL),
(184, '13300', 'HATILLO DE LOBA', 13, NULL, NULL),
(185, '13440', 'MARGARITA', 13, NULL, NULL),
(186, '13468', 'MOMPIS', 13, NULL, NULL),
(187, '13650', 'SAN FERNANDO', 13, NULL, NULL),
(188, '13780', 'TALAIGUA NUEVO', 13, NULL, NULL),
(189, '13052', 'ARJONA', 13, NULL, NULL),
(190, '13062', 'ARROYOHONDO', 13, NULL, NULL),
(191, '13140', 'CALAMAR', 13, NULL, NULL),
(192, '13001', 'CARTAGENA', 13, NULL, NULL),
(193, '13222', 'CLEMENCIA', 13, NULL, NULL),
(194, '13433', 'MAHATES', 13, NULL, NULL),
(195, '13620', 'SAN CRISTOBAL', 13, NULL, NULL),
(196, '13647', 'SAN ESTANISLAO', 13, NULL, NULL),
(197, '13673', 'SANTA CATALINA', 13, NULL, NULL),
(198, '13683', 'SANTA ROSA DE LIMA', 13, NULL, NULL),
(199, '13760', 'SOPLAVIENTO', 13, NULL, NULL),
(200, '13836', 'TURBACO', 13, NULL, NULL),
(201, '13838', 'TURBANA', 13, NULL, NULL),
(202, '13873', 'VILLANUEVA', 13, NULL, NULL),
(203, '13030', 'ALTOS DEL ROSARIO', 13, NULL, NULL),
(204, '13074', 'BARRANCO DE LOBA', 13, NULL, NULL),
(205, '13268', 'EL PENON', 13, NULL, NULL),
(206, '13580', 'REGIDOR', 13, NULL, NULL),
(207, '13600', 'RIO VIEJO', 13, NULL, NULL),
(208, '13667', 'SAN MARTIN DE LOBA', 13, NULL, NULL),
(209, '13042', 'ARENAL', 13, NULL, NULL),
(210, '13160', 'CANTAGALLO', 13, NULL, NULL),
(211, '13473', 'MORALES', 13, NULL, NULL),
(212, '13670', 'SAN PABLO', 13, NULL, NULL),
(213, '13688', 'SANTA ROSA DEL SUR', 13, NULL, NULL),
(214, '13744', 'SIMITI', 13, NULL, NULL),
(215, '13006', 'ACHI', 13, NULL, NULL),
(216, '13430', 'MAGANGUE', 13, NULL, NULL),
(217, '13458', 'MONTECRISTO', 13, NULL, NULL),
(218, '13549', 'PINILLOS', 13, NULL, NULL),
(219, '13655', 'SAN JACINTO DEL CAUCA', 13, NULL, NULL),
(220, '13810', 'TIQUISIO', 13, NULL, NULL),
(221, '13244', 'CARMEN DE BOLIVAR', 13, NULL, NULL),
(222, '13212', 'CIRDOBA', 13, NULL, NULL),
(223, '13248', 'EL GUAMO', 13, NULL, NULL),
(224, '13442', 'MARIA LA BAJA', 13, NULL, NULL),
(225, '13654', 'SAN JACINTO', 13, NULL, NULL),
(226, '13657', 'SAN JUAN NEPOMUCENO', 13, NULL, NULL),
(227, '13894', 'ZAMBRANO', 13, NULL, NULL),
(228, '15232', 'CHIQUIZA', 14, NULL, NULL),
(229, '15187', 'CHIVATA', 14, NULL, NULL),
(230, '15204', 'CIMBITA', 14, NULL, NULL),
(231, '15224', 'CUCAITA', 14, NULL, NULL),
(232, '15476', 'MOTAVITA', 14, NULL, NULL),
(233, '15500', 'OICATA', 14, NULL, NULL),
(234, '15646', 'SAMACA', 14, NULL, NULL),
(235, '15740', 'SIACHOQUE', 14, NULL, NULL),
(236, '15762', 'SORA', 14, NULL, NULL),
(237, '15764', 'SORACA', 14, NULL, NULL),
(238, '15763', 'SOTAQUIRA', 14, NULL, NULL),
(239, '15814', 'TOCA', 14, NULL, NULL),
(240, '15001', 'TUNJA', 14, NULL, NULL),
(241, '15837', 'TUTA', 14, NULL, NULL),
(242, '15861', 'VENTAQUEMADA', 14, NULL, NULL),
(243, '15180', 'CHISCAS', 14, NULL, NULL),
(244, '15223', 'CUBARA', 14, NULL, NULL),
(245, '15244', 'EL COCUY', 14, NULL, NULL),
(246, '15248', 'EL ESPINO', 14, NULL, NULL),
(247, '15317', 'GUACAMAYAS', 14, NULL, NULL),
(248, '15332', 'G?ICAN', 14, NULL, NULL),
(249, '15522', 'PANQUEBA', 14, NULL, NULL),
(250, '15377', 'LABRANZAGRANDE', 14, NULL, NULL),
(251, '15518', 'PAJARITO', 14, NULL, NULL),
(252, '15533', 'PAYA', 14, NULL, NULL),
(253, '15550', 'PISBA', 14, NULL, NULL),
(254, '15090', 'BERBEO', 14, NULL, NULL),
(255, '15135', 'CAMPOHERMOSO', 14, NULL, NULL),
(256, '15455', 'MIRAFLORES', 14, NULL, NULL),
(257, '15514', 'PAEZ', 14, NULL, NULL),
(258, '15660', 'SAN EDUARDO', 14, NULL, NULL),
(259, '15897', 'ZETAQUIRA', 14, NULL, NULL),
(260, '15104', 'BOYACA', 14, NULL, NULL),
(261, '15189', 'CIENEGA', 14, NULL, NULL),
(262, '15367', 'JENESANO', 14, NULL, NULL),
(263, '15494', 'NUEVO COLIN', 14, NULL, NULL),
(264, '15599', 'RAMIRIQUI', 14, NULL, NULL),
(265, '15621', 'RONDIN', 14, NULL, NULL),
(266, '15804', 'TIBANA', 14, NULL, NULL),
(267, '15835', 'TURMEQUE', 14, NULL, NULL),
(268, '15842', 'UMBITA', 14, NULL, NULL),
(269, '15879', 'VIRACACHA', 14, NULL, NULL),
(270, '15172', 'CHINAVITA', 14, NULL, NULL),
(271, '15299', 'GARAGOA', 14, NULL, NULL),
(272, '15425', 'MACANAL', 14, NULL, NULL),
(273, '15511', 'PACHAVITA', 14, NULL, NULL),
(274, '15667', 'SAN LUIS DE GACENO', 14, NULL, NULL),
(275, '15690', 'SANTA MARIA', 14, NULL, NULL),
(276, '15097', 'BOAVITA', 14, NULL, NULL),
(277, '15218', 'COVARACHIA', 14, NULL, NULL),
(278, '15403', 'LA UVITA', 14, NULL, NULL),
(279, '15673', 'SAN MATEO', 14, NULL, NULL),
(280, '15720', 'SATIVANORTE', 14, NULL, NULL),
(281, '15723', 'SATIVASUR', 14, NULL, NULL),
(282, '15753', 'SOATA', 14, NULL, NULL),
(283, '15774', 'SUSACIN', 14, NULL, NULL),
(284, '15810', 'TIPACOQUE', 14, NULL, NULL),
(285, '15106', 'BRICENO', 14, NULL, NULL),
(286, '15109', 'BUENAVISTA', 14, NULL, NULL),
(287, '15131', 'CALDAS', 14, NULL, NULL),
(288, '15176', 'CHIQUINQUIRA', 14, NULL, NULL),
(289, '15212', 'COPER', 14, NULL, NULL),
(290, '15401', 'LA VICTORIA', 14, NULL, NULL),
(291, '15442', 'MARIPI', 14, NULL, NULL),
(292, '15480', 'MUZO', 14, NULL, NULL),
(293, '15507', 'OTANCHE', 14, NULL, NULL),
(294, '15531', 'PAUNA', 14, NULL, NULL),
(295, '15572', 'PUERTO BOYACA', 14, NULL, NULL),
(296, '15580', 'QUIPAMA', 14, NULL, NULL),
(297, '15632', 'SABOYA', 14, NULL, NULL),
(298, '15676', 'SAN MIGUEL DE SEMA', 14, NULL, NULL),
(299, '15681', 'SAN PABLO BORBUR', 14, NULL, NULL),
(300, '15832', 'TUNUNGUA', 14, NULL, NULL),
(301, '15022', 'ALMEIDA', 14, NULL, NULL),
(302, '15236', 'CHIVOR', 14, NULL, NULL),
(303, '15322', 'GUATEQUE', 14, NULL, NULL),
(304, '15325', 'GUAYATA', 14, NULL, NULL),
(305, '15380', 'LA CAPILLA', 14, NULL, NULL),
(306, '15761', 'SOMONDOCO', 14, NULL, NULL),
(307, '15778', 'SUTATENZA', 14, NULL, NULL),
(308, '15798', 'TENZA', 14, NULL, NULL),
(309, '15051', 'ARCABUCO', 14, NULL, NULL),
(310, '15185', 'CHITARAQUE', 14, NULL, NULL),
(311, '15293', 'GACHANTIVA', 14, NULL, NULL),
(312, '15469', 'MONIQUIRA', 14, NULL, NULL),
(313, '15600', 'RAQUIRA', 14, NULL, NULL),
(314, '15638', 'SACHICA', 14, NULL, NULL),
(315, '15664', 'SAN JOSE DE PARE', 14, NULL, NULL),
(316, '15696', 'SANTA SOFIA', 14, NULL, NULL),
(317, '15686', 'SANTANA', 14, NULL, NULL),
(318, '15776', 'SUTAMARCHAN', 14, NULL, NULL),
(319, '15808', 'TINJACA', 14, NULL, NULL),
(320, '15816', 'TOG?I', 14, NULL, NULL),
(321, '15407', 'VILLA DE LEYVA', 14, NULL, NULL),
(322, '15047', 'AQUITANIA', 14, NULL, NULL),
(323, '15226', 'CUITIVA', 14, NULL, NULL),
(324, '15272', 'FIRAVITOBA', 14, NULL, NULL),
(325, '15296', 'GAMEZA', 14, NULL, NULL),
(326, '15362', 'IZA', 14, NULL, NULL),
(327, '15464', 'MONGUA', 14, NULL, NULL),
(328, '15466', 'MONGUI', 14, NULL, NULL),
(329, '15491', 'NOBSA', 14, NULL, NULL),
(330, '15542', 'PESCA', 14, NULL, NULL),
(331, '15759', 'SOGAMOSO', 14, NULL, NULL),
(332, '15806', 'TIBASOSA', 14, NULL, NULL),
(333, '15820', 'TIPAGA', 14, NULL, NULL),
(334, '15822', 'TOTA', 14, NULL, NULL),
(335, '15087', 'BELEN', 14, NULL, NULL),
(336, '15114', 'BUSBANZA', 14, NULL, NULL),
(337, '15162', 'CERINZA', 14, NULL, NULL),
(338, '15215', 'CORRALES', 14, NULL, NULL),
(339, '15238', 'DUITAMA', 14, NULL, NULL),
(340, '15276', 'FLORESTA', 14, NULL, NULL),
(341, '15516', 'PAIPA', 14, NULL, NULL),
(342, '15693', 'SAN ROSA VITERBO', 14, NULL, NULL),
(343, '15839', 'TUTAZA', 14, NULL, NULL),
(344, '15092', 'BETEITIVA', 14, NULL, NULL),
(345, '15183', 'CHITA', 14, NULL, NULL),
(346, '15368', 'JERICI', 14, NULL, NULL),
(347, '15537', 'PAZ DE RIO', 14, NULL, NULL),
(348, '15757', 'SOCHA', 14, NULL, NULL),
(349, '15755', 'SOCOTA', 14, NULL, NULL),
(350, '15790', 'TASCO', 14, NULL, NULL),
(351, '17272', 'FILADELFIA', 15, NULL, NULL),
(352, '17388', 'LA MERCED', 15, NULL, NULL),
(353, '17442', 'MARMATO', 15, NULL, NULL),
(354, '17614', 'RIOSUCIO', 15, NULL, NULL),
(355, '17777', 'SUPIA', 15, NULL, NULL),
(356, '17433', 'MANZANARES', 15, NULL, NULL),
(357, '17444', 'MARQUETALIA', 15, NULL, NULL),
(358, '17446', 'MARULANDA', 15, NULL, NULL),
(359, '17541', 'PENSILVANIA', 15, NULL, NULL),
(360, '17042', 'ANSERMA', 15, NULL, NULL),
(361, '17088', 'BELALCAZAR', 15, NULL, NULL),
(362, '17616', 'RISARALDA', 15, NULL, NULL),
(363, '17665', 'SAN JOSE', 15, NULL, NULL),
(364, '17877', 'VITERBO', 15, NULL, NULL),
(365, '17174', 'CHINCHINA', 15, NULL, NULL),
(366, '17001', 'MANIZALES', 15, NULL, NULL),
(367, '17486', 'NEIRA', 15, NULL, NULL),
(368, '17524', 'PALESTINA', 15, NULL, NULL),
(369, '17873', 'VILLAMARiA', 15, NULL, NULL),
(370, '17013', 'AGUADAS', 15, NULL, NULL),
(371, '17050', 'ARANZAZU', 15, NULL, NULL),
(372, '17513', 'PACORA', 15, NULL, NULL),
(373, '17653', 'SALAMINA', 15, NULL, NULL),
(374, '17380', 'LA DORADA', 15, NULL, NULL),
(375, '17495', 'NORCASIA', 15, NULL, NULL),
(376, '17662', 'SAMANA', 15, NULL, NULL),
(377, '17867', 'VICTORIA', 15, NULL, NULL),
(378, '18029', 'ALBANIA', 16, NULL, NULL),
(379, '18094', 'BELEN DE LOS ANDAQUIES', 16, NULL, NULL),
(380, '18150', 'CARTAGENA DEL CHAIRA', 16, NULL, NULL),
(381, '18205', 'CURRILLO', 16, NULL, NULL),
(382, '18247', 'EL DONCELLO', 16, NULL, NULL),
(383, '18256', 'EL PAUJIL', 16, NULL, NULL),
(384, '18001', 'FLORENCIA', 16, NULL, NULL),
(385, '18410', 'LA MONTANITA', 16, NULL, NULL),
(386, '18460', 'MILAN', 16, NULL, NULL),
(387, '18479', 'MORELIA', 16, NULL, NULL),
(388, '18592', 'PUERTO RICO', 16, NULL, NULL),
(389, '18610', 'SAN JOSE DEL FRAGUA', 16, NULL, NULL),
(390, '18753', 'SAN VICENTE DEL CAGUAN', 16, NULL, NULL),
(391, '18756', 'SOLANO', 16, NULL, NULL),
(392, '18785', 'SOLITA', 16, NULL, NULL),
(393, '18860', 'VALPARAISO', 16, NULL, NULL),
(394, '85010', 'AGUAZUL', 17, NULL, NULL),
(395, '85015', 'CHAMEZA', 17, NULL, NULL),
(396, '85125', 'HATO COROZAL', 17, NULL, NULL),
(397, '85136', 'LA SALINA', 17, NULL, NULL),
(398, '85139', 'MANI', 17, NULL, NULL),
(399, '85162', 'MONTERREY', 17, NULL, NULL),
(400, '85225', 'NUNCHIA', 17, NULL, NULL),
(401, '85230', 'OROCUE', 17, NULL, NULL),
(402, '85250', 'PAZ DE ARIPORO', 17, NULL, NULL),
(403, '85263', 'PORE', 17, NULL, NULL),
(404, '85279', 'RECETOR', 17, NULL, NULL),
(405, '85300', 'SABANALARGA', 17, NULL, NULL),
(406, '85315', 'SACAMA', 17, NULL, NULL),
(407, '85325', 'SAN LUIS DE PALENQUE', 17, NULL, NULL),
(408, '85400', 'TAMARA', 17, NULL, NULL),
(409, '85410', 'TAURAMENA', 17, NULL, NULL),
(410, '85430', 'TRINIDAD', 17, NULL, NULL),
(411, '85440', 'VILLANUEVA', 17, NULL, NULL),
(412, '85001', 'YOPAL', 17, NULL, NULL),
(413, '19130', 'CAJIBIO', 18, NULL, NULL),
(414, '19256', 'EL TAMBO', 18, NULL, NULL),
(415, '19392', 'LA SIERRA', 18, NULL, NULL),
(416, '19473', 'MORALES', 18, NULL, NULL),
(417, '19548', 'PIENDAMO', 18, NULL, NULL),
(418, '19001', 'POPAYAN', 18, NULL, NULL),
(419, '19622', 'ROSAS', 18, NULL, NULL),
(420, '19760', 'SOTARA', 18, NULL, NULL),
(421, '19807', 'TIMBIO', 18, NULL, NULL),
(422, '19110', 'BUENOS AIRES', 18, NULL, NULL),
(423, '19142', 'CALOTO', 18, NULL, NULL),
(424, '19212', 'CORINTO', 18, NULL, NULL),
(425, '19455', 'MIRANDA', 18, NULL, NULL),
(426, '19513', 'PADILLA', 18, NULL, NULL),
(427, '19573', 'PUERTO TEJADA', 18, NULL, NULL),
(428, '19698', 'SANTANDER DE QUILICHAO', 18, NULL, NULL),
(429, '19780', 'SUAREZ', 18, NULL, NULL),
(430, '19845', 'VILLA RICA', 18, NULL, NULL),
(431, '19318', 'GUAPI', 18, NULL, NULL),
(432, '19418', 'LOPEZ', 18, NULL, NULL),
(433, '19809', 'TIMBIQUI', 18, NULL, NULL),
(434, '19137', 'CALDONO', 18, NULL, NULL),
(435, '19355', 'INZA', 18, NULL, NULL),
(436, '19364', 'JAMBALO', 18, NULL, NULL),
(437, '19517', 'PAEZ', 18, NULL, NULL),
(438, '19585', 'PURACE', 18, NULL, NULL),
(439, '19743', 'SilviA', 18, NULL, NULL),
(440, '19821', 'TORIBIO', 18, NULL, NULL),
(441, '19824', 'TOTORO', 18, NULL, NULL),
(442, '19022', 'ALMAGUER', 18, NULL, NULL),
(443, '19050', 'ARGELIA', 18, NULL, NULL),
(444, '19075', 'BALBOA', 18, NULL, NULL),
(445, '19100', 'BOLIVAR', 18, NULL, NULL),
(446, '19290', 'FLORENCIA', 18, NULL, NULL),
(447, '19397', 'LA VEGA', 18, NULL, NULL),
(448, '19450', 'MERCADERES', 18, NULL, NULL),
(449, '19532', 'PATIA', 18, NULL, NULL),
(450, '19533', 'PIAMONTE', 18, NULL, NULL),
(451, '19693', 'SAN SEBASTIAN', 18, NULL, NULL),
(452, '19701', 'SANTA ROSA', 18, NULL, NULL),
(453, '19785', 'SUCRE', 18, NULL, NULL),
(454, '20045', 'BECERRIL', 19, NULL, NULL),
(455, '20175', 'CHIMICHAGUA', 19, NULL, NULL),
(456, '20178', 'CHIRIGUANA', 19, NULL, NULL),
(457, '20228', 'CURUMANI', 19, NULL, NULL),
(458, '20400', 'LA JAGUA DE IBIRICO', 19, NULL, NULL),
(459, '20517', 'PAILITAS', 19, NULL, NULL),
(460, '20787', 'TAMALAMEQUE', 19, NULL, NULL),
(461, '20032', 'ASTREA', 19, NULL, NULL),
(462, '20060', 'BOSCONIA', 19, NULL, NULL),
(463, '20238', 'EL COPEY', 19, NULL, NULL),
(464, '20250', 'EL PASO', 19, NULL, NULL),
(465, '20013', 'AGUSTIN CODAZZI', 19, NULL, NULL),
(466, '20621', 'LA PAZ', 19, NULL, NULL),
(467, '20443', 'MANAURE', 19, NULL, NULL),
(468, '20570', 'PUEBLO BELLO', 19, NULL, NULL),
(469, '20750', 'SAN DIEGO', 19, NULL, NULL),
(470, '20001', 'VALLEDUPAR', 19, NULL, NULL),
(471, '20011', 'AGUACHICA', 19, NULL, NULL),
(472, '20295', 'GAMARRA', 19, NULL, NULL),
(473, '20310', 'GONZALEZ', 19, NULL, NULL),
(474, '20383', 'LA GLORIA', 19, NULL, NULL),
(475, '20550', 'PELAYA', 19, NULL, NULL),
(476, '20614', 'RIO DE ORO', 19, NULL, NULL),
(477, '20710', 'SAN ALBERTO', 19, NULL, NULL),
(478, '20770', 'SAN MARTIN', 19, NULL, NULL),
(479, '27050', 'ATRATO', 20, NULL, NULL),
(480, '27073', 'BAGADI', 20, NULL, NULL),
(481, '27099', 'BOJAYA', 20, NULL, NULL),
(482, '27245', 'EL CARMEN DE ATRATO', 20, NULL, NULL),
(483, '27413', 'LLORI', 20, NULL, NULL),
(484, '27425', 'MEDIO ATRATO', 20, NULL, NULL),
(485, '27001', 'QUIBDI', 20, NULL, NULL),
(486, '27600', 'RIO QUITO', 20, NULL, NULL),
(487, '27006', 'ACANDI', 20, NULL, NULL),
(488, '27086', 'BELEN DE BAJIRA', 20, NULL, NULL),
(489, '27150', 'CARMEN DEL DARIEN', 20, NULL, NULL),
(490, '27615', 'RIOSUCIO', 20, NULL, NULL),
(491, '27800', 'UNGUIA', 20, NULL, NULL),
(492, '27075', 'BAHIA SOLANO', 20, NULL, NULL),
(493, '27372', 'JURADI', 20, NULL, NULL),
(494, '27495', 'NUQUI', 20, NULL, NULL),
(495, '27025', 'ALTO BAUDI', 20, NULL, NULL),
(496, '27077', 'BAJO BAUDI', 20, NULL, NULL),
(497, '27250', 'El LitorAl del SAn JuAn', 20, NULL, NULL),
(498, '27430', 'MEDIO BAUDI', 20, NULL, NULL),
(499, '27135', 'CANTON DE SAN PABLO', 20, NULL, NULL),
(500, '27160', 'CERTEGUI', 20, NULL, NULL),
(501, '27205', 'CONDOTO', 20, NULL, NULL),
(502, '27361', 'ITSMINA', 20, NULL, NULL),
(503, '27450', 'MEDIO SAN JUAN', 20, NULL, NULL),
(504, '27491', 'NIVITA', 20, NULL, NULL),
(505, '27580', 'RIO FRIO', 20, NULL, NULL),
(506, '27660', 'SAN JOSE DEL PALMAR', 20, NULL, NULL),
(507, '27745', 'SIPI', 20, NULL, NULL),
(508, '27787', 'TADI', 20, NULL, NULL),
(509, '27810', 'UNION PANAMERICANA', 20, NULL, NULL),
(510, '23807', 'TIERRALTA', 21, NULL, NULL),
(511, '23855', 'VALENCIA', 21, NULL, NULL),
(512, '23168', 'CHIMA', 21, NULL, NULL),
(513, '23300', 'COTORRA', 21, NULL, NULL),
(514, '23417', 'LORICA', 21, NULL, NULL),
(515, '23464', 'MOMIL', 21, NULL, NULL),
(516, '23586', 'PURISIMA', 21, NULL, NULL),
(517, '23001', 'MONTERIA', 21, NULL, NULL),
(518, '23090', 'CANALETE', 21, NULL, NULL),
(519, '23419', 'LOS CIRDOBAS', 21, NULL, NULL),
(520, '23500', 'MONITOS', 21, NULL, NULL),
(521, '23574', 'PUERTO ESCONDIDO', 21, NULL, NULL),
(522, '23672', 'SAN ANTERO', 21, NULL, NULL),
(523, '23675', 'SAN BERNARDO DEL VIENTO', 21, NULL, NULL),
(524, '23182', 'CHINO', 21, NULL, NULL),
(525, '23660', 'SAHAGON', 21, NULL, NULL),
(526, '23670', 'SAN ANDRES SOTAVENTO', 21, NULL, NULL),
(527, '23068', 'AYAPEL', 21, NULL, NULL),
(528, '23079', 'BUENAVISTA', 21, NULL, NULL),
(529, '23350', 'LA APARTADA', 21, NULL, NULL),
(530, '23466', 'MONTELIBANO', 21, NULL, NULL),
(531, '23555', 'PLANETA RICA', 21, NULL, NULL),
(532, '23570', 'PUEBLO NUEVO', 21, NULL, NULL),
(533, '23580', 'PUERTO LIBERTADOR', 21, NULL, NULL),
(534, '23162', 'CERETE', 21, NULL, NULL),
(535, '23189', 'CIENAGA DE ORO', 21, NULL, NULL),
(536, '23678', 'SAN CARLOS', 21, NULL, NULL),
(537, '23686', 'SAN PELAYO', 21, NULL, NULL),
(538, '25183', 'CHOCONTA', 22, NULL, NULL),
(539, '25426', 'MACHETA', 22, NULL, NULL),
(540, '25436', 'MANTA', 22, NULL, NULL),
(541, '25736', 'SESQUILE', 22, NULL, NULL),
(542, '25772', 'SUESCA', 22, NULL, NULL),
(543, '25807', 'TIBIRITA', 22, NULL, NULL),
(544, '25873', 'VILLAPINZIN', 22, NULL, NULL),
(545, '25001', 'AGUA DE DIOS', 22, NULL, NULL),
(546, '25307', 'GIRARDOT', 22, NULL, NULL),
(547, '25324', 'GUATAQUI', 22, NULL, NULL),
(548, '25368', 'JERUSALEN', 22, NULL, NULL),
(549, '25483', 'NARINO', 22, NULL, NULL),
(550, '25488', 'NILO', 22, NULL, NULL),
(551, '25612', 'RICAURTE', 22, NULL, NULL),
(552, '25815', 'TOCAIMA', 22, NULL, NULL),
(553, '25148', 'CAPARRAPI', 22, NULL, NULL),
(554, '25320', 'GUADUAS', 22, NULL, NULL),
(555, '25572', 'PUERTO SALGAR', 22, NULL, NULL),
(556, '25019', 'ALBAN', 22, NULL, NULL),
(557, '25398', 'LA PENA', 22, NULL, NULL),
(558, '25402', 'LA VEGA', 22, NULL, NULL),
(559, '25489', 'NIMAIMA', 22, NULL, NULL),
(560, '25491', 'NOCAIMA', 22, NULL, NULL),
(561, '25592', 'QUEBRADANEGRA', 22, NULL, NULL),
(562, '25658', 'SAN FRANCISCO', 22, NULL, NULL),
(563, '25718', 'SASAIMA', 22, NULL, NULL),
(564, '25777', 'SUPATA', 22, NULL, NULL),
(565, '25851', 'OTICA', 22, NULL, NULL),
(566, '25862', 'VERGARA', 22, NULL, NULL),
(567, '25875', 'VILLETA', 22, NULL, NULL),
(568, '25293', 'GACHALA', 22, NULL, NULL),
(569, '25297', 'GACHETA', 22, NULL, NULL),
(570, '25299', 'GAMA', 22, NULL, NULL),
(571, '25322', 'GUASCA', 22, NULL, NULL),
(572, '25326', 'GUATAVITA', 22, NULL, NULL),
(573, '25372', 'JUNIN', 22, NULL, NULL),
(574, '25377', 'LA CALERA', 22, NULL, NULL),
(575, '25839', 'UBALA', 22, NULL, NULL),
(576, '25086', 'BELTRAN', 22, NULL, NULL),
(577, '25095', 'BITUIMA', 22, NULL, NULL),
(578, '25168', 'CHAGUANI', 22, NULL, NULL),
(579, '25328', 'GUAYABAL DE SIQUIMA', 22, NULL, NULL),
(580, '25580', 'PULI', 22, NULL, NULL),
(581, '25662', 'SAN JUAN DE RIO SECO', 22, NULL, NULL),
(582, '25867', 'VIANI', 22, NULL, NULL),
(583, '25438', 'MEDINA', 22, NULL, NULL),
(584, '25530', 'PARATEBUENO', 22, NULL, NULL),
(585, '25151', 'CAQUEZA', 22, NULL, NULL),
(586, '25178', 'CHIPAQUE', 22, NULL, NULL),
(587, '25181', 'CHOACHI', 22, NULL, NULL),
(588, '25279', 'FOMEQUE', 22, NULL, NULL),
(589, '25281', 'FOSCA', 22, NULL, NULL),
(590, '25335', 'GUAYABETAL', 22, NULL, NULL),
(591, '25339', 'GUTIERREZ', 22, NULL, NULL),
(592, '25594', 'QUETAME', 22, NULL, NULL),
(593, '25841', 'UBAQUE', 22, NULL, NULL),
(594, '25845', 'UNE', 22, NULL, NULL),
(595, '25258', 'EL PENIN', 22, NULL, NULL),
(596, '25394', 'LA PALMA', 22, NULL, NULL),
(597, '25513', 'PACHO', 22, NULL, NULL),
(598, '25518', 'PAIME', 22, NULL, NULL),
(599, '25653', 'SAN CAYETANO', 22, NULL, NULL),
(600, '25823', 'TOPAIPI', 22, NULL, NULL),
(601, '25871', 'VILLAGOMEZ', 22, NULL, NULL),
(602, '25885', 'YACOPI', 22, NULL, NULL),
(603, '25126', 'CAJICA', 22, NULL, NULL),
(604, '25175', 'CHIA', 22, NULL, NULL),
(605, '25200', 'COGUA', 22, NULL, NULL),
(606, '25295', 'GACHANCIPA', 22, NULL, NULL),
(607, '25486', 'NEMOCoN', 22, NULL, NULL),
(608, '25758', 'SOPI', 22, NULL, NULL),
(609, '25785', 'TABIO', 22, NULL, NULL),
(610, '25817', 'TOCANCIPA', 22, NULL, NULL),
(611, '25899', 'ZIPAQUIRA', 22, NULL, NULL),
(612, '25099', 'BOJACA', 22, NULL, NULL),
(613, '25214', 'COTA', 22, NULL, NULL),
(614, '25260', 'EL ROSAL', 22, NULL, NULL),
(615, '25269', 'FACATATIVA', 22, NULL, NULL),
(616, '25286', 'FUNZA', 22, NULL, NULL),
(617, '25430', 'MADRID', 22, NULL, NULL),
(618, '25473', 'MOSQUERA', 22, NULL, NULL),
(619, '25769', 'SUBACHOQUE', 22, NULL, NULL),
(620, '25799', 'TENJO', 22, NULL, NULL),
(621, '25898', 'ZIPACoN', 22, NULL, NULL),
(622, '25740', 'SIBATE', 22, NULL, NULL),
(623, '25754', 'SOACHA', 22, NULL, NULL),
(624, '25053', 'ARBELAEZ', 22, NULL, NULL),
(625, '25120', 'CABRERA', 22, NULL, NULL),
(626, '25290', 'FUSAGASUGA', 22, NULL, NULL),
(627, '25312', 'GRANADA', 22, NULL, NULL),
(628, '25524', 'PANDI', 22, NULL, NULL),
(629, '25535', 'PASCA', 22, NULL, NULL),
(630, '25649', 'SAN BERNARDO', 22, NULL, NULL),
(631, '25743', 'SILVANIA', 22, NULL, NULL),
(632, '25805', 'TIBACUY', 22, NULL, NULL),
(633, '25506', 'VENECIA', 22, NULL, NULL),
(634, '25035', 'ANAPOIMA', 22, NULL, NULL),
(635, '25040', 'ANOLAIMA', 22, NULL, NULL),
(636, '25599', 'APULO', 22, NULL, NULL),
(637, '25123', 'CACHIPAY', 22, NULL, NULL),
(638, '25245', 'EL COLEGIO', 22, NULL, NULL),
(639, '25386', 'LA MESA', 22, NULL, NULL),
(640, '25596', 'QUIPILE', 22, NULL, NULL),
(641, '25645', 'SAN ANTONIO DE TEQUENDAMA', 22, NULL, NULL),
(642, '25797', 'TENA', 22, NULL, NULL),
(643, '25878', 'VIOTA', 22, NULL, NULL),
(644, '25154', 'CARMEN DE CARUPA', 22, NULL, NULL),
(645, '25224', 'CUCUNUBA', 22, NULL, NULL),
(646, '25288', 'FOQUENE', 22, NULL, NULL),
(647, '25317', 'GUACHETA', 22, NULL, NULL),
(648, '25407', 'LENGUAZAQUE', 22, NULL, NULL),
(649, '25745', 'SIMIJACA', 22, NULL, NULL),
(650, '25779', 'SUSA', 22, NULL, NULL),
(651, '25781', 'SUTATAUSA', 22, NULL, NULL),
(652, '25793', 'TAUSA', 22, NULL, NULL),
(653, '25843', 'UBATE', 22, NULL, NULL),
(654, '94343', 'BARRANCO MINA', 23, NULL, NULL),
(655, '94886', 'CACAHUAL', 23, NULL, NULL),
(656, '94001', 'INIRIDA', 23, NULL, NULL),
(657, '94885', 'LA GUADALUPE', 23, NULL, NULL),
(658, '94663', 'MAPIRIPAN', 23, NULL, NULL),
(659, '94888', 'MORICHAL', 23, NULL, NULL),
(660, '94887', 'PANA PANA', 23, NULL, NULL),
(661, '94884', 'PUERTO COLOMBIA', 23, NULL, NULL),
(662, '94883', 'SAN FELIPE', 23, NULL, NULL),
(663, '95015', 'CALAMAR', 24, NULL, NULL),
(664, '95025', 'EL RETORNO', 24, NULL, NULL),
(665, '95200', 'MIRAFLORES', 24, NULL, NULL),
(666, '95001', 'SAN JOSE DEL GUAVIARE', 24, NULL, NULL),
(667, '41013', 'AGRADO', 25, NULL, NULL),
(668, '41026', 'ALTAMIRA', 25, NULL, NULL),
(669, '41298', 'GARZIN', 25, NULL, NULL),
(670, '41306', 'GIGANTE', 25, NULL, NULL),
(671, '41319', 'GUADALUPE', 25, NULL, NULL),
(672, '41548', 'PITAL', 25, NULL, NULL),
(673, '41770', 'SUAZA', 25, NULL, NULL),
(674, '41791', 'TARQUI', 25, NULL, NULL),
(675, '41016', 'AIPE', 25, NULL, NULL),
(676, '41020', 'ALGECIRAS', 25, NULL, NULL),
(677, '41078', 'BARAYA', 25, NULL, NULL),
(678, '41132', 'CAMPOALEGRE', 25, NULL, NULL),
(679, '41206', 'COLOMBIA', 25, NULL, NULL),
(680, '41349', 'HOBO', 25, NULL, NULL),
(681, '41357', 'IQUIRA', 25, NULL, NULL),
(682, '41001', 'NEIVA', 25, NULL, NULL),
(683, '41524', 'PALERMO', 25, NULL, NULL),
(684, '41615', 'RIVERA', 25, NULL, NULL),
(685, '41676', 'SANTA MARIA', 25, NULL, NULL),
(686, '41799', 'TELLO', 25, NULL, NULL),
(687, '41801', 'TERUEL', 25, NULL, NULL),
(688, '41872', 'VILLAVIEJA', 25, NULL, NULL),
(689, '41885', 'YAGUARA', 25, NULL, NULL),
(690, '41378', 'LA ARGENTINA', 25, NULL, NULL),
(691, '41396', 'LA PLATA', 25, NULL, NULL),
(692, '41483', 'NATAGA', 25, NULL, NULL),
(693, '41518', 'PAICOL', 25, NULL, NULL),
(694, '41797', 'TESALIA', 25, NULL, NULL),
(695, '41006', 'ACEVEDO', 25, NULL, NULL),
(696, '41244', 'ELIAS', 25, NULL, NULL),
(697, '41359', 'ISNOS', 25, NULL, NULL),
(698, '41503', 'OPORAPA', 25, NULL, NULL),
(699, '41530', 'PALESTINA', 25, NULL, NULL),
(700, '41551', 'PITALITO', 25, NULL, NULL),
(701, '41660', 'SALADOBLANCO', 25, NULL, NULL),
(702, '41668', 'SAN AGUSTIN', 25, NULL, NULL),
(703, '41807', 'TIMANA', 25, NULL, NULL),
(704, '44035', 'ALBANIA', 26, NULL, NULL),
(705, '44090', 'DIBULLA', 26, NULL, NULL),
(706, '44430', 'MAICAO', 26, NULL, NULL),
(707, '44560', 'MANAURE', 26, NULL, NULL),
(708, '44001', 'RIOHACHA', 26, NULL, NULL),
(709, '44847', 'URIBIA', 26, NULL, NULL),
(710, '44078', 'BARRANCAS', 26, NULL, NULL),
(711, '44098', 'DISTRACCION', 26, NULL, NULL),
(712, '44110', 'EL MOLINO', 26, NULL, NULL),
(713, '44279', 'FONSECA', 26, NULL, NULL),
(714, '44378', 'HATONUEVO', 26, NULL, NULL),
(715, '44420', 'LA JAGUA DEL PILAR', 26, NULL, NULL),
(716, '44650', 'SAN JUAN DEL CESAR', 26, NULL, NULL),
(717, '44855', 'URUMITA', 26, NULL, NULL),
(718, '44874', 'VILLANUEVA', 26, NULL, NULL),
(719, '47058', 'ARIGUANI', 27, NULL, NULL),
(720, '47170', 'CHIBOLO', 27, NULL, NULL),
(721, '47460', 'NUEVA GRANADA', 27, NULL, NULL),
(722, '47555', 'PLATO', 27, NULL, NULL),
(723, '47660', 'SABANAS DE SAN ANGEL', 27, NULL, NULL),
(724, '47798', 'TENERIFE', 27, NULL, NULL),
(725, '47030', 'ALGARROBO', 27, NULL, NULL),
(726, '47053', 'ARACATACA', 27, NULL, NULL),
(727, '47189', 'CIENAGA', 27, NULL, NULL),
(728, '47268', 'EL RETEN', 27, NULL, NULL),
(729, '47288', 'FUNDACION', 27, NULL, NULL),
(730, '47570', 'PUEBLO VIEJO', 27, NULL, NULL),
(731, '47980', 'ZONA BANANERA', 27, NULL, NULL),
(732, '47161', 'CERRO SAN ANTONIO', 27, NULL, NULL),
(733, '47205', 'CONCORDIA', 27, NULL, NULL),
(734, '47258', 'EL PINON', 27, NULL, NULL),
(735, '47541', 'PEDRAZA', 27, NULL, NULL),
(736, '47551', 'PIVIJAY', 27, NULL, NULL),
(737, '47605', 'REMOLINO', 27, NULL, NULL),
(738, '47675', 'SALAMINA', 27, NULL, NULL),
(739, '47745', 'SITIONUEVO', 27, NULL, NULL),
(740, '47960', 'ZAPAYAN', 27, NULL, NULL),
(741, '47001', 'SANTA MARTA', 27, NULL, NULL),
(742, '47245', 'EL BANCO', 27, NULL, NULL),
(743, '47318', 'GUAMAL', 27, NULL, NULL),
(744, '47545', 'PIJINO DEL CARMEN', 27, NULL, NULL),
(745, '47692', 'SAN SEBASTIAN DE BUENAVISTA', 27, NULL, NULL),
(746, '47703', 'SAN ZENON', 27, NULL, NULL),
(747, '47707', 'SANTA ANA', 27, NULL, NULL),
(748, '47720', 'SANTA BARBARA DE PINTO', 27, NULL, NULL),
(749, '50251', 'EL CASTILLO', 28, NULL, NULL),
(750, '50270', 'EL DORADO', 28, NULL, NULL),
(751, '50287', 'FUENTE DE ORO', 28, NULL, NULL),
(752, '50313', 'GRANADA', 28, NULL, NULL),
(753, '50350', 'LA MACARENA', 28, NULL, NULL),
(754, '50370', 'LA URIBE', 28, NULL, NULL),
(755, '50400', 'LEJANIAS', 28, NULL, NULL),
(756, '50325', 'MAPIRIPAN', 28, NULL, NULL),
(757, '50330', 'MESETAS', 28, NULL, NULL),
(758, '50450', 'PUERTO CONCORDIA', 28, NULL, NULL),
(759, '50577', 'PUERTO LLERAS', 28, NULL, NULL),
(760, '50590', 'PUERTO RICO', 28, NULL, NULL),
(761, '50683', 'SAN JUAN DE ARAMA', 28, NULL, NULL),
(762, '50711', 'VISTA HERMOSA', 28, NULL, NULL),
(763, '50001', 'VILLAVICENCIO', 28, NULL, NULL),
(764, '50006', 'ACACiAS', 28, NULL, NULL),
(765, '50110', 'BARRANCA DE UPIA', 28, NULL, NULL),
(766, '50150', 'CASTILLA LA NUEVA', 28, NULL, NULL),
(767, '50226', 'CUMARAL', 28, NULL, NULL),
(768, '50245', 'EL CALVARIO', 28, NULL, NULL),
(769, '50318', 'GUAMAL', 28, NULL, NULL),
(770, '50606', 'RESTREPO', 28, NULL, NULL),
(771, '50680', 'SAN CARLOS GUAROA', 28, NULL, NULL),
(772, '50686', 'SAN JUANITO', 28, NULL, NULL),
(773, '50223', 'SAN LUIS DE CUBARRAL', 28, NULL, NULL),
(774, '50689', 'SAN MARTIN', 28, NULL, NULL),
(775, '50124', 'CABUYARO', 28, NULL, NULL),
(776, '50568', 'PUERTO GAITAN', 28, NULL, NULL),
(777, '50573', 'PUERTO LoPEZ', 28, NULL, NULL),
(778, '52240', 'CHACHAGUI', 29, NULL, NULL),
(779, '52207', 'CONSACA', 29, NULL, NULL),
(780, '52254', 'EL PENOL', 29, NULL, NULL),
(781, '52260', 'EL TAMBO', 29, NULL, NULL),
(782, '52381', 'LA FLORIDA', 29, NULL, NULL),
(783, '52480', 'NARINO', 29, NULL, NULL),
(784, '52001', 'PASTO', 29, NULL, NULL),
(785, '52683', 'SANDONA', 29, NULL, NULL),
(786, '52788', 'TANGUA', 29, NULL, NULL),
(787, '52885', 'YACUANQUER', 29, NULL, NULL),
(788, '52036', 'ANCUYA', 29, NULL, NULL),
(789, '52320', 'GUAITARILLA', 29, NULL, NULL),
(790, '52385', 'LA LLANADA', 29, NULL, NULL),
(791, '52411', 'LINARES', 29, NULL, NULL),
(792, '52418', 'LOS ANDES', 29, NULL, NULL),
(793, '52435', 'MALLAMA', 29, NULL, NULL),
(794, '52506', 'OSPINA', 29, NULL, NULL),
(795, '52565', 'PROVIDENCIA', 29, NULL, NULL),
(796, '52612', 'RICAURTE', 29, NULL, NULL),
(797, '52678', 'SAMANIEGO', 29, NULL, NULL),
(798, '52699', 'SANTA CRUZ', 29, NULL, NULL),
(799, '52720', 'SAPUYES', 29, NULL, NULL),
(800, '52838', 'TUQUERRES', 29, NULL, NULL),
(801, '52079', 'BARBACOAS', 29, NULL, NULL),
(802, '52250', 'EL CHARCO', 29, NULL, NULL),
(803, '52520', 'FRANCISCO PIZARRO', 29, NULL, NULL),
(804, '52390', 'LA TOLA', 29, NULL, NULL),
(805, '52427', 'MAgui', 29, NULL, NULL),
(806, '52473', 'MOSQUERA', 29, NULL, NULL),
(807, '52490', 'OLAYA HERRERA', 29, NULL, NULL),
(808, '52621', 'ROBERTO PAYAN', 29, NULL, NULL),
(809, '52696', 'SANTA BARBARA', 29, NULL, NULL),
(810, '52835', 'TUMACO', 29, NULL, NULL),
(811, '52019', 'ALBAN', 29, NULL, NULL),
(812, '52051', 'ARBOLEDA', 29, NULL, NULL),
(813, '52083', 'BELEN', 29, NULL, NULL),
(814, '52110', 'BUESACO', 29, NULL, NULL),
(815, '52203', 'COLON', 29, NULL, NULL),
(816, '52233', 'CUMBITARA', 29, NULL, NULL),
(817, '52256', 'EL ROSARIO', 29, NULL, NULL),
(818, '52258', 'El TAblon de Gomez', 29, NULL, NULL),
(819, '52378', 'LA CRUZ', 29, NULL, NULL),
(820, '52399', 'LA UNION', 29, NULL, NULL),
(821, '52405', 'LEIVA', 29, NULL, NULL),
(822, '52540', 'POLICARPA', 29, NULL, NULL),
(823, '52685', 'SAN BERNARDO', 29, NULL, NULL),
(824, '52687', 'SAN LORENZO', 29, NULL, NULL),
(825, '52693', 'SAN PABLO', 29, NULL, NULL),
(826, '52694', 'SAN PEDRO DE CARTAGO', 29, NULL, NULL),
(827, '52786', 'TAMINANGO', 29, NULL, NULL),
(828, '52022', 'ALDANA', 29, NULL, NULL),
(829, '52210', 'CONTADERO', 29, NULL, NULL),
(830, '52215', 'CIRDOBA', 29, NULL, NULL),
(831, '52224', 'CUASPUD', 29, NULL, NULL),
(832, '52227', 'CUMBAL', 29, NULL, NULL),
(833, '52287', 'FUNES', 29, NULL, NULL),
(834, '52317', 'GUACHUCAL', 29, NULL, NULL),
(835, '52323', 'GUALMATAN', 29, NULL, NULL),
(836, '52352', 'ILES', 29, NULL, NULL),
(837, '52354', 'IMUES', 29, NULL, NULL),
(838, '52356', 'IPIALES', 29, NULL, NULL),
(839, '52560', 'POTOSI', 29, NULL, NULL),
(840, '52573', 'PUERRES', 29, NULL, NULL),
(841, '52585', 'PUPIALES', 29, NULL, NULL),
(842, '54051', 'ARBOLEDAS', 30, NULL, NULL),
(843, '54223', 'CUCUTILLA', 30, NULL, NULL),
(844, '54313', 'GRAMALOTE', 30, NULL, NULL),
(845, '54418', 'LOURDES', 30, NULL, NULL),
(846, '54660', 'SALAZAR', 30, NULL, NULL),
(847, '54680', 'SANTIAGO', 30, NULL, NULL),
(848, '54871', 'VILLA CARO', 30, NULL, NULL),
(849, '54109', 'BUCARASICA', 30, NULL, NULL),
(850, '54250', 'EL TARRA', 30, NULL, NULL),
(851, '54720', 'SARDINATA', 30, NULL, NULL),
(852, '54810', 'TIBO', 30, NULL, NULL),
(853, '54003', 'ABREGO', 30, NULL, NULL),
(854, '54128', 'CACHIRA', 30, NULL, NULL),
(855, '54206', 'CONVENCIIN', 30, NULL, NULL),
(856, '54245', 'EL CARMEN', 30, NULL, NULL),
(857, '54344', 'HACARI', 30, NULL, NULL),
(858, '54385', 'LA ESPERANZA', 30, NULL, NULL),
(859, '54398', 'LA PLAYA', 30, NULL, NULL),
(860, '54498', 'OCANA', 30, NULL, NULL),
(861, '54670', 'SAN CALIXTO', 30, NULL, NULL),
(862, '54800', 'TEORAMA', 30, NULL, NULL),
(863, '54001', 'COCUTA', 30, NULL, NULL),
(864, '54261', 'EL ZULIA', 30, NULL, NULL),
(865, '54405', 'LOS PATIOS', 30, NULL, NULL),
(866, '54553', 'PUERTO SANTANDER', 30, NULL, NULL),
(867, '54673', 'SAN CAYETANO', 30, NULL, NULL),
(868, '54874', 'VILLA DEL ROSARIO', 30, NULL, NULL),
(869, '54125', 'CACOTA', 30, NULL, NULL),
(870, '54174', 'CHITAGA', 30, NULL, NULL),
(871, '54480', 'MUTISCUA', 30, NULL, NULL),
(872, '54518', 'PAMPLONA', 30, NULL, NULL),
(873, '54520', 'PAMPLONITA', 30, NULL, NULL),
(874, '54743', 'SILOS', 30, NULL, NULL),
(875, '54099', 'BOCHALEMA', 30, NULL, NULL),
(876, '54172', 'CHINACOTA', 30, NULL, NULL),
(877, '54239', 'DURANIA', 30, NULL, NULL),
(878, '54347', 'HERRAN', 30, NULL, NULL),
(879, '54377', 'LABATECA', 30, NULL, NULL),
(880, '54599', 'RAGONVALIA', 30, NULL, NULL),
(881, '54820', 'TOLEDO', 30, NULL, NULL),
(882, '86219', 'COLIN', 31, NULL, NULL),
(883, '86001', 'MOCOA', 31, NULL, NULL),
(884, '86320', 'ORITO', 31, NULL, NULL),
(885, '86568', 'PUERTO ASIS', 31, NULL, NULL),
(886, '86569', 'PUERTO CAICEDO', 31, NULL, NULL),
(887, '86571', 'PUERTO GUZMAN', 31, NULL, NULL),
(888, '86573', 'PUERTO LEGUIZAMO', 31, NULL, NULL),
(889, '86755', 'SAN FRANCISCO', 31, NULL, NULL),
(890, '86757', 'SAN MIGUEL', 31, NULL, NULL),
(891, '86760', 'SANTIAGO', 31, NULL, NULL),
(892, '86749', 'SIBUNDOY', 31, NULL, NULL),
(893, '86865', 'VALLE DEL GUAMUEZ', 31, NULL, NULL),
(894, '86885', 'VILLA GARZON', 31, NULL, NULL),
(895, '63001', 'ARMENIA', 32, NULL, NULL),
(896, '63111', 'BUENAVISTA', 32, NULL, NULL),
(897, '63130', 'CALARCA', 32, NULL, NULL),
(898, '63212', 'CoRDOBA', 32, NULL, NULL),
(899, '63302', 'GeNOVA', 32, NULL, NULL),
(900, '63548', 'PIJAO', 32, NULL, NULL),
(901, '63272', 'FILANDIA', 32, NULL, NULL),
(902, '63690', 'SALENTO', 32, NULL, NULL),
(903, '63190', 'CIRCASIA', 32, NULL, NULL),
(904, '63401', 'LA TEBAIDA', 32, NULL, NULL),
(905, '63470', 'Montengro', 32, NULL, NULL),
(906, '63594', 'QUIMBAYA', 32, NULL, NULL),
(907, '66170', 'DOSQUEBRADAS', 33, NULL, NULL),
(908, '66400', 'LA VIRGINIA', 33, NULL, NULL),
(909, '66440', 'MARSELLA', 33, NULL, NULL),
(910, '66001', 'PEREIRA', 33, NULL, NULL),
(911, '66682', 'SANTA ROSA DE CABAL', 33, NULL, NULL),
(912, '66045', 'APIA', 33, NULL, NULL),
(913, '66075', 'BALBOA', 33, NULL, NULL),
(914, '66088', 'BELEN DE UMBRIA', 33, NULL, NULL),
(915, '66318', 'GUATICA', 33, NULL, NULL),
(916, '66383', 'LA CELIA', 33, NULL, NULL),
(917, '66594', 'QUINCHiA', 33, NULL, NULL),
(918, '66687', 'SANTUARIO', 33, NULL, NULL),
(919, '66456', 'MISTRATI', 33, NULL, NULL),
(920, '66572', 'PUEBLO RICO', 33, NULL, NULL),
(921, '68176', 'CHIMA', 34, NULL, NULL),
(922, '68209', 'CONFINES', 34, NULL, NULL),
(923, '68211', 'CONTRATACIIN', 34, NULL, NULL),
(924, '68245', 'EL GUACAMAYO', 34, NULL, NULL),
(925, '68296', 'GALAN', 34, NULL, NULL),
(926, '68298', 'GAMBITA', 34, NULL, NULL),
(927, '68320', 'GUADALUPE', 34, NULL, NULL),
(928, '68322', 'GUAPOTA', 34, NULL, NULL),
(929, '68344', 'HATO', 34, NULL, NULL),
(930, '68500', 'OIBA', 34, NULL, NULL),
(931, '68522', 'PALMAR', 34, NULL, NULL),
(932, '68524', 'PALMAS DEL SOCORRO', 34, NULL, NULL),
(933, '68720', 'SANTA HELENA DEL OPIN', 34, NULL, NULL),
(934, '68745', 'SIMACOTA', 34, NULL, NULL),
(935, '68755', 'SOCORRO', 34, NULL, NULL),
(936, '68770', 'SUAITA', 34, NULL, NULL),
(937, '68147', 'CAPITANEJO', 34, NULL, NULL),
(938, '68152', 'CARCASI', 34, NULL, NULL),
(939, '68160', 'CEPITA', 34, NULL, NULL),
(940, '68162', 'CERRITO', 34, NULL, NULL),
(941, '68207', 'CONCEPCIIN', 34, NULL, NULL),
(942, '68266', 'ENCISO', 34, NULL, NULL),
(943, '68318', 'GUACA', 34, NULL, NULL),
(944, '68425', 'MACARAVITA', 34, NULL, NULL),
(945, '68432', 'MALAGA', 34, NULL, NULL),
(946, '68468', 'MOLAGAVITA', 34, NULL, NULL),
(947, '68669', 'SAN ANDRES', 34, NULL, NULL),
(948, '68684', 'SAN JOSE DE MIRANDA', 34, NULL, NULL),
(949, '68686', 'SAN MIGUEL', 34, NULL, NULL),
(950, '68051', 'ARATOCA', 34, NULL, NULL),
(951, '68079', 'BARICHARA', 34, NULL, NULL),
(952, '68121', 'CABRERA', 34, NULL, NULL),
(953, '68167', 'CHARALA', 34, NULL, NULL),
(954, '68217', 'COROMORO', 34, NULL, NULL),
(955, '68229', 'CURITI', 34, NULL, NULL),
(956, '68264', 'ENCINO', 34, NULL, NULL),
(957, '68370', 'JORDAN', 34, NULL, NULL),
(958, '68464', 'MOGOTES', 34, NULL, NULL),
(959, '68498', 'OCAMONTE', 34, NULL, NULL),
(960, '68502', 'ONZAGA', 34, NULL, NULL),
(961, '68533', 'PARAMO', 34, NULL, NULL),
(962, '68549', 'PINCHOTE', 34, NULL, NULL),
(963, '68679', 'SAN GIL', 34, NULL, NULL),
(964, '68682', 'SAN JOAQUIN', 34, NULL, NULL),
(965, '68855', 'VALLE DE SAN JOSE', 34, NULL, NULL),
(966, '68872', 'VILLANUEVA', 34, NULL, NULL),
(967, '68081', 'BARRANCABERMEJA', 34, NULL, NULL),
(968, '68092', 'BETULIA', 34, NULL, NULL),
(969, '68235', 'EL CARMEN DE CHUCURI', 34, NULL, NULL),
(970, '68575', 'PUERTO WILCHES', 34, NULL, NULL),
(971, '68655', 'SABANA DE TORRES', 34, NULL, NULL),
(972, '68689', 'SAN VICENTE DE CHUCURI', 34, NULL, NULL),
(973, '68895', 'ZAPATOCA', 34, NULL, NULL),
(974, '68001', 'BUCARAMANGA', 34, NULL, NULL),
(975, '68132', 'CALIFORNIA', 34, NULL, NULL),
(976, '68169', 'CHARTA', 34, NULL, NULL),
(977, '68255', 'EL PLAYIN', 34, NULL, NULL),
(978, '68276', 'FLORIDABLANCA', 34, NULL, NULL),
(979, '68307', 'GIRIN', 34, NULL, NULL),
(980, '68406', 'LEBRIJA', 34, NULL, NULL),
(981, '68418', 'LOS SANTOS', 34, NULL, NULL),
(982, '68444', 'MATANZA', 34, NULL, NULL),
(983, '68547', 'PIEDECUESTA', 34, NULL, NULL),
(984, '68615', 'RIONEGRO', 34, NULL, NULL),
(985, '68705', 'SANTA BARBARA', 34, NULL, NULL),
(986, '68780', 'SURATA', 34, NULL, NULL),
(987, '68820', 'TONA', 34, NULL, NULL),
(988, '68867', 'VETAS', 34, NULL, NULL),
(989, '68013', 'AGUADA', 34, NULL, NULL),
(990, '68020', 'ALBANIA', 34, NULL, NULL),
(991, '68077', 'BARBOSA', 34, NULL, NULL),
(992, '68101', 'BOLIVAR', 34, NULL, NULL),
(993, '68179', 'CHIPATA', 34, NULL, NULL),
(994, '68190', 'CIMITARRA', 34, NULL, NULL),
(995, '68250', 'EL PENIN', 34, NULL, NULL),
(996, '68271', 'FLORIAN', 34, NULL, NULL),
(997, '68324', 'GUAVATA', 34, NULL, NULL),
(998, '68327', 'GuEPSA', 34, NULL, NULL),
(999, '68368', 'JESOS MARIA', 34, NULL, NULL),
(1000, '68377', 'LA BELLEZA', 34, NULL, NULL),
(1001, '68397', 'LA PAZ', 34, NULL, NULL),
(1002, '68385', 'LANDAZURI', 34, NULL, NULL),
(1003, '68572', 'PUENTE NACIONAL', 34, NULL, NULL),
(1004, '68573', 'PUERTO PARRA', 34, NULL, NULL),
(1005, '68673', 'SAN BENITO', 34, NULL, NULL),
(1006, '68773', 'SUCRE', 34, NULL, NULL),
(1007, '68861', 'VELEZ', 34, NULL, NULL),
(1008, '70265', 'GUARANDA', 35, NULL, NULL),
(1009, '70429', 'MAJAGUAL', 35, NULL, NULL),
(1010, '70771', 'SUCRE', 35, NULL, NULL),
(1011, '70230', 'CHALAN', 35, NULL, NULL),
(1012, '70204', 'COLOSO', 35, NULL, NULL),
(1013, '70473', 'MORROA', 35, NULL, NULL),
(1014, '70508', 'OVEJAS', 35, NULL, NULL),
(1015, '70001', 'SINCELEJO', 35, NULL, NULL),
(1016, '70221', 'COVENAS', 35, NULL, NULL),
(1017, '70523', 'PALMITO', 35, NULL, NULL),
(1018, '70713', 'SAN ONOFRE', 35, NULL, NULL),
(1019, '70820', 'SANTIAGO DE TOLO', 35, NULL, NULL),
(1020, '70823', 'TOLO VIEJO', 35, NULL, NULL),
(1021, '70110', 'BUENAVISTA', 35, NULL, NULL),
(1022, '70215', 'COROZAL', 35, NULL, NULL),
(1023, '70233', 'EL ROBLE', 35, NULL, NULL),
(1024, '70235', 'GALERAS', 35, NULL, NULL),
(1025, '70418', 'LOS PALMITOS', 35, NULL, NULL),
(1026, '70670', 'SAMPUES', 35, NULL, NULL),
(1027, '70702', 'SAN JUAN BETULIA', 35, NULL, NULL),
(1028, '70717', 'SAN PEDRO', 35, NULL, NULL),
(1029, '70742', 'SINCE', 35, NULL, NULL),
(1030, '70124', 'CAIMITO', 35, NULL, NULL),
(1031, '70400', 'LA UNIIN', 35, NULL, NULL),
(1032, '70678', 'SAN BENITO ABAD', 35, NULL, NULL),
(1033, '70708', 'SAN MARCOS', 35, NULL, NULL),
(1034, '73030', 'AMBALEMA', 36, NULL, NULL),
(1035, '73055', 'ARMERO', 36, NULL, NULL),
(1036, '73270', 'FALAN', 36, NULL, NULL),
(1037, '73283', 'FRESNO', 36, NULL, NULL),
(1038, '73349', 'HONDA', 36, NULL, NULL),
(1039, '73443', 'MARIQUITA', 36, NULL, NULL),
(1040, '73520', 'PALOCABILDO', 36, NULL, NULL),
(1041, '73148', 'CARMEN DE APICALA', 36, NULL, NULL),
(1042, '73226', 'CUNDAY', 36, NULL, NULL),
(1043, '73352', 'ICONONZO', 36, NULL, NULL),
(1044, '73449', 'MELGAR', 36, NULL, NULL),
(1045, '73873', 'VILLARRICA', 36, NULL, NULL),
(1046, '73067', 'ATACO', 36, NULL, NULL),
(1047, '73168', 'CHAPARRAL', 36, NULL, NULL),
(1048, '73217', 'COYAIMA', 36, NULL, NULL),
(1049, '73483', 'NATAGAIMA', 36, NULL, NULL),
(1050, '73504', 'ORTEGA', 36, NULL, NULL),
(1051, '73555', 'PLANADAS', 36, NULL, NULL),
(1052, '73616', 'RIOBLANCO', 36, NULL, NULL),
(1053, '73622', 'RONCESVALLES', 36, NULL, NULL),
(1054, '73675', 'SAN ANTONIO', 36, NULL, NULL),
(1055, '73026', 'ALVARADO', 36, NULL, NULL),
(1056, '73043', 'ANZOATEGUI', 36, NULL, NULL),
(1057, '73124', 'CAJAMARCA', 36, NULL, NULL),
(1058, '73200', 'COELLO', 36, NULL, NULL),
(1059, '73268', 'ESPINAL', 36, NULL, NULL),
(1060, '73275', 'FLANDES', 36, NULL, NULL),
(1061, '73001', 'IBAGUe', 36, NULL, NULL),
(1062, '73547', 'PIEDRAS', 36, NULL, NULL),
(1063, '73624', 'ROVIRA', 36, NULL, NULL),
(1064, '73678', 'SAN LUIS', 36, NULL, NULL),
(1065, '73854', 'VALLE DE SAN JUAN', 36, NULL, NULL),
(1066, '73024', 'ALPUJARRA', 36, NULL, NULL),
(1067, '73236', 'DOLORES', 36, NULL, NULL),
(1068, '73319', 'GUAMO', 36, NULL, NULL),
(1069, '73563', 'PRADO', 36, NULL, NULL),
(1070, '73585', 'PURIFICACIIN', 36, NULL, NULL),
(1071, '73671', 'SALDANA', 36, NULL, NULL),
(1072, '73770', 'SUAREZ', 36, NULL, NULL),
(1073, '73152', 'CASABIANCA', 36, NULL, NULL),
(1074, '73347', 'HERVEO', 36, NULL, NULL),
(1075, '73408', 'LeRIDA', 36, NULL, NULL),
(1076, '73411', 'LiBANO', 36, NULL, NULL),
(1077, '73461', 'MURILLO', 36, NULL, NULL),
(1078, '73686', 'SANTA ISABEL', 36, NULL, NULL),
(1079, '73861', 'VENADILLO', 36, NULL, NULL),
(1080, '73870', 'VILLAHERMOSA', 36, NULL, NULL),
(1081, '76036', 'ANDALUCIA', 37, NULL, NULL),
(1082, '76111', 'BUGA', 37, NULL, NULL),
(1083, '76113', 'BUGALAGRANDE', 37, NULL, NULL),
(1084, '76126', 'CALIMA', 37, NULL, NULL),
(1085, '76248', 'EL CERRITO', 37, NULL, NULL),
(1086, '76306', 'GINEBRA', 37, NULL, NULL),
(1087, '76318', 'GUACARI', 37, NULL, NULL),
(1088, '76606', 'RESTREPO', 37, NULL, NULL),
(1089, '76616', 'RIOFRIO', 37, NULL, NULL),
(1090, '76670', 'SAN PEDRO', 37, NULL, NULL),
(1091, '76828', 'TRUJILLO', 37, NULL, NULL),
(1092, '76834', 'TULUA', 37, NULL, NULL),
(1093, '76890', 'YOTOCO', 37, NULL, NULL),
(1094, '76020', 'ALCALA', 37, NULL, NULL),
(1095, '76041', 'ANSERMANUEVO', 37, NULL, NULL),
(1096, '76054', 'ARGELIA', 37, NULL, NULL),
(1097, '76100', 'BOLIVAR', 37, NULL, NULL),
(1098, '76147', 'CARTAGO', 37, NULL, NULL),
(1099, '76243', 'EL AGUILA', 37, NULL, NULL),
(1100, '76246', 'EL CAIRO', 37, NULL, NULL),
(1101, '76250', 'EL DOVIO', 37, NULL, NULL),
(1102, '76400', 'LA UNIIN', 37, NULL, NULL),
(1103, '76403', 'LA VICTORIA', 37, NULL, NULL),
(1104, '76497', 'OBANDO', 37, NULL, NULL),
(1105, '76622', 'ROLDANILLO', 37, NULL, NULL),
(1106, '76823', 'TORO', 37, NULL, NULL),
(1107, '76845', 'ULLOA', 37, NULL, NULL),
(1108, '76863', 'VERSALLES', 37, NULL, NULL),
(1109, '76895', 'ZARZAL', 37, NULL, NULL),
(1110, '76109', 'BUENAVENTURA', 37, NULL, NULL),
(1111, '76122', 'CAICEDONIA', 37, NULL, NULL),
(1112, '76736', 'SEVILLA', 37, NULL, NULL),
(1113, '76001', 'CALI', 37, NULL, NULL),
(1114, '76130', 'CANDELARIA', 37, NULL, NULL),
(1115, '76233', 'DAGUA', 37, NULL, NULL),
(1116, '76275', 'FLORIDA', 37, NULL, NULL),
(1117, '76364', 'JAMUNDI', 37, NULL, NULL),
(1118, '76377', 'LA CUMBRE', 37, NULL, NULL),
(1119, '76520', 'PALMIRA', 37, NULL, NULL),
(1120, '76563', 'PRADERA', 37, NULL, NULL),
(1121, '76869', 'VIJES', 37, NULL, NULL),
(1122, '76892', 'YUMBO', 37, NULL, NULL),
(1123, '97161', 'CARURU', 38, NULL, NULL),
(1124, '97001', 'MITO', 38, NULL, NULL),
(1125, '97511', 'PACOA', 38, NULL, NULL),
(1126, '97777', 'PAPUNAHUA', 38, NULL, NULL),
(1127, '97666', 'TARAIRA', 38, NULL, NULL),
(1128, '97889', 'YAVARATE', 38, NULL, NULL),
(1129, '99773', 'CUMARIBO', 39, NULL, NULL),
(1130, '99524', 'LA PRIMAVERA', 39, NULL, NULL),
(1131, '99001', 'PUERTO CARRENO', 39, NULL, NULL),
(1132, '99624', 'SANTA ROSALIA', 39, NULL, NULL);

-- --------------------------------------------------------

--
-- Table structure for table `clasificaciones`
--

CREATE TABLE `clasificaciones` (
  `id` int(10) UNSIGNED NOT NULL,
  `nombre` varchar(255) COLLATE utf8mb4_unicode_ci NOT NULL,
  `descripcion` varchar(255) COLLATE utf8mb4_unicode_ci NOT NULL,
  `cuenta_contable` varchar(255) COLLATE utf8mb4_unicode_ci NOT NULL,
  `cuenta_contrapartida` int(11) NOT NULL,
  `id_empresa` int(11) NOT NULL,
  `created_at` timestamp NULL DEFAULT NULL,
  `updated_at` timestamp NULL DEFAULT NULL
) ENGINE=InnoDB DEFAULT CHARSET=utf8mb4 COLLATE=utf8mb4_unicode_ci;

--
-- Dumping data for table `clasificaciones`
--

INSERT INTO `clasificaciones` (`id`, `nombre`, `descripcion`, `cuenta_contable`, `cuenta_contrapartida`, `id_empresa`, `created_at`, `updated_at`) VALUES
(7, 'MATERIA PRIMA', 'MATERIA PRIMA', '47', 313, 15, '2019-10-26 00:37:59', '2020-09-17 17:44:53'),
(8, 'MERCANCIA NACIONAL', 'MERCANCIA NACIONAL', '59', 313, 15, '2019-10-26 00:37:59', '2020-09-17 17:45:38'),
(9, 'MERCANCIA INTERNACIONAL', 'MERCANCIA INTERNACIONAL', '59', 313, 15, '2019-10-26 00:37:59', '2020-09-17 17:46:14'),
(10, 'SERVICIOS', 'SERVICIOS', '59', 313, 15, '2019-10-26 00:37:59', '2020-09-17 17:46:51'),
(11, 'PRODUCTO TERMINADO', 'PRODUCTO TERMINADO', '59', 313, 15, '2019-10-26 00:38:00', '2020-09-17 17:47:37');

-- --------------------------------------------------------

--
-- Table structure for table `consignaciones`
--

CREATE TABLE `consignaciones` (
  `id` int(10) UNSIGNED NOT NULL,
  `consecutivo` int(11) NOT NULL,
  `concepto` varchar(255) COLLATE utf8mb4_unicode_ci NOT NULL,
  `valor` varchar(255) COLLATE utf8mb4_unicode_ci NOT NULL,
  `id_tipo_pago` int(11) NOT NULL,
  `total` varchar(255) COLLATE utf8mb4_unicode_ci NOT NULL,
  `fecha_consignacion` varchar(255) COLLATE utf8mb4_unicode_ci NOT NULL,
  `id_banco` int(11) NOT NULL,
  `id_empresa` int(11) NOT NULL,
  `created_at` timestamp NULL DEFAULT NULL,
  `updated_at` timestamp NULL DEFAULT NULL
) ENGINE=InnoDB DEFAULT CHARSET=utf8mb4 COLLATE=utf8mb4_unicode_ci;

--
-- Dumping data for table `consignaciones`
--

INSERT INTO `consignaciones` (`id`, `consecutivo`, `concepto`, `valor`, `id_tipo_pago`, `total`, `fecha_consignacion`, `id_banco`, `id_empresa`, `created_at`, `updated_at`) VALUES
(1, 1, 'CONSIGNACION', '2000', 1, '2000', '2020-12-31', 1, 15, '2020-09-09 19:58:33', '2020-09-09 19:58:33'),
(2, 2, 'CONSIGNACION', '200', 1, '200', '2020-12-31', 1, 15, '2020-09-09 20:01:40', '2020-09-09 20:01:40');

-- --------------------------------------------------------

--
-- Table structure for table `contabilidades`
--

CREATE TABLE `contabilidades` (
  `id` int(10) UNSIGNED NOT NULL,
  `numero_documento` int(11) NOT NULL,
  `id_auxiliar` int(11) DEFAULT NULL,
  `tipo_documento` varchar(255) COLLATE utf8mb4_unicode_ci DEFAULT NULL,
  `id_documento` int(11) DEFAULT NULL,
  `prefijo` varchar(250) COLLATE utf8mb4_unicode_ci DEFAULT NULL,
  `fecha_documento` varchar(250) COLLATE utf8mb4_unicode_ci DEFAULT NULL,
  `valor_transaccion` varchar(250) COLLATE utf8mb4_unicode_ci DEFAULT NULL,
  `tipo_transaccion` varchar(10) COLLATE utf8mb4_unicode_ci DEFAULT NULL,
  `tercero` int(11) NOT NULL,
  `id_sucursal` int(11) NOT NULL,
  `id_empresa` int(11) NOT NULL,
  `created_at` timestamp NULL DEFAULT NULL,
  `updated_at` timestamp NULL DEFAULT NULL
) ENGINE=InnoDB DEFAULT CHARSET=utf8mb4 COLLATE=utf8mb4_unicode_ci;

-- --------------------------------------------------------

--
-- Table structure for table `contrato_laborals`
--

CREATE TABLE `contrato_laborals` (
  `id` int(10) UNSIGNED NOT NULL,
  `tipo_contrato` varchar(255) COLLATE utf8mb4_unicode_ci NOT NULL,
  `descripcion` text COLLATE utf8mb4_unicode_ci NOT NULL,
  `consecutivo` int(11) NOT NULL,
  `fecha_inicial` date NOT NULL,
  `fecha_final` date NOT NULL,
  `id_empresa` int(11) NOT NULL,
  `created_at` timestamp NULL DEFAULT NULL,
  `updated_at` timestamp NULL DEFAULT NULL
) ENGINE=InnoDB DEFAULT CHARSET=utf8mb4 COLLATE=utf8mb4_unicode_ci;

--
-- Dumping data for table `contrato_laborals`
--

INSERT INTO `contrato_laborals` (`id`, `tipo_contrato`, `descripcion`, `consecutivo`, `fecha_inicial`, `fecha_final`, `id_empresa`, `created_at`, `updated_at`) VALUES
(3, 'FIJO', 'Contrato fijo', 1, '2019-01-01', '2019-12-01', 15, '2019-10-26 00:37:56', '2019-10-26 00:37:56');

-- --------------------------------------------------------

--
-- Table structure for table `credenciales`
--

CREATE TABLE `credenciales` (
  `id` int(10) UNSIGNED NOT NULL,
  `usuario` varchar(255) COLLATE utf8mb4_unicode_ci NOT NULL,
  `passwordWsIntegrador` varchar(255) COLLATE utf8mb4_unicode_ci NOT NULL,
  `numeroResolucion` varchar(255) COLLATE utf8mb4_unicode_ci NOT NULL,
  `fechaInicio` varchar(255) COLLATE utf8mb4_unicode_ci NOT NULL,
  `fechaFinal` varchar(255) COLLATE utf8mb4_unicode_ci NOT NULL,
  `prefijo` varchar(255) COLLATE utf8mb4_unicode_ci NOT NULL,
  `numeroDesde` varchar(255) COLLATE utf8mb4_unicode_ci NOT NULL,
  `numeroHasta` varchar(255) COLLATE utf8mb4_unicode_ci NOT NULL,
  `tipoCredencial` varchar(255) COLLATE utf8mb4_unicode_ci NOT NULL,
  `estado` int(11) NOT NULL,
  `referenciaPago` varchar(255) COLLATE utf8mb4_unicode_ci NOT NULL,
  `idEmpresa` int(11) NOT NULL,
  `created_at` timestamp NULL DEFAULT NULL,
  `updated_at` timestamp NULL DEFAULT NULL
) ENGINE=InnoDB DEFAULT CHARSET=utf8mb4 COLLATE=utf8mb4_unicode_ci;

-- --------------------------------------------------------

--
-- Table structure for table `departamentos`
--

CREATE TABLE `departamentos` (
  `id` int(10) UNSIGNED NOT NULL,
  `codigo` varchar(255) COLLATE utf8mb4_unicode_ci NOT NULL,
  `nombre` varchar(255) COLLATE utf8mb4_unicode_ci NOT NULL,
  `created_at` timestamp NULL DEFAULT NULL,
  `updated_at` timestamp NULL DEFAULT NULL
) ENGINE=InnoDB DEFAULT CHARSET=utf8mb4 COLLATE=utf8mb4_unicode_ci;

--
-- Dumping data for table `departamentos`
--

INSERT INTO `departamentos` (`id`, `codigo`, `nombre`, `created_at`, `updated_at`) VALUES
(1, '11', 'BOGOTA D.C.', NULL, NULL),
(8, '91', 'AMAZONAS', NULL, NULL),
(9, '05', 'ANTIOQUIA', NULL, NULL),
(10, '81', 'ARAUCA', NULL, NULL),
(11, '88', 'ARCHIPIELAGO DE SAN ANDRES', NULL, NULL),
(12, '08', 'ATLANTICO', NULL, NULL),
(13, '13', 'bolivar', NULL, NULL),
(14, '15', 'BOYACA', NULL, NULL),
(15, '17', 'CALDAS', NULL, NULL),
(16, '18', 'CAQUETA', NULL, NULL),
(17, '85', 'CASANARE', NULL, NULL),
(18, '19', 'CAUCA', NULL, NULL),
(19, '20', 'CESAR', NULL, NULL),
(20, '27', 'CHOCO', NULL, NULL),
(21, '23', 'CORDOBA', NULL, NULL),
(22, '25', 'CUNDINAMARCA', NULL, NULL),
(23, '94', 'GUAINIA', NULL, NULL),
(24, '95', 'GUAVIARE', NULL, NULL),
(25, '41', 'HUILA', NULL, NULL),
(26, '44', 'LA GUAJIRA', NULL, NULL),
(27, '47', 'MAGDALENA', NULL, NULL),
(28, '50', 'META', NULL, NULL),
(29, '52', 'NARINO', NULL, NULL),
(30, '54', 'NORTE DE SANTANDER', NULL, NULL),
(31, '86', 'PUTUMAYO', NULL, NULL),
(32, '63', 'QUINDIO', NULL, NULL),
(33, '66', 'RISARALDA', NULL, NULL),
(34, '68', 'SANTANDER', NULL, NULL),
(35, '70', 'SUCRE', NULL, NULL),
(36, '73', 'TOLIMA', NULL, NULL),
(37, '76', 'VALLE DEL CAUCA', NULL, NULL),
(38, '97', 'VAUPES', NULL, NULL),
(39, '99', 'VICHADA', NULL, NULL),
(40, 'codigo', 'nombre', '0000-00-00 00:00:00', '0000-00-00 00:00:00');

-- --------------------------------------------------------

--
-- Table structure for table `directoriomaps`
--

CREATE TABLE `directoriomaps` (
  `id` int(10) UNSIGNED NOT NULL,
  `id_cliente` int(11) NOT NULL,
  `direccion` varchar(255) COLLATE utf8mb4_unicode_ci NOT NULL,
  `longitud` varchar(255) COLLATE utf8mb4_unicode_ci NOT NULL,
  `latitud` varchar(255) COLLATE utf8mb4_unicode_ci NOT NULL,
  `accuracy` varchar(255) COLLATE utf8mb4_unicode_ci NOT NULL,
  `created_at` timestamp NULL DEFAULT NULL,
  `updated_at` timestamp NULL DEFAULT NULL
) ENGINE=InnoDB DEFAULT CHARSET=utf8mb4 COLLATE=utf8mb4_unicode_ci;

-- --------------------------------------------------------

--
-- Table structure for table `directorios`
--

CREATE TABLE `directorios` (
  `id` int(10) UNSIGNED NOT NULL,
  `nit` varchar(255) COLLATE utf8mb4_unicode_ci NOT NULL,
  `digito` varchar(255) COLLATE utf8mb4_unicode_ci NOT NULL,
  `razon_social` varchar(255) COLLATE utf8mb4_unicode_ci NOT NULL,
  `direccion` varchar(255) COLLATE utf8mb4_unicode_ci NOT NULL,
  `correo` varchar(255) COLLATE utf8mb4_unicode_ci NOT NULL,
  `telefono` varchar(255) COLLATE utf8mb4_unicode_ci NOT NULL,
  `telefono1` varchar(255) COLLATE utf8mb4_unicode_ci NOT NULL,
  `telefono2` varchar(255) COLLATE utf8mb4_unicode_ci NOT NULL,
  `financiacion` double(11,2) NOT NULL,
  `descuento` double(11,2) NOT NULL,
  `cupo_financiero` varchar(25) COLLATE utf8mb4_unicode_ci NOT NULL,
  `rete_ica` double(11,2) NOT NULL,
  `porcentaje_rete_iva` double(11,2) NOT NULL,
  `actividad_economica` varchar(255) COLLATE utf8mb4_unicode_ci NOT NULL,
  `calificacion` int(11) NOT NULL,
  `nivel` varchar(255) COLLATE utf8mb4_unicode_ci NOT NULL,
  `zona_venta` varchar(255) COLLATE utf8mb4_unicode_ci NOT NULL,
  `transporte` varchar(255) COLLATE utf8mb4_unicode_ci NOT NULL,
  `estado` varchar(255) COLLATE utf8mb4_unicode_ci NOT NULL,
  `id_retefuente` int(11) NOT NULL,
  `id_ciudad` int(11) NOT NULL,
  `id_regimen` int(11) NOT NULL,
  `id_usuario` int(11) NOT NULL,
  `id_directorio_tipo` int(11) NOT NULL,
  `id_directorio_clase` int(11) NOT NULL,
  `id_directorio_tipo_tercero` int(11) NOT NULL,
  `id_empresa` int(11) NOT NULL,
  `created_at` timestamp NULL DEFAULT NULL,
  `updated_at` timestamp NULL DEFAULT NULL
) ENGINE=InnoDB DEFAULT CHARSET=utf8mb4 COLLATE=utf8mb4_unicode_ci;

-- --------------------------------------------------------

--
-- Table structure for table `directorio_clases`
--

CREATE TABLE `directorio_clases` (
  `id` int(10) UNSIGNED NOT NULL,
  `nombre` varchar(255) COLLATE utf8mb4_unicode_ci NOT NULL,
  `descripcion` varchar(255) COLLATE utf8mb4_unicode_ci NOT NULL,
  `created_at` timestamp NULL DEFAULT NULL,
  `updated_at` timestamp NULL DEFAULT NULL
) ENGINE=InnoDB DEFAULT CHARSET=utf8mb4 COLLATE=utf8mb4_unicode_ci;

--
-- Dumping data for table `directorio_clases`
--

INSERT INTO `directorio_clases` (`id`, `nombre`, `descripcion`, `created_at`, `updated_at`) VALUES
(11, 'Registro civil', 'Este tiene el mejor rendimiento', NULL, NULL),
(12, 'Tarjeta de identidad', 'Este tiene mediano rendimiento', NULL, NULL),
(13, 'Cdula de ciudadana', 'Este tiene malo rendimiento', NULL, NULL),
(21, 'Tarjeta de extranjera', 'Este tiene malo rendimiento', NULL, NULL),
(22, 'Cdula de extranjera', 'Este tiene malo rendimiento', NULL, NULL),
(31, 'NIT ', 'Este tiene malo rendimiento', NULL, NULL),
(41, 'Pasaporte', 'Este tiene malo rendimiento', NULL, NULL),
(42, 'Documento de identificacin extranjero', 'Este tiene malo rendimiento', NULL, NULL),
(50, 'Nit de otro pas', 'Este tiene malo rendimiento', NULL, NULL),
(91, 'NIUP', 'Este tiene malo rendimiento', NULL, NULL);

-- --------------------------------------------------------

--
-- Table structure for table `directorio_tipos`
--

CREATE TABLE `directorio_tipos` (
  `id` int(10) UNSIGNED NOT NULL,
  `nombre` varchar(255) COLLATE utf8mb4_unicode_ci NOT NULL,
  `descripcion` varchar(255) COLLATE utf8mb4_unicode_ci NOT NULL,
  `created_at` timestamp NULL DEFAULT NULL,
  `updated_at` timestamp NULL DEFAULT NULL
) ENGINE=InnoDB DEFAULT CHARSET=utf8mb4 COLLATE=utf8mb4_unicode_ci;

--
-- Dumping data for table `directorio_tipos`
--

INSERT INTO `directorio_tipos` (`id`, `nombre`, `descripcion`, `created_at`, `updated_at`) VALUES
(1, 'NATURAL', 'Persona Natural', NULL, NULL),
(2, 'JURIDICA', 'Persona Juridica', NULL, NULL);

-- --------------------------------------------------------

--
-- Table structure for table `directorio_tipo_terceros`
--

CREATE TABLE `directorio_tipo_terceros` (
  `id` int(10) UNSIGNED NOT NULL,
  `nombre` varchar(255) COLLATE utf8mb4_unicode_ci NOT NULL,
  `descripcion` varchar(255) COLLATE utf8mb4_unicode_ci NOT NULL,
  `created_at` timestamp NULL DEFAULT NULL,
  `updated_at` timestamp NULL DEFAULT NULL
) ENGINE=InnoDB DEFAULT CHARSET=utf8mb4 COLLATE=utf8mb4_unicode_ci;

--
-- Dumping data for table `directorio_tipo_terceros`
--

INSERT INTO `directorio_tipo_terceros` (`id`, `nombre`, `descripcion`, `created_at`, `updated_at`) VALUES
(1, 'PROVEEDOR', 'TIPO PROVEEDOR', NULL, NULL),
(2, 'CLIENTE', 'TIPO CLIENTE', NULL, NULL),
(3, 'TERCEROS', 'TIPO TERCEROS', NULL, NULL);

-- --------------------------------------------------------

--
-- Table structure for table `documentos`
--

CREATE TABLE `documentos` (
  `id` int(10) UNSIGNED NOT NULL,
  `nombre` varchar(255) COLLATE utf8mb4_unicode_ci NOT NULL,
  `signo` varchar(255) COLLATE utf8mb4_unicode_ci NOT NULL,
  `ubicacion` varchar(255) COLLATE utf8mb4_unicode_ci NOT NULL,
  `prefijo` varchar(255) COLLATE utf8mb4_unicode_ci NOT NULL,
  `num_max` varchar(255) COLLATE utf8mb4_unicode_ci NOT NULL,
  `num_min` varchar(255) COLLATE utf8mb4_unicode_ci NOT NULL,
  `num_presente` varchar(255) COLLATE utf8mb4_unicode_ci NOT NULL,
  `documento_contable` varchar(255) COLLATE utf8mb4_unicode_ci NOT NULL,
  `resolucion` varchar(255) COLLATE utf8mb4_unicode_ci NOT NULL,
  `usuario` varchar(200) COLLATE utf8mb4_unicode_ci DEFAULT NULL,
  `password` varchar(250) COLLATE utf8mb4_unicode_ci DEFAULT NULL,
  `id_empresa` int(11) NOT NULL,
  `fecha_inicio` varchar(200) COLLATE utf8mb4_unicode_ci DEFAULT NULL,
  `fecha_fin` varchar(200) COLLATE utf8mb4_unicode_ci DEFAULT NULL,
  `created_at` timestamp NULL DEFAULT NULL,
  `updated_at` timestamp NULL DEFAULT NULL
) ENGINE=InnoDB DEFAULT CHARSET=utf8mb4 COLLATE=utf8mb4_unicode_ci;

--
-- Dumping data for table `documentos`
--

INSERT INTO `documentos` (`id`, `nombre`, `signo`, `ubicacion`, `prefijo`, `num_max`, `num_min`, `num_presente`, `documento_contable`, `resolucion`, `usuario`, `password`, `id_empresa`, `fecha_inicio`, `fecha_fin`, `created_at`, `updated_at`) VALUES
(42, 'MAYORISTA', '-', 'SALIDA', 'NA', '1', '100', '9', '3', '11986488976 (1-500)', '', '', 15, '2020-02-23', '2020-08-23', '2019-10-26 00:37:57', '2020-09-18 22:54:06'),
(43, 'MOSTRADOR', '-', 'SALIDA', 'NA', '1', '100', '1', '3', '11986488976 (1-500)', '', '', 15, '2020-02-23', '2020-08-23', '2019-10-26 00:37:57', '2019-10-26 00:37:57'),
(44, 'REMISIONES', '-', 'SALIDA', 'NA', '1', '100', '1', '0', '11986488976 (1-500)', '', '', 15, '2020-02-23', '2020-08-23', '2019-10-26 00:37:57', '2019-10-26 00:37:57'),
(45, 'PEDIDOS', '-', 'SALIDA', 'NA', '1', '100', '1', '0', '11986488976 (1-500)', '', '', 15, '2020-02-23', '2020-08-23', '2019-10-26 00:37:57', '2019-10-26 00:37:57'),
(46, 'COTIZACION', '=', 'SALIDA', 'NA', '1', '100', '1', '0', '11986488976 (1-500)', '', '', 15, '2020-02-23', '2020-08-23', '2019-10-26 00:37:57', '2019-10-26 00:37:57'),
(47, 'COMPRAS', '+', 'ENTRADA', 'NA', '1', '100', '4', '4', '11986488976 (1-500)', '', '', 15, '2020-02-23', '2020-08-23', '2019-10-26 00:37:58', '2020-08-22 17:04:17'),
(48, 'AJUSTE ENTRADAS', '+', 'ENTRADA', 'NA', '1', '100', '1', '10', '11986488976 (1-500)', '', '', 15, '2020-02-23', '2020-08-23', '2019-10-26 00:37:58', '2019-10-26 00:37:58'),
(49, 'AJUSTE SALIDA', '-', 'ENTRADA', 'NA', '1', '100', '1', '10', '11986488976 (1-500)', '', '', 15, '2020-02-23', '2020-08-23', '2019-10-26 00:37:58', '2019-10-26 00:37:58');

-- --------------------------------------------------------

--
-- Table structure for table `download_p_d_f_file_responses`
--

CREATE TABLE `download_p_d_f_file_responses` (
  `id` int(10) UNSIGNED NOT NULL,
  `code` varchar(255) COLLATE utf8mb4_unicode_ci NOT NULL,
  `success` varchar(255) COLLATE utf8mb4_unicode_ci NOT NULL,
  `resourceData` varchar(255) COLLATE utf8mb4_unicode_ci NOT NULL,
  `error` varchar(255) COLLATE utf8mb4_unicode_ci NOT NULL,
  `respuestaok` varchar(255) COLLATE utf8mb4_unicode_ci NOT NULL,
  `created_at` timestamp NULL DEFAULT NULL,
  `updated_at` timestamp NULL DEFAULT NULL
) ENGINE=InnoDB DEFAULT CHARSET=utf8mb4 COLLATE=utf8mb4_unicode_ci;

-- --------------------------------------------------------

--
-- Table structure for table `download_p_d_f_file_sends`
--

CREATE TABLE `download_p_d_f_file_sends` (
  `id` int(10) UNSIGNED NOT NULL,
  `username` varchar(255) COLLATE utf8mb4_unicode_ci NOT NULL,
  `password` varchar(255) COLLATE utf8mb4_unicode_ci NOT NULL,
  `prefijo` varchar(255) COLLATE utf8mb4_unicode_ci NOT NULL,
  `folio` varchar(255) COLLATE utf8mb4_unicode_ci NOT NULL,
  `id_empresa` int(11) NOT NULL,
  `created_at` timestamp NULL DEFAULT NULL,
  `updated_at` timestamp NULL DEFAULT NULL
) ENGINE=InnoDB DEFAULT CHARSET=utf8mb4 COLLATE=utf8mb4_unicode_ci;

-- --------------------------------------------------------

--
-- Table structure for table `empresas`
--

CREATE TABLE `empresas` (
  `id` int(10) UNSIGNED NOT NULL,
  `razon_social` varchar(255) COLLATE utf8mb4_unicode_ci NOT NULL,
  `direccion` varchar(255) COLLATE utf8mb4_unicode_ci NOT NULL,
  `actividad` varchar(255) COLLATE utf8mb4_unicode_ci NOT NULL,
  `correo` varchar(255) COLLATE utf8mb4_unicode_ci NOT NULL,
  `nit_empresa` varchar(255) COLLATE utf8mb4_unicode_ci NOT NULL,
  `nombre` varchar(255) COLLATE utf8mb4_unicode_ci NOT NULL,
  `telefono` varchar(255) COLLATE utf8mb4_unicode_ci NOT NULL,
  `telefono1` varchar(255) COLLATE utf8mb4_unicode_ci NOT NULL,
  `telefono2` varchar(255) COLLATE utf8mb4_unicode_ci NOT NULL,
  `ciudad` int(11) NOT NULL,
  `id_regimen` int(11) NOT NULL,
  `created_at` timestamp NULL DEFAULT NULL,
  `updated_at` timestamp NULL DEFAULT NULL
) ENGINE=InnoDB DEFAULT CHARSET=utf8mb4 COLLATE=utf8mb4_unicode_ci;

--
-- Dumping data for table `empresas`
--

INSERT INTO `empresas` (`id`, `razon_social`, `direccion`, `actividad`, `correo`, `nit_empresa`, `nombre`, `telefono`, `telefono1`, `telefono2`, `ciudad`, `id_regimen`, `created_at`, `updated_at`) VALUES
(15, 'Vitagro Ltda', 'Cra 80 # 2-27 Barrio Kennedy', '4771', 'vitagroltda@hotmail.com', '800221949', 'Vitagro Ltda', '4 113 1 21', '4 113 1 21', '4 113 1 21', 1, 1, '2019-10-26 00:37:55', '2019-10-26 00:37:55');

-- --------------------------------------------------------

--
-- Table structure for table `facturas`
--

CREATE TABLE `facturas` (
  `id` int(10) UNSIGNED NOT NULL,
  `id_sucursal` int(11) NOT NULL,
  `id_empresa` int(11) NOT NULL,
  `numero` int(11) NOT NULL,
  `prefijo` varchar(255) COLLATE utf8mb4_unicode_ci NOT NULL,
  `id_cliente` int(11) NOT NULL,
  `id_tercero` int(11) NOT NULL,
  `id_vendedor` int(11) NOT NULL,
  `fecha` varchar(255) COLLATE utf8mb4_unicode_ci NOT NULL,
  `fecha_vencimiento` varchar(255) COLLATE utf8mb4_unicode_ci NOT NULL,
  `id_documento` int(11) NOT NULL,
  `signo` varchar(255) COLLATE utf8mb4_unicode_ci NOT NULL,
  `subtotal` double NOT NULL,
  `iva` double NOT NULL,
  `impoconsumo` double NOT NULL,
  `otro_impuesto` double NOT NULL,
  `otro_impuesto1` double NOT NULL,
  `descuento` double NOT NULL,
  `fletes` double NOT NULL,
  `retefuente` double NOT NULL,
  `total` double NOT NULL,
  `id_modificado` int(11) NOT NULL,
  `observaciones` varchar(255) COLLATE utf8mb4_unicode_ci NOT NULL,
  `estado` varchar(255) COLLATE utf8mb4_unicode_ci NOT NULL,
  `saldo` double NOT NULL,
  `created_at` timestamp NULL DEFAULT NULL,
  `updated_at` timestamp NULL DEFAULT NULL
) ENGINE=InnoDB DEFAULT CHARSET=utf8mb4 COLLATE=utf8mb4_unicode_ci;

-- --------------------------------------------------------

--
-- Table structure for table `fichatecnicas`
--

CREATE TABLE `fichatecnicas` (
  `id` int(10) UNSIGNED NOT NULL,
  `id_referencia` int(11) NOT NULL,
  `id_sucursal` int(11) NOT NULL,
  `id_empresa` int(11) NOT NULL,
  `nombre` varchar(255) COLLATE utf8mb4_unicode_ci NOT NULL,
  `orden` int(11) NOT NULL,
  `cantidad` int(11) NOT NULL,
  `estado` varchar(255) COLLATE utf8mb4_unicode_ci NOT NULL,
  `created_at` timestamp NULL DEFAULT NULL,
  `updated_at` timestamp NULL DEFAULT NULL
) ENGINE=InnoDB DEFAULT CHARSET=utf8mb4 COLLATE=utf8mb4_unicode_ci;

-- --------------------------------------------------------

--
-- Table structure for table `forma_pagos`
--

CREATE TABLE `forma_pagos` (
  `id` int(10) UNSIGNED NOT NULL,
  `id_empresa` int(11) NOT NULL,
  `formaPago` varchar(255) COLLATE utf8mb4_unicode_ci NOT NULL,
  `id_cartera` int(11) NOT NULL,
  `valor` decimal(11,2) NOT NULL,
  `observacion` varchar(255) COLLATE utf8mb4_unicode_ci NOT NULL,
  `created_at` timestamp NULL DEFAULT NULL,
  `updated_at` timestamp NULL DEFAULT NULL
) ENGINE=InnoDB DEFAULT CHARSET=utf8mb4 COLLATE=utf8mb4_unicode_ci;

-- --------------------------------------------------------

--
-- Table structure for table `f_cdes`
--

CREATE TABLE `f_cdes` (
  `id` int(10) UNSIGNED NOT NULL,
  `CDE_1` varchar(255) COLLATE utf8mb4_unicode_ci NOT NULL,
  `CDE_2` varchar(255) COLLATE utf8mb4_unicode_ci NOT NULL,
  `CDE_3` varchar(255) COLLATE utf8mb4_unicode_ci NOT NULL,
  `CDE_4` varchar(255) COLLATE utf8mb4_unicode_ci NOT NULL,
  `id_empresa` int(11) NOT NULL,
  `created_at` timestamp NULL DEFAULT NULL,
  `updated_at` timestamp NULL DEFAULT NULL
) ENGINE=InnoDB DEFAULT CHARSET=utf8mb4 COLLATE=utf8mb4_unicode_ci;

-- --------------------------------------------------------

--
-- Table structure for table `f_dfes`
--

CREATE TABLE `f_dfes` (
  `id` int(10) UNSIGNED NOT NULL,
  `DFE_1` varchar(255) COLLATE utf8mb4_unicode_ci NOT NULL,
  `DFE_2` varchar(255) COLLATE utf8mb4_unicode_ci NOT NULL,
  `DFE_3` varchar(255) COLLATE utf8mb4_unicode_ci NOT NULL,
  `DFE_4` varchar(255) COLLATE utf8mb4_unicode_ci NOT NULL,
  `DFE_5` varchar(255) COLLATE utf8mb4_unicode_ci NOT NULL,
  `DFE_6` varchar(255) COLLATE utf8mb4_unicode_ci NOT NULL,
  `DFE_7` varchar(255) COLLATE utf8mb4_unicode_ci NOT NULL,
  `DFE_8` varchar(255) COLLATE utf8mb4_unicode_ci NOT NULL,
  `id_empresa` int(11) NOT NULL,
  `created_at` timestamp NULL DEFAULT NULL,
  `updated_at` timestamp NULL DEFAULT NULL
) ENGINE=InnoDB DEFAULT CHARSET=utf8mb4 COLLATE=utf8mb4_unicode_ci;

-- --------------------------------------------------------

--
-- Table structure for table `f_emis`
--

CREATE TABLE `f_emis` (
  `id` int(10) UNSIGNED NOT NULL,
  `EMI_1` varchar(255) COLLATE utf8mb4_unicode_ci NOT NULL,
  `EMI_2` varchar(255) COLLATE utf8mb4_unicode_ci NOT NULL,
  `EMI_3` varchar(255) COLLATE utf8mb4_unicode_ci NOT NULL,
  `EMI_4` varchar(255) COLLATE utf8mb4_unicode_ci NOT NULL,
  `EMI_5` varchar(255) COLLATE utf8mb4_unicode_ci NOT NULL,
  `EMI_6` varchar(255) COLLATE utf8mb4_unicode_ci NOT NULL,
  `EMI_7` varchar(255) COLLATE utf8mb4_unicode_ci NOT NULL,
  `EMI_8` varchar(255) COLLATE utf8mb4_unicode_ci NOT NULL,
  `EMI_9` varchar(255) COLLATE utf8mb4_unicode_ci NOT NULL,
  `EMI_10` varchar(255) COLLATE utf8mb4_unicode_ci NOT NULL,
  `EMI_11` varchar(255) COLLATE utf8mb4_unicode_ci NOT NULL,
  `EMI_12` varchar(255) COLLATE utf8mb4_unicode_ci NOT NULL,
  `EMI_13` varchar(255) COLLATE utf8mb4_unicode_ci NOT NULL,
  `EMI_14` varchar(255) COLLATE utf8mb4_unicode_ci NOT NULL,
  `EMI_15` varchar(255) COLLATE utf8mb4_unicode_ci NOT NULL,
  `EMI_16` varchar(255) COLLATE utf8mb4_unicode_ci NOT NULL,
  `EMI_17` varchar(255) COLLATE utf8mb4_unicode_ci NOT NULL,
  `EMI_18` varchar(255) COLLATE utf8mb4_unicode_ci NOT NULL,
  `EMI_19` varchar(255) COLLATE utf8mb4_unicode_ci NOT NULL,
  `EMI_20` varchar(255) COLLATE utf8mb4_unicode_ci NOT NULL,
  `EMI_21` varchar(255) COLLATE utf8mb4_unicode_ci NOT NULL,
  `EMI_22` varchar(255) COLLATE utf8mb4_unicode_ci NOT NULL,
  `EMI_23` varchar(255) COLLATE utf8mb4_unicode_ci NOT NULL,
  `EMI_24` varchar(255) COLLATE utf8mb4_unicode_ci NOT NULL,
  `EMI_25` varchar(255) COLLATE utf8mb4_unicode_ci NOT NULL,
  `id_empresa` int(11) NOT NULL,
  `created_at` timestamp NULL DEFAULT NULL,
  `updated_at` timestamp NULL DEFAULT NULL
) ENGINE=InnoDB DEFAULT CHARSET=utf8mb4 COLLATE=utf8mb4_unicode_ci;

-- --------------------------------------------------------

--
-- Table structure for table `f_encs`
--

CREATE TABLE `f_encs` (
  `id` int(10) UNSIGNED NOT NULL,
  `ENC_1` varchar(255) COLLATE utf8mb4_unicode_ci NOT NULL,
  `ENC_2` varchar(255) COLLATE utf8mb4_unicode_ci NOT NULL,
  `ENC_3` varchar(255) COLLATE utf8mb4_unicode_ci NOT NULL,
  `ENC_4` varchar(255) COLLATE utf8mb4_unicode_ci NOT NULL,
  `ENC_5` varchar(255) COLLATE utf8mb4_unicode_ci NOT NULL,
  `ENC_6` varchar(255) COLLATE utf8mb4_unicode_ci NOT NULL,
  `ENC_7` varchar(255) COLLATE utf8mb4_unicode_ci NOT NULL,
  `ENC_8` varchar(255) COLLATE utf8mb4_unicode_ci NOT NULL,
  `ENC_9` varchar(255) COLLATE utf8mb4_unicode_ci NOT NULL,
  `ENC_10` varchar(255) COLLATE utf8mb4_unicode_ci NOT NULL,
  `ENC_15` varchar(255) COLLATE utf8mb4_unicode_ci NOT NULL,
  `ENC_16` varchar(255) COLLATE utf8mb4_unicode_ci NOT NULL,
  `ENC_20` varchar(255) COLLATE utf8mb4_unicode_ci NOT NULL,
  `ENC_21` varchar(255) COLLATE utf8mb4_unicode_ci NOT NULL,
  `id_empresa` int(11) NOT NULL,
  `created_at` timestamp NULL DEFAULT NULL,
  `updated_at` timestamp NULL DEFAULT NULL
) ENGINE=InnoDB DEFAULT CHARSET=utf8mb4 COLLATE=utf8mb4_unicode_ci;

-- --------------------------------------------------------

--
-- Table structure for table `f_gtes`
--

CREATE TABLE `f_gtes` (
  `id` int(10) UNSIGNED NOT NULL,
  `GTE_1` varchar(255) COLLATE utf8mb4_unicode_ci NOT NULL,
  `GTE_2` varchar(255) COLLATE utf8mb4_unicode_ci NOT NULL,
  `id_empresa` int(11) NOT NULL,
  `created_at` timestamp NULL DEFAULT NULL,
  `updated_at` timestamp NULL DEFAULT NULL
) ENGINE=InnoDB DEFAULT CHARSET=utf8mb4 COLLATE=utf8mb4_unicode_ci;

-- --------------------------------------------------------

--
-- Table structure for table `f_iccs`
--

CREATE TABLE `f_iccs` (
  `id` int(10) UNSIGNED NOT NULL,
  `ICC_1` varchar(255) COLLATE utf8mb4_unicode_ci NOT NULL,
  `ICC_2` varchar(255) COLLATE utf8mb4_unicode_ci NOT NULL,
  `ICC_3` varchar(255) COLLATE utf8mb4_unicode_ci NOT NULL,
  `ICC_4` varchar(255) COLLATE utf8mb4_unicode_ci NOT NULL,
  `ICC_5` varchar(255) COLLATE utf8mb4_unicode_ci NOT NULL,
  `ICC_6` varchar(255) COLLATE utf8mb4_unicode_ci NOT NULL,
  `ICC_7` varchar(255) COLLATE utf8mb4_unicode_ci NOT NULL,
  `ICC_8` varchar(255) COLLATE utf8mb4_unicode_ci NOT NULL,
  `ICC_9` varchar(255) COLLATE utf8mb4_unicode_ci NOT NULL,
  `id_empresa` int(11) NOT NULL,
  `created_at` timestamp NULL DEFAULT NULL,
  `updated_at` timestamp NULL DEFAULT NULL
) ENGINE=InnoDB DEFAULT CHARSET=utf8mb4 COLLATE=utf8mb4_unicode_ci;

-- --------------------------------------------------------

--
-- Table structure for table `f_tacs`
--

CREATE TABLE `f_tacs` (
  `id` int(10) UNSIGNED NOT NULL,
  `TAC_1` varchar(255) COLLATE utf8mb4_unicode_ci NOT NULL,
  `id_empresa` int(11) NOT NULL,
  `created_at` timestamp NULL DEFAULT NULL,
  `updated_at` timestamp NULL DEFAULT NULL
) ENGINE=InnoDB DEFAULT CHARSET=utf8mb4 COLLATE=utf8mb4_unicode_ci;

--
-- Dumping data for table `f_tacs`
--

INSERT INTO `f_tacs` (`id`, `TAC_1`, `id_empresa`, `created_at`, `updated_at`) VALUES
(1, 'O-07;O-09;O-14;O-48;O-52', 15, NULL, NULL);

-- --------------------------------------------------------

--
-- Table structure for table `insumo_x_m_ls`
--

CREATE TABLE `insumo_x_m_ls` (
  `id` int(10) UNSIGNED NOT NULL,
  `id_factura` int(11) NOT NULL,
  `id_sucursal` int(11) NOT NULL,
  `id_empresa` int(11) NOT NULL,
  `id_cliente` int(11) NOT NULL,
  `enviado` text COLLATE utf8mb4_unicode_ci,
  `created_at` timestamp NULL DEFAULT NULL,
  `updated_at` timestamp NULL DEFAULT NULL
) ENGINE=InnoDB DEFAULT CHARSET=utf8mb4 COLLATE=utf8mb4_unicode_ci;

-- --------------------------------------------------------

--
-- Table structure for table `invitados`
--

CREATE TABLE `invitados` (
  `id` int(10) UNSIGNED NOT NULL,
  `correo` varchar(255) COLLATE utf8mb4_unicode_ci NOT NULL,
  `nombre` varchar(255) COLLATE utf8mb4_unicode_ci NOT NULL,
  `id_calendario` int(11) NOT NULL,
  `id_directorio` int(11) NOT NULL,
  `id_empresa` int(11) NOT NULL,
  `created_at` timestamp NULL DEFAULT NULL,
  `updated_at` timestamp NULL DEFAULT NULL
) ENGINE=InnoDB DEFAULT CHARSET=utf8mb4 COLLATE=utf8mb4_unicode_ci;

-- --------------------------------------------------------

--
-- Table structure for table `kardexes`
--

CREATE TABLE `kardexes` (
  `id` int(10) UNSIGNED NOT NULL,
  `id_sucursal` int(11) NOT NULL,
  `numero` int(11) NOT NULL,
  `prefijo` varchar(255) COLLATE utf8mb4_unicode_ci NOT NULL,
  `id_cliente` int(20) NOT NULL,
  `id_factura` int(11) NOT NULL,
  `id_vendedor` int(11) NOT NULL,
  `fecha` varchar(255) COLLATE utf8mb4_unicode_ci NOT NULL,
  `id_referencia` int(11) NOT NULL,
  `lote` varchar(255) COLLATE utf8mb4_unicode_ci NOT NULL,
  `serial` varchar(255) COLLATE utf8mb4_unicode_ci NOT NULL,
  `fecha_vencimiento` varchar(255) COLLATE utf8mb4_unicode_ci NOT NULL,
  `cantidad` decimal(11,2) NOT NULL,
  `precio` decimal(11,2) NOT NULL,
  `costo` decimal(11,2) NOT NULL,
  `id_documento` int(11) NOT NULL,
  `signo` varchar(255) COLLATE utf8mb4_unicode_ci NOT NULL,
  `subtotal` decimal(11,2) NOT NULL,
  `iva` decimal(11,2) NOT NULL,
  `impoconsumo` decimal(11,2) NOT NULL,
  `otro_impuesto` decimal(11,2) NOT NULL,
  `otro_impuesto1` decimal(11,2) NOT NULL,
  `descuento` decimal(11,2) NOT NULL,
  `fletes` decimal(11,2) NOT NULL,
  `retefuente` decimal(11,2) NOT NULL,
  `total` decimal(11,2) NOT NULL,
  `observaciones` text COLLATE utf8mb4_unicode_ci NOT NULL,
  `id_modificado` int(11) NOT NULL,
  `kardex_anterior` int(11) NOT NULL,
  `estado` varchar(255) COLLATE utf8mb4_unicode_ci NOT NULL,
  `id_empresa` int(11) NOT NULL,
  `created_at` timestamp NULL DEFAULT NULL,
  `updated_at` timestamp NULL DEFAULT NULL
) ENGINE=InnoDB DEFAULT CHARSET=utf8mb4 COLLATE=utf8mb4_unicode_ci;

-- --------------------------------------------------------

--
-- Table structure for table `kardex_carteras`
--

CREATE TABLE `kardex_carteras` (
  `id` int(10) UNSIGNED NOT NULL,
  `id_empresa` int(11) NOT NULL,
  `id_cartera` int(11) NOT NULL,
  `id_factura` int(11) NOT NULL,
  `fechaFactura` varchar(255) COLLATE utf8mb4_unicode_ci NOT NULL,
  `numeroFactura` varchar(255) COLLATE utf8mb4_unicode_ci NOT NULL,
  `descuentos` decimal(11,2) NOT NULL,
  `sobrecostos` decimal(11,2) NOT NULL,
  `fletes` decimal(11,2) NOT NULL,
  `retefuente` decimal(11,2) NOT NULL,
  `efectivo` decimal(11,2) NOT NULL,
  `reteiva` decimal(11,2) NOT NULL,
  `reteica` decimal(11,2) NOT NULL,
  `total` decimal(11,2) NOT NULL,
  `id_auxiliar` int(11) DEFAULT NULL,
  `created_at` timestamp NULL DEFAULT NULL,
  `updated_at` timestamp NULL DEFAULT NULL
) ENGINE=InnoDB DEFAULT CHARSET=utf8mb4 COLLATE=utf8mb4_unicode_ci;

-- --------------------------------------------------------

--
-- Table structure for table `lineas`
--

CREATE TABLE `lineas` (
  `id` int(10) UNSIGNED NOT NULL,
  `nombre` varchar(255) COLLATE utf8mb4_unicode_ci NOT NULL,
  `descripcion` varchar(255) COLLATE utf8mb4_unicode_ci NOT NULL,
  `retefuente_porcentaje` decimal(11,2) DEFAULT NULL,
  `v_puc_retefuente` int(11) DEFAULT NULL,
  `c_puc_reteiva` int(11) DEFAULT NULL,
  `c_puc_retefuente` int(11) DEFAULT NULL,
  `reteiva_porcentaje` decimal(11,2) DEFAULT NULL,
  `v_puc_reteiva` int(11) DEFAULT NULL,
  `reteica_porcentaje` decimal(11,2) DEFAULT NULL,
  `v_puc_reteica` int(11) DEFAULT NULL,
  `c_puc_reteica` int(11) DEFAULT NULL,
  `iva_porcentaje` decimal(11,2) DEFAULT NULL,
  `v_puc_iva` int(11) DEFAULT NULL,
  `c_puc_iva` int(11) DEFAULT NULL,
  `puc_compra` int(11) DEFAULT NULL,
  `puc_venta` int(11) DEFAULT NULL,
  `codigo_interno` varchar(255) COLLATE utf8mb4_unicode_ci NOT NULL,
  `codigo_alterno` varchar(255) COLLATE utf8mb4_unicode_ci NOT NULL,
  `id_empresa` int(11) NOT NULL,
  `created_at` timestamp NULL DEFAULT NULL,
  `updated_at` timestamp NULL DEFAULT NULL
) ENGINE=InnoDB DEFAULT CHARSET=utf8mb4 COLLATE=utf8mb4_unicode_ci;

--
-- Dumping data for table `lineas`
--

INSERT INTO `lineas` (`id`, `nombre`, `descripcion`, `retefuente_porcentaje`, `v_puc_retefuente`, `c_puc_reteiva`, `c_puc_retefuente`, `reteiva_porcentaje`, `v_puc_reteiva`, `reteica_porcentaje`, `v_puc_reteica`, `c_puc_reteica`, `iva_porcentaje`, `v_puc_iva`, `c_puc_iva`, `puc_compra`, `puc_venta`, `codigo_interno`, `codigo_alterno`, `id_empresa`, `created_at`, `updated_at`) VALUES
(1, 'ABONOS', 'ABONOS', 25.00, 21, 25, 190, 10.00, 25, 10.00, 25, 204, 19.00, 227, 220, 47, 581, '1', '1', 15, '2025-10-20 00:37:00', '2020-09-17 17:52:48'),
(2, 'FERTILIZANTES', 'FERTILIZANTE', 25.00, 21, 25, 190, 10.00, 25, 10.00, 25, 204, 19.00, 227, 220, 47, 581, '1', '1', 15, '2025-10-20 00:37:00', '2025-10-20 00:37:00'),
(3, 'VETERINARIA', 'VETERINARIA', 25.00, 21, 25, 190, 10.00, 25, 10.00, 25, 204, 19.00, 227, 220, 47, 581, '1', '1', 15, '2025-10-20 00:37:00', '2025-10-20 00:37:00'),
(4, 'HERVICIDAS', 'HERVICIDAS', 25.00, 21, 25, 190, 10.00, 25, 10.00, 25, 204, 19.00, 227, 220, 47, 581, '1', '1', 15, '2019-10-26 00:37:58', '2019-10-26 00:37:58'),
(5, 'INSECTISIDAS', 'INSECTISIDAS', 25.00, 21, 25, 190, 10.00, 25, 10.00, 25, 204, 19.00, 227, 220, 47, 581, '1', '1', 15, '2025-10-20 00:37:00', '2025-10-20 00:37:00'),
(6, 'FUNGICIDAS', 'FUNGICIDAS', 25.00, 21, 25, 190, 10.00, 25, 10.00, 25, 204, 19.00, 227, 220, 47, 581, '1', '1', 15, '2025-10-20 00:37:00', '2025-10-20 00:37:00'),
(7, 'ADHERENTES', 'ADHERENTES', 25.00, 21, 25, 190, 10.00, 25, 10.00, 25, 204, 19.00, 227, 220, 47, 581, '1', '1', 15, '2025-10-20 00:37:00', '2025-10-20 00:37:00'),
(8, 'VARIOS', 'VARIOS', 25.00, 21, 25, 190, 10.00, 25, 10.00, 25, 204, 19.00, 227, 220, 47, 581, '1', '1', 15, '2025-10-20 00:37:00', '2025-10-20 00:37:00'),
(9, 'FUMIGADORAS', 'FUMIGADORAS', 25.00, 21, 25, 190, 10.00, 25, 10.00, 25, 204, 19.00, 227, 220, 47, 581, '1', '1', 15, '2025-10-20 00:37:00', '2025-10-20 00:37:00'),
(10, 'CONCENTRADOS', 'CONCENTRADOS', 25.00, 21, 25, 190, 10.00, 25, 10.00, 25, 204, 19.00, 227, 220, 47, 581, '1', '1', 15, '2025-10-20 00:37:00', '2025-10-20 00:37:00'),
(11, 'DROGA VETERINARIA', 'DROGA VETERINARIA', 25.00, 21, 25, 190, 10.00, 25, 10.00, 25, 204, 19.00, 227, 220, 47, 581, '1', '1', 15, '2025-10-20 00:37:00', '2025-10-20 00:37:00'),
(12, 'INSTRUMENTAL VETERINARIA', 'INSTRUMENTAL VETERINARIA', 25.00, 21, 25, 190, 10.00, 25, 10.00, 25, 204, 19.00, 227, 220, 47, 581, '1', '1', 15, '2025-10-20 00:37:00', '2025-10-20 00:37:00'),
(13, 'VARIOS CASEROS', 'VARIOS CASEROS', 25.00, 21, 25, 190, 10.00, 25, 10.00, 25, 204, 19.00, 227, 220, 47, 581, '1', '1', 15, '2025-10-20 00:37:00', '2025-10-20 00:37:00'),
(20, 'PRODUCTOS TERMINADOS', 'PRODUCTOS TERMINADOS', 25.00, 21, 25, 190, 10.00, 25, 10.00, 25, 204, 19.00, 227, 220, 47, 581, '1', '1', 15, '2025-10-20 00:37:00', '2025-10-20 00:37:00'),
(40, 'PRODUCTO TERMINADO', 'PRODUCTO TERMINADO', 25.00, 21, 25, 190, 10.00, 25, 10.00, 25, 204, 19.00, 227, 220, 47, 581, '1', '1', 15, '2025-10-20 00:37:00', '2025-10-20 00:37:00'),
(50, 'MATERIAS PRIMAS', 'MATERIAS PRIMAS', 25.00, 21, 25, 190, 10.00, 25, 10.00, 25, 204, 19.00, 227, 220, 47, 581, '1', '1', 15, '2025-10-20 00:37:00', '2025-10-20 00:37:00'),
(60, 'VARIOS', 'VARIOS', 25.00, 21, 25, 190, 10.00, 25, 10.00, 25, 204, 19.00, 227, 220, 47, 581, '1', '1', 15, '2025-10-20 00:37:00', '2025-10-20 00:37:00'),
(70, 'SERVICIOS', 'SERVICIOS', 25.00, 21, 25, 190, 10.00, 25, 10.00, 25, 204, 19.00, 227, 220, 47, 581, '1', '1', 15, '2025-10-20 00:37:00', '2025-10-20 00:37:00');

-- --------------------------------------------------------

--
-- Table structure for table `lotes`
--

CREATE TABLE `lotes` (
  `id` int(10) UNSIGNED NOT NULL,
  `id_referencia` int(11) NOT NULL,
  `numero_lote` varchar(255) COLLATE utf8mb4_unicode_ci NOT NULL,
  `fecha_vence_lote` varchar(255) COLLATE utf8mb4_unicode_ci NOT NULL,
  `ubicacion` varchar(255) COLLATE utf8mb4_unicode_ci NOT NULL,
  `serial` varchar(255) COLLATE utf8mb4_unicode_ci NOT NULL,
  `cantidad` int(11) NOT NULL,
  `id_sucursal` int(11) DEFAULT NULL,
  `id_empresa` int(11) NOT NULL,
  `created_at` timestamp NULL DEFAULT NULL,
  `updated_at` timestamp NULL DEFAULT NULL
) ENGINE=InnoDB DEFAULT CHARSET=utf8mb4 COLLATE=utf8mb4_unicode_ci;

-- --------------------------------------------------------

--
-- Table structure for table `marcas`
--

CREATE TABLE `marcas` (
  `id` int(10) UNSIGNED NOT NULL,
  `nombre` varchar(255) COLLATE utf8mb4_unicode_ci NOT NULL,
  `descripcion` varchar(255) COLLATE utf8mb4_unicode_ci NOT NULL,
  `logo` text COLLATE utf8mb4_unicode_ci NOT NULL,
  `codigo_interno` varchar(255) COLLATE utf8mb4_unicode_ci NOT NULL,
  `codigo_alterno` varchar(255) COLLATE utf8mb4_unicode_ci NOT NULL,
  `id_empresa` int(11) NOT NULL,
  `created_at` timestamp NULL DEFAULT NULL,
  `updated_at` timestamp NULL DEFAULT NULL
) ENGINE=InnoDB DEFAULT CHARSET=utf8mb4 COLLATE=utf8mb4_unicode_ci;

--
-- Dumping data for table `marcas`
--

INSERT INTO `marcas` (`id`, `nombre`, `descripcion`, `logo`, `codigo_interno`, `codigo_alterno`, `id_empresa`, `created_at`, `updated_at`) VALUES
(1, 'AGROFERCOL             ', 'AGROFERCOL             ', 'SIN LOGO', '1', '1', 15, '2025-10-20 00:37:00', '2025-10-20 00:37:00'),
(2, 'AGRICENSE LTDA         ', 'AGRICENSE LTDA                  ', 'SIN LOGO', '1', '1', 15, '2025-10-20 00:37:00', '2025-10-20 00:37:00'),
(3, 'RAMIREZ JAIME  ', 'RAMIREZ JAIME', 'SIN LOGO', '1', '1', 15, '2025-10-20 00:37:00', '2025-10-20 00:37:00'),
(4, 'LEAL CLAVIJO LUIS      ', 'LEAL CLAVIJO LUIS      ', 'SIN LOGO', '4', '4', 15, '2025-10-20 00:37:00', '2025-10-20 00:37:00'),
(5, 'GUERREO ORTEGA ELBERTO ', 'GUERREO ORTEGA ELBERTO ', 'SIN LOGO', '5', '5', 15, '2025-10-20 00:37:00', '2025-10-20 00:37:00'),
(6, 'GARAY GOMEZ GUSTAVO    ', 'GARAY GOMEZ GUSTAVO    ', 'SIN LOGO', '6', '6', 15, '2025-10-20 00:37:00', '2025-10-20 00:37:00'),
(7, 'CIPLAS   ', 'CIPLAS', 'SIN LOGO', '1', '1', 15, '2025-10-20 00:37:00', '2025-10-20 00:37:00'),
(8, 'VIVIAS MIRIAM', 'VIVAS MIRIAM', 'SIN LOGO', '1', '1', 15, '2025-10-20 00:37:00', '2025-10-20 00:37:00'),
(9, 'QUINTERO MARTHA', 'QUINTERO MARTHA', 'SIN LOGO', '1', '1', 15, '2025-10-20 00:37:00', '2025-10-20 00:37:00'),
(10, 'HURTADO OSPINA CLAUDIA', 'HURTADO OSPINA CLAUDIA', 'SIN LOGO', '1', '1', 15, '2025-10-20 00:37:00', '2025-10-20 00:37:00'),
(11, 'MONSANTO', 'MONSANTO', 'SIN LOGO', '1', '1', 15, '2025-10-20 00:37:00', '2025-10-20 00:37:00'),
(12, 'CORREA JAIME HUMBERTO', 'CORREA JAIME HUMBERTO', 'SIN LOGO', '1', '1', 15, '2025-10-20 00:37:00', '2025-10-20 00:37:00'),
(13, 'AGROZ  S.A             ', 'AGROZ  S.A             ', 'SIN LOGO', '13', '13', 15, '2025-10-20 00:37:00', '2025-10-20 00:37:00'),
(14, 'INDUSTRIAS TORPLAST LTDA.', 'INDUSTRIAS TORPLAST LTDA.', 'SIN LOGO', '14', '14', 15, '2019-10-26 00:37:00', '2019-10-26 00:37:00'),
(15, 'MANILAS Y TRENZADOS LTDA', 'MANILAS Y TRENZADOS LTDA', 'SIN LOGO', '15', '15', 15, '2019-10-26 00:37:00', '2019-10-26 00:37:00'),
(16, 'APROFARM LTDA', 'APROFARM LTDA', 'SIN LOGO', '16', '16', 15, '2019-10-26 00:37:00', '2019-10-26 00:37:00'),
(17, 'PRODUTOS QUIMICOS PANAMERICANOS', 'PRODUTOS QUIMICOS PANAMERICANOS', 'SIN LOGO', '17', '17', 15, '2019-10-26 00:37:00', '2019-10-26 00:37:00'),
(18, 'LABORATORIOS ORVIFARMA', 'LABORATORIOS ORVIFARMA', 'SIN LOGO', '18', '18', 15, '2019-10-26 00:37:00', '2019-10-26 00:37:00'),
(19, 'MINAGRO LTDA.', 'MINAGRO LTDA.', 'SIN LOGO', '19', '19', 15, '2019-10-26 00:37:00', '2019-10-26 00:37:00'),
(20, 'DISPROALQUIMICOS S.A.', 'DISPROALQUIMICOS S.A.', 'SIN LOGO', '20', '20', 15, '2019-10-26 00:37:00', '2019-10-26 00:37:00'),
(21, 'PRODUCTOS JULIAO', 'PRODUCTOS JULIAO', 'SIN LOGO', '21', '21', 15, '2019-10-26 00:37:00', '2019-10-26 00:37:00'),
(22, 'FARMATEC LTDA', 'FARMATEC LTDA', 'SIN LOGO', '22', '22', 15, '2019-10-26 00:37:00', '2019-10-26 00:37:00'),
(23, 'ORIUS BIOTECNOLOGIA', 'ORIUS BIOTECNOLOGIA', 'SIN LOGO', '23', '23', 15, '2019-10-26 00:37:00', '2019-10-26 00:37:00'),
(24, 'PRODUCTOS QUIMICOS ROD', 'PRODUCTOS QUIMICOS ROD', 'SIN LOGO', '24', '24', 15, '2019-10-26 00:37:00', '2019-10-26 00:37:00'),
(25, 'VETIAGRO DISTRIBUCIONES S.A.', 'VETIAGRO DISTRIBUCIONES S.A.', 'SIN LOGO', '25', '25', 15, '2019-10-26 00:37:00', '2019-10-26 00:37:00'),
(26, 'MASTERPLAST LTDA', 'MASTERPLAST LTDA', 'SIN LOGO', '26', '26', 15, '2019-10-26 00:37:00', '2019-10-26 00:37:00'),
(27, 'ENVASAR LTDA', 'ENVASAR LTDA', 'SIN LOGO', '27', '27', 15, '2019-10-26 00:37:00', '2019-10-26 00:37:00'),
(28, 'QUIMICOS CAMPOTA Y CIA LTDA', 'QUIMICOS CAMPOTA Y CIA LTDA', 'SIN LOGO', '28', '28', 15, '2019-10-26 00:37:00', '2019-10-26 00:37:00'),
(29, 'DISTRIENVASES PLASTICOS', 'DISTRIENVASES PLASTICOS', 'SIN LOGO', '29', '29', 15, '2025-10-20 00:37:00', '2025-10-20 00:37:00'),
(30, 'MONOMEROS DE COLOMBIA', 'MONOMEROS DE COLOMBIA', 'SIN LOGO', '30', '30', 15, '2019-10-26 00:37:00', '2019-10-26 00:37:00'),
(31, 'NEW HIGH GLASS COLOMBIA LTDA', 'NEW HIGH GLASS COLOMBIA LTDA', 'SIN LOGO', '31', '31', 15, '2019-10-26 00:37:00', '2019-10-26 00:37:00'),
(32, 'INSEC LTDA', 'INSEC LTDA', 'SIN LOGO', '32', '32', 15, '2019-10-26 00:37:00', '2019-10-26 00:37:00'),
(33, 'COMERCIAL QUIMICA LTDA ', 'COMERCIAL QUIMICA LTDA ', 'SIN LOGO', '33', '33', 15, '2025-10-20 00:37:00', '2025-10-20 00:37:00'),
(34, 'ANMIFARMA LTDA', 'ANMIFARMA LTDA', 'SIN LOGO', '34', '34', 15, '2019-10-26 00:37:00', '2019-10-26 00:37:00'),
(35, 'MERQUIMIA COLOMBIA S.A.', 'MERQUIMIA COLOMBIA S.A.', 'SIN LOGO', '35', '35', 15, '2019-10-26 00:37:00', '2019-10-26 00:37:00'),
(36, 'LABORATORIOS GANACOL LTDA', 'LABORATORIOS GANACOL LTDA', 'SIN LOGO', '36', '36', 15, '2019-10-26 00:37:00', '2019-10-26 00:37:00'),
(37, 'NUTRIMON', 'NUTRIMON', 'SIN LOGO', '37', '37', 15, '2019-10-26 00:37:00', '2019-10-26 00:37:00'),
(38, 'AGROVETERINARIA SERVICAMPO LTDA', 'AGROVETERINARIA SERVICAMPO LTDA', 'SIN LOGO', '38', '38', 15, '2019-10-26 00:37:00', '2019-10-26 00:37:00'),
(39, 'AGROZ                  ', 'AGROZ                  ', 'SIN LOGO', '39', '39', 15, '2025-10-20 00:37:00', '2025-10-20 00:37:00'),
(40, 'PHAREX LABORATORIES LTDA', 'PHAREX LABORATORIES LTDA', 'SIN LOGO', '40', '40', 15, '2019-10-26 00:37:00', '2019-10-26 00:37:00'),
(41, 'EXIAGRO LTDA', 'EXIAGRO LTDA', 'SIN LOGO', '41', '41', 15, '2019-10-26 00:37:00', '2019-10-26 00:37:00'),
(42, 'AGROSER', 'AGROSER', 'SIN LOGO', '42', '42', 15, '2019-10-26 00:37:00', '2019-10-26 00:37:00'),
(43, 'AGROCEGAN E U          ', 'AGROCEGAN E U          ', 'SIN LOGO', '43', '43', 15, '2025-10-20 00:37:00', '2025-10-20 00:37:00'),
(44, 'NYMPHARMA LABORATORIOS EAT', 'NYMPHARMA LABORATORIOS EAT', 'SIN LOGO', '44', '44', 15, '2019-10-26 00:37:00', '2019-10-26 00:37:00'),
(45, 'DIMEVET S.A', 'DIMEVET S.A', 'SIN LOGO', '45', '45', 15, '2019-10-26 00:37:00', '2019-10-26 00:37:00'),
(46, 'RIVERCOL S.A', 'RIVERCOL S.A', 'SIN LOGO', '46', '46', 15, '2019-10-26 00:37:00', '2019-10-26 00:37:00'),
(47, 'DISTRIBUIDORA CORDOBA L', 'DISTRIBUIDORA CORDOBA L', 'SIN LOGO', '47', '47', 15, '2025-10-20 00:37:00', '2025-10-20 00:37:00'),
(48, 'ENVASES LTDA.', 'ENVASES LTDA.', 'SIN LOGO', '48', '48', 15, '2019-10-26 00:37:00', '2019-10-26 00:37:00'),
(49, 'DISTRIAGRICOLA LTDA.', 'DISTRIAGRICOLA LTDA.', 'SIN LOGO', '49', '49', 15, '2019-10-26 00:37:00', '2019-10-26 00:37:00'),
(50, 'SODIAK S.A             ', 'SODIAK S.A             ', 'SIN LOGO', '50', '50', 15, '2025-10-20 00:37:00', '2025-10-20 00:37:00'),
(51, 'MESA HERMANOS Y CIA', 'MESA HERMANOS Y CIA', 'SIN LOGO', '51', '51', 15, '2019-10-26 00:37:00', '2019-10-26 00:37:00'),
(52, 'AGROEXPORT DE COLOMBIA LTDA', 'AGROEXPORT DE COLOMBIA LTDA', 'SIN LOGO', '52', '52', 15, '2019-10-26 00:37:00', '2019-10-26 00:37:00'),
(53, 'AGROCAMPO S.A', 'AGROCAMPO S.A', 'SIN LOGO', '53', '53', 15, '2019-10-26 00:37:00', '2019-10-26 00:37:00'),
(54, 'VITAGRO LTDA           ', 'VITAGRO LTDA           ', 'SIN LOGO', '54', '54', 15, '2025-10-20 00:37:00', '2025-10-20 00:37:00'),
(55, 'DUQUE SALDARRIAGA Y CIA', 'DUQUE SALDARRIAGA Y CIA', 'SIN LOGO', '55', '55', 15, '2025-10-20 00:37:00', '2025-10-20 00:37:00'),
(56, 'DISAROMAS LTDA         ', 'DISAROMAS LTDA         ', 'SIN LOGO', '56', '56', 15, '2025-10-20 00:37:00', '2025-10-20 00:37:00'),
(57, 'INDUSTRIAS PLASTICAS GR LTDA', 'INDUSTRIAS PLASTICAS GR LTDA', 'SIN LOGO', '57', '57', 15, '2019-10-26 00:37:00', '2019-10-26 00:37:00'),
(58, 'LABORATORIOS PROQUIVET LTDA', 'LABORATORIOS PROQUIVET LTDA', 'SIN LOGO', '58', '58', 15, '2019-10-26 00:37:00', '2019-10-26 00:37:00'),
(59, 'SUCAMPO S.A', 'SUCAMPO S.A', 'SIN LOGO', '59', '59', 15, '2019-10-26 00:37:00', '2019-10-26 00:37:00'),
(60, 'ROTOPLAST S.A', 'ROTOPLAST S.A', 'SIN LOGO', '60', '60', 15, '2019-10-26 00:37:00', '2019-10-26 00:37:00'),
(61, 'MANUELITA S.A', 'MANUELITA S.A', 'SIN LOGO', '61', '61', 15, '2019-10-26 00:37:00', '2019-10-26 00:37:00'),
(62, 'COMERCIAL AGRARIA S.A', 'COMERCIAL AGRARIA S.A', 'SIN LOGO', '62', '62', 15, '2019-10-26 00:37:00', '2019-10-26 00:37:00'),
(63, 'SURCAR LTDA', 'SURCAR LTDA', 'SIN LOGO', '63', '63', 15, '2019-10-26 00:37:00', '2019-10-26 00:37:00'),
(64, 'OPTI VET LTDA          ', 'OPTI VET LTDA          ', 'SIN LOGO', '64', '64', 15, '2025-10-20 00:37:00', '2025-10-20 00:37:00'),
(65, 'EMPRESA PRECOOPERATIVA MIELEXPORT', 'EMPRESA PRECOOPERATIVA MIELEXPORT', 'SIN LOGO', '65', '65', 15, '2019-10-26 00:37:00', '2019-10-26 00:37:00'),
(66, 'EL PUNTO AGRICOLA Y ASOCIADOS', 'EL PUNTO AGRICOLA Y ASOCIADOS', 'SIN LOGO', '66', '66', 15, '2019-10-26 00:37:00', '2019-10-26 00:37:00'),
(67, 'COMERCIALIZADORA LATINAGRO S.A', 'COMERCIALIZADORA LATINAGRO S.A', 'SIN LOGO', '67', '67', 15, '2019-10-26 00:37:00', '2019-10-26 00:37:00'),
(68, 'CIA COLOMBIANA DE ESMALTES S.A.', 'CIA COLOMBIANA DE ESMALTES S.A.', 'SIN LOGO', '68', '68', 15, '2019-10-26 00:37:00', '2019-10-26 00:37:00'),
(69, 'GENTRA LTDA', 'GENTRA LTDA', 'SIN LOGO', '69', '69', 15, '2019-10-26 00:37:00', '2019-10-26 00:37:00'),
(70, 'GRAFIEXPRESS DIGITAL LTDA', 'GRAFIEXPRESS DIGITAL LTDA', 'SIN LOGO', '70', '70', 15, '2019-10-26 00:37:00', '2019-10-26 00:37:00'),
(71, 'VITAGRO                ', 'VITAGRO                ', 'SIN LOGO', '71', '71', 15, '2025-10-20 00:37:00', '2025-10-20 00:37:00'),
(72, 'MEDIVEXT', 'MEDIVEXT', 'SIN LOGO', '72', '72', 15, '2019-10-26 00:37:00', '2019-10-26 00:37:00'),
(73, 'VICAR FARMACEUTICA S.A.', 'VICAR FARMACEUTICA S.A.', 'SIN LOGO', '73', '73', 15, '2019-10-26 00:37:00', '2019-10-26 00:37:00'),
(74, 'VARIOS                 ', 'VARIOS                 ', 'SIN LOGO', '74', '74', 15, '2025-10-20 00:37:00', '2025-10-20 00:37:00'),
(75, 'LABORATORIOS DECNO S.A.S', 'LABORATORIOS DECNO S.A.S', 'SIN LOGO', '75', '75', 15, '2019-10-26 00:37:00', '2019-10-26 00:37:00'),
(76, 'FEDEARROZ              ', 'FEDEARROZ              ', 'SIN LOGO', '76', '76', 15, '2025-10-20 00:37:00', '2025-10-20 00:37:00'),
(77, 'APOLOFARMA', 'APOLOFARMA', 'SIN LOGO', '77', '77', 15, '2019-10-26 00:37:00', '2019-10-26 00:37:00'),
(78, 'AGRO DAR LTDA', 'AGRO DAR LTDA', 'SIN LOGO', '78', '78', 15, '2019-10-26 00:37:00', '2019-10-26 00:37:00'),
(79, 'PHARMAQUIN DE COLO     ', 'PHARMAQUIN DE COLO     ', 'SIN LOGO', '79', '79', 15, '2025-10-20 00:37:00', '2025-10-20 00:37:00'),
(80, 'PHARMAQUIN DE COLOMBIA ', 'PHARMAQUIN DE COLOMBIA ', 'SIN LOGO', '80', '80', 15, '2025-10-20 00:37:00', '2025-10-20 00:37:00'),
(83, 'BIOANALISIS FARMACEUTI', 'BIOANALISIS FARMACEUTI', 'SIN LOGO', '83', '83', 15, '2019-10-26 00:37:00', '2019-10-26 00:37:00'),
(84, 'PROQUIVET  S.A.S       ', 'PROQUIVET  S.A.S       ', 'SIN LOGO', '84', '84', 15, '2025-10-20 00:37:00', '2025-10-20 00:37:00'),
(90, 'DACARSA                ', 'DACARSA                ', 'SIN LOGO', '90', '90', 15, '2025-10-20 00:37:00', '2025-10-20 00:37:00');

-- --------------------------------------------------------

--
-- Table structure for table `migrations`
--

CREATE TABLE `migrations` (
  `id` int(10) UNSIGNED NOT NULL,
  `migration` varchar(255) COLLATE utf8mb4_unicode_ci NOT NULL,
  `batch` int(11) NOT NULL
) ENGINE=MyISAM DEFAULT CHARSET=utf8mb4 COLLATE=utf8mb4_unicode_ci;

--
-- Dumping data for table `migrations`
--

INSERT INTO `migrations` (`id`, `migration`, `batch`) VALUES
(32, '2017_09_18_025917_create_usuarios_table', 1),
(33, '2017_09_18_030156_create_sucursales_table', 1),
(34, '2017_09_18_030232_create_retefuentes_table', 1),
(35, '2017_09_18_030336_create_resoluciones_table', 1),
(36, '2017_09_18_030407_create_regimenes_table', 1),
(37, '2017_09_18_030436_create_invitados_table', 1),
(38, '2017_09_18_030508_create_empresas_table', 1),
(39, '2017_09_18_030555_create_directorio_tipo_terceros_table', 1),
(40, '2017_09_18_030626_create_directorio_tipos_table', 1),
(41, '2017_09_18_030722_create_directorio_clases_table', 1),
(42, '2017_09_18_030747_create_directorios_table', 1),
(43, '2017_09_18_030819_create_departamentos_table', 1),
(44, '2017_09_18_030917_create_ciudades_table', 1),
(45, '2017_09_18_030946_create_calendarios_table', 1),
(46, '2017_09_18_032032_create_contrato_laboral_table', 2),
(47, '2017_09_18_034112_create_chats_table', 2),
(48, '2018_04_27_015857_create_marcas_table', 2),
(49, '2018_04_27_015913_create_lineas_table', 2),
(50, '2018_04_27_020844_create_tipo_presentaciones_table', 2),
(51, '2018_04_27_021454_create_referencias_table', 2),
(52, '2018_04_27_022702_create_lotes_table', 2),
(53, '2018_04_27_023451_create_clasificaciones_table', 3),
(54, '2018_05_26_215042_create_kardex_table', 3),
(55, '2018_05_26_215429_create_documentos_table', 3),
(56, '2018_06_16_191951_create_facturas_table', 3),
(57, '2018_06_16_192751_create_carteras_table', 3),
(58, '2019_01_17_171535_create_kardexCarteras_table', 3),
(59, '2019_01_17_171553_create_formaPagos_table', 3),
(60, '2019_02_02_210129_create_Sessions_table', 3),
(61, '2019_04_26_030215_create_Contabilidades_table', 3),
(62, '2019_04_26_030418_create_Cuentas_table', 3),
(63, '2019_10_21_183759_PUCClases', 3),
(64, '2019_10_21_183906_PUCGrupos', 3),
(65, '2019_10_21_183933_PUCCuentas', 3),
(66, '2019_10_21_184016_PUCCSubcuentas', 3),
(67, '2019_10_21_184057_PUCCAuxiliar', 3),
(68, '2019_10_25_023416_create_Fichatecnicas_table', 4),
(69, '2019_10_25_023554_create_Produccioningresos_table', 4),
(70, '2019_10_25_023621_create_Produccionturnos_table', 4),
(71, '2019_11_20_172027_create_tipopagos_table', 5),
(72, '2020_04_30_194110_create_credenciales_table', 6),
(73, '2020_04_30_194341_create_upload_invoice_file_sends_table', 6),
(74, '2020_04_30_194407_create_upload_invoice_file_responses_table', 6),
(75, '2020_04_30_194508_create_download_p_d_f_file_sends_table', 6),
(76, '2020_04_30_194525_create_download_p_d_f_file_responses_table', 6),
(77, '2020_04_30_195755_create_insumo_x_m_ls_table', 6),
(78, '2020_04_30_201853_create_f_encs_table', 6),
(79, '2020_04_30_201912_create_f_emis_table', 6),
(80, '2020_04_30_201937_create_f_tacs_table', 6),
(81, '2020_04_30_201952_create_f_dves_table', 6),
(82, '2020_04_30_202005_create_f_iccs_table', 6),
(83, '2020_04_30_202017_create_f_cdes_table', 6),
(84, '2020_04_30_202035_create_f_gtes_table', 6),
(85, '2020_07_01_180443_create_zonasusuarios_table', 7),
(86, '2020_07_17_170842_create_directoriomaps_table', 8),
(87, '2020_07_17_170926_create_trakingmaps_table', 8);

-- --------------------------------------------------------

--
-- Table structure for table `paramACTS`
--

CREATE TABLE `paramACTS` (
  `id` int(11) NOT NULL,
  `valor` varchar(200) COLLATE utf8mb4_unicode_ci NOT NULL,
  `descripcion` varchar(200) COLLATE utf8mb4_unicode_ci NOT NULL
) ENGINE=InnoDB DEFAULT CHARSET=utf8mb4 COLLATE=utf8mb4_unicode_ci;

-- --------------------------------------------------------

--
-- Table structure for table `paramBANCS`
--

CREATE TABLE `paramBANCS` (
  `id` int(11) NOT NULL,
  `valor` varchar(200) COLLATE utf8mb4_unicode_ci NOT NULL,
  `descripcion` varchar(200) COLLATE utf8mb4_unicode_ci NOT NULL
) ENGINE=InnoDB DEFAULT CHARSET=utf8mb4 COLLATE=utf8mb4_unicode_ci;

-- --------------------------------------------------------

--
-- Table structure for table `paramBRETS`
--

CREATE TABLE `paramBRETS` (
  `id` int(11) NOT NULL,
  `valor` varchar(200) COLLATE utf8mb4_unicode_ci NOT NULL,
  `descripcion` varchar(200) COLLATE utf8mb4_unicode_ci NOT NULL
) ENGINE=InnoDB DEFAULT CHARSET=utf8mb4 COLLATE=utf8mb4_unicode_ci;

-- --------------------------------------------------------

--
-- Table structure for table `paramCCOSTOS`
--

CREATE TABLE `paramCCOSTOS` (
  `id` int(11) NOT NULL,
  `valor` varchar(200) COLLATE utf8mb4_unicode_ci NOT NULL,
  `descripcion` varchar(200) COLLATE utf8mb4_unicode_ci NOT NULL
) ENGINE=InnoDB DEFAULT CHARSET=utf8mb4 COLLATE=utf8mb4_unicode_ci;

-- --------------------------------------------------------

--
-- Table structure for table `paramCTRLS`
--

CREATE TABLE `paramCTRLS` (
  `id` int(11) NOT NULL,
  `valor` varchar(200) COLLATE utf8mb4_unicode_ci NOT NULL,
  `descripcion` varchar(200) COLLATE utf8mb4_unicode_ci NOT NULL
) ENGINE=InnoDB DEFAULT CHARSET=utf8mb4 COLLATE=utf8mb4_unicode_ci;

-- --------------------------------------------------------

--
-- Table structure for table `paramCUENTAS`
--

CREATE TABLE `paramCUENTAS` (
  `id` int(11) NOT NULL,
  `valor` varchar(200) COLLATE utf8mb4_unicode_ci NOT NULL,
  `descripcion` varchar(200) COLLATE utf8mb4_unicode_ci NOT NULL
) ENGINE=InnoDB DEFAULT CHARSET=utf8mb4 COLLATE=utf8mb4_unicode_ci;

-- --------------------------------------------------------

--
-- Table structure for table `paramENTS`
--

CREATE TABLE `paramENTS` (
  `id` int(11) NOT NULL,
  `valor` varchar(200) COLLATE utf8mb4_unicode_ci NOT NULL,
  `descripcion` varchar(200) COLLATE utf8mb4_unicode_ci NOT NULL
) ENGINE=InnoDB DEFAULT CHARSET=utf8mb4 COLLATE=utf8mb4_unicode_ci;

-- --------------------------------------------------------

--
-- Table structure for table `paramETAPS`
--

CREATE TABLE `paramETAPS` (
  `id` int(11) NOT NULL,
  `valor` varchar(200) COLLATE utf8mb4_unicode_ci NOT NULL,
  `descripcion` varchar(200) COLLATE utf8mb4_unicode_ci NOT NULL
) ENGINE=InnoDB DEFAULT CHARSET=utf8mb4 COLLATE=utf8mb4_unicode_ci;

-- --------------------------------------------------------

--
-- Table structure for table `paramFORMAS`
--

CREATE TABLE `paramFORMAS` (
  `id` int(11) NOT NULL,
  `valor` varchar(200) COLLATE utf8mb4_unicode_ci NOT NULL,
  `descripcion` varchar(200) COLLATE utf8mb4_unicode_ci NOT NULL
) ENGINE=InnoDB DEFAULT CHARSET=utf8mb4 COLLATE=utf8mb4_unicode_ci;

-- --------------------------------------------------------

--
-- Table structure for table `paramLIMIS`
--

CREATE TABLE `paramLIMIS` (
  `id` int(11) NOT NULL,
  `valor` varchar(200) COLLATE utf8mb4_unicode_ci NOT NULL,
  `descripcion` varchar(200) COLLATE utf8mb4_unicode_ci NOT NULL
) ENGINE=InnoDB DEFAULT CHARSET=utf8mb4 COLLATE=utf8mb4_unicode_ci;

-- --------------------------------------------------------

--
-- Table structure for table `paramMBANCS`
--

CREATE TABLE `paramMBANCS` (
  `id` int(11) NOT NULL,
  `valor` varchar(200) COLLATE utf8mb4_unicode_ci NOT NULL,
  `descripcion` varchar(200) COLLATE utf8mb4_unicode_ci NOT NULL
) ENGINE=InnoDB DEFAULT CHARSET=utf8mb4 COLLATE=utf8mb4_unicode_ci;

-- --------------------------------------------------------

--
-- Table structure for table `produccioningresos`
--

CREATE TABLE `produccioningresos` (
  `id` int(10) UNSIGNED NOT NULL,
  `id_cliente` int(11) DEFAULT NULL,
  `id_ficha_tecnica` int(11) NOT NULL,
  `id_sucursal` int(11) NOT NULL,
  `id_empresa` int(11) NOT NULL,
  `id_turno` int(11) NOT NULL,
  `orden_produccion` int(11) NOT NULL,
  `fecha` varchar(255) COLLATE utf8mb4_unicode_ci NOT NULL,
  `operario` int(11) NOT NULL,
  `id_referencia` int(11) NOT NULL,
  `lote` varchar(255) COLLATE utf8mb4_unicode_ci NOT NULL,
  `etapa` varchar(255) COLLATE utf8mb4_unicode_ci NOT NULL,
  `unidades` int(11) NOT NULL,
  `created_at` timestamp NULL DEFAULT NULL,
  `updated_at` timestamp NULL DEFAULT NULL
) ENGINE=InnoDB DEFAULT CHARSET=utf8mb4 COLLATE=utf8mb4_unicode_ci;

-- --------------------------------------------------------

--
-- Table structure for table `produccionturnos`
--

CREATE TABLE `produccionturnos` (
  `id` int(10) UNSIGNED NOT NULL,
  `id_empresa` int(11) NOT NULL,
  `id_sucursal` int(11) NOT NULL,
  `nombre_etapa` varchar(255) COLLATE utf8mb4_unicode_ci NOT NULL,
  `duracion` int(11) NOT NULL,
  `precioobra` int(11) NOT NULL,
  `estado` int(11) NOT NULL,
  `created_at` timestamp NULL DEFAULT NULL,
  `updated_at` timestamp NULL DEFAULT NULL
) ENGINE=InnoDB DEFAULT CHARSET=utf8mb4 COLLATE=utf8mb4_unicode_ci;

-- --------------------------------------------------------

--
-- Table structure for table `pucauxiliars`
--

CREATE TABLE `pucauxiliars` (
  `id` int(10) UNSIGNED NOT NULL,
  `tipo` varchar(25) COLLATE utf8mb4_unicode_ci NOT NULL,
  `naturaleza` varchar(25) COLLATE utf8mb4_unicode_ci NOT NULL,
  `clase` varchar(25) COLLATE utf8mb4_unicode_ci NOT NULL,
  `id_pucsubcuentas` int(11) NOT NULL,
  `codigo` varchar(255) COLLATE utf8mb4_unicode_ci NOT NULL,
  `descripcion` varchar(200) COLLATE utf8mb4_unicode_ci NOT NULL,
  `homologo` varchar(255) COLLATE utf8mb4_unicode_ci NOT NULL,
  `id_empresa` int(11) NOT NULL,
  `exogena` varchar(25) COLLATE utf8mb4_unicode_ci NOT NULL,
  `na` varchar(25) COLLATE utf8mb4_unicode_ci NOT NULL,
  `created_at` timestamp NULL DEFAULT NULL,
  `updated_at` timestamp NULL DEFAULT NULL
) ENGINE=InnoDB DEFAULT CHARSET=utf8mb4 COLLATE=utf8mb4_unicode_ci;

--
-- Dumping data for table `pucauxiliars`
--

INSERT INTO `pucauxiliars` (`id`, `tipo`, `naturaleza`, `clase`, `id_pucsubcuentas`, `codigo`, `descripcion`, `homologo`, `id_empresa`, `exogena`, `na`, `created_at`, `updated_at`) VALUES
(1, 'A', 'D', 'MIX', 1, '11050501', 'CAJA WAKUSOFT PRINCIPAL', '11050501', 15, '1011', '1115', NULL, NULL),
(4, 'A', 'D', 'MIX', 3, '11051001', 'CAJAS MENORESss', '11051001', 15, '1011', '1115', NULL, '2020-08-04 16:00:26'),
(5, 'A', 'C', 'MIX', 4, '11100501', 'MONEDA NACIONAL', '11100501', 15, '', '', NULL, NULL),
(6, 'A', 'D', 'MIX', 5, '12150501', 'BONOS PUBLICOS MONEDA NACIONAL', '12150501', 15, '', '', NULL, NULL),
(7, 'A', 'D', 'MIX', 6, '12250501', 'CERTIFICADOS DEPOSITO A TERMINO C.D.T', '12250501', 15, '', '', NULL, NULL),
(8, 'A', 'D', 'MIX', 7, '13050501', 'CUENTAS POR COBRAR A CLIENTES', '13050501', 15, '1008', '1315', NULL, NULL),
(9, 'A', 'D', 'MIX', 8, '13101501', 'PRESTAMOS SOCIOS', '13101501', 15, '1008', '1316', NULL, NULL),
(10, 'A', 'D', 'MIX', 9, '13102001', 'PARTICULARES', '13102001', 15, '', '', NULL, NULL),
(11, 'A', 'D', 'MIX', 10, '13250501', 'A SOCIOS', '13250501', 15, '1008', '1316', NULL, NULL),
(12, 'A', 'D', 'MIX', 11, '13300501', 'A PROVEEDORES', '13300501', 15, '', '', NULL, NULL),
(13, 'A', 'D', 'MIX', 12, '13301501', 'PRESTAMO A EMPLEADOS', '13301501', 15, '1008', '1317', NULL, NULL),
(14, 'A', 'D', 'MIX', 13, '13309501', 'OTROS.', '13309501', 15, '', '', NULL, NULL),
(15, 'A', 'D', 'MIX', 14, '13350501', 'PARA IMPORTACIONES', '13350501', 15, '', '', NULL, NULL),
(16, 'A', 'D', 'MIX', 15, '13353501', 'EN GARANTIA -CHEQUES POSTFECHADOS-', '13353501', 15, '', '', NULL, NULL),
(17, 'A', 'D', 'MIX', 16, '13451001', 'INTERESES', '13451001', 15, '', '', NULL, NULL),
(18, 'A', 'D', 'MIX', 17, '13453001', 'EL PUNTO AGRICOLA Y ASOCIADOS', '13453001', 15, '1008', '1317', NULL, NULL),
(19, 'A', 'D', 'MIX', 18, '13550501', 'ANTICIPO DE IMPTOS DE RENTA Y COMPLEM', '13550501', 15, '1008', '1317', NULL, NULL),
(20, 'A', 'D', 'MIX', 19, '13551001', 'ANTICIPO DE INDUSTRIA Y COMERCIO', '13551001', 15, '1003', '1301', NULL, NULL),
(21, 'A', 'D', 'MIX', 20, '13551501', 'RETENCION EN LA FUENTE', '13551501', 15, '1003', '1302', NULL, NULL),
(22, 'A', 'D', 'MIX', 20, '13551502', 'RETENCION EN LA FUENTE 1.5%', '13551502', 15, '1003', '1301', NULL, NULL),
(23, 'A', 'D', 'MIX', 20, '13551503', 'RETENCION EN LA FUENTE SERVICIOS 2.5%', '13551503', 15, '1003', '1307', NULL, NULL),
(24, 'A', 'D', 'MIX', 21, '13551701', 'IMPUESTO A LAS VENTAS RETENIDO', '13551701', 15, '1003', '1309', NULL, NULL),
(25, 'A', 'D', 'MIX', 22, '13551801', 'IMPUESTO DE INDUSTRIA Y CIO. RETENIDO', '13551801', 15, '1008', '1317', NULL, NULL),
(26, 'A', 'D', 'MIX', 22, '13551802', 'RETEICA FUERA DE BOGOTA', '13551802', 15, '1008', '1317', NULL, NULL),
(27, 'A', 'D', 'MIX', 23, '13552001', 'SOBRANTE EN LIQUIDACION PRIVADA DE IM', '13552001', 15, '1008', '1317', NULL, NULL),
(28, 'A', 'D', 'MIX', 23, '13552002', 'SALDO A FAVOR EN CREE', '13552002', 15, '1008', '1317', NULL, NULL),
(29, 'A', 'D', 'MIX', 24, '13552501', 'RETENCION DE IVA', '13552501', 15, '1003', '1301', NULL, NULL),
(30, 'A', 'D', 'MIX', 25, '13553001', 'IMPUESTOS DESCONTABLES', '13553001', 15, '1008', '1317', NULL, NULL),
(31, 'A', 'D', 'MIX', 26, '13555001', 'CLIENTE TARIFA 1X1000', '13555001', 15, '1008', '1317', NULL, NULL),
(32, 'A', 'D', 'MIX', 26, '13555003', 'CLIENTE TARIFA 3X1000', '13555003', 15, '1008', '1317', NULL, NULL),
(33, 'A', 'D', 'MIX', 26, '13555006', 'CLIENTE TARIFA 6X1000', '13555006', 15, '1008', '1317', NULL, NULL),
(34, 'A', 'D', 'MIX', 27, '13559501', 'OTROS SALDOS A FAVOR', '13559501', 15, '1008', '1317', NULL, NULL),
(35, 'A', 'D', 'MIX', 27, '13559503', 'AUTORETENCION CREE 3%', '13559503', 15, '1008', '1317', NULL, NULL),
(36, 'A', 'D', 'MIX', 27, '13559504', 'AUTORETENCION', '13559504', 15, '1008', '1317', NULL, NULL),
(37, 'A', 'D', 'MIX', 27, '13559506', 'RETENCION CREE 6%', '13559506', 15, '1008', '1317', NULL, NULL),
(38, 'A', 'D', 'MIX', 28, '13650501', 'PRESTAMO VIVIENDA', '13650501', 15, '', '', NULL, NULL),
(39, 'A', 'D', 'MIX', 29, '13651001', 'VEHICULOS', '13651001', 15, '', '', NULL, NULL),
(40, 'A', 'D', 'MIX', 30, '13651501', 'PRESTAMO PARA EDUCACION', '13651501', 15, '', '', NULL, NULL),
(41, 'A', 'D', 'MIX', 31, '13652001', 'CUENTAS POR COBRAR A TRABAJADORES', '13652001', 15, '1008', '1317', NULL, NULL),
(42, 'A', 'D', 'MIX', 32, '13659501', 'OTROS POR COBRAR A TRABAJADORES', '13659501', 15, '1008', '1317', NULL, NULL),
(43, 'A', 'D', 'MIX', 33, '13700501', 'CON GARANTIA REAL', '13700501', 15, '1008', '1317', NULL, NULL),
(44, 'A', 'D', 'MIX', 34, '13701001', 'CON GARANTIA PERSONAL', '13701001', 15, '', '', NULL, NULL),
(45, 'A', 'D', 'MIX', 35, '13809501', 'OTROS.', '13809501', 15, '', '', NULL, NULL),
(46, 'A', 'C', 'MIX', 36, '13990501', 'CLIENTES', '13990501', 15, '1008', '1318', NULL, NULL),
(47, 'A', 'D', 'MIX', 37, '14050501', 'COMPRAS MATERIA PRIMA EXENTA', '14050501', 15, '1001', '5007', NULL, NULL),
(48, 'A', 'D', 'MIX', 37, '14050505', 'COMPRAS MATERIA PRIMAS GRAVADAS 5%', '14050505', 15, '1001', '5007', NULL, NULL),
(49, 'A', 'D', 'MIX', 37, '14050510', 'COMPRAS MATERIA PRIMA GRAVADA 10%', '14050510', 15, '1001', '5007', NULL, NULL),
(50, 'A', 'D', 'MIX', 37, '14050516', 'COMPRAS MATERIA PRIMA GRAVADA 16%', '14050516', 15, '1001', '5007', NULL, NULL),
(51, 'A', 'D', 'MIX', 37, '14050519', 'MATERIAS PRIMAS GRAVADAS 19%', '14050519', 15, '1001', '5007', NULL, NULL),
(52, 'A', 'D', 'MIX', 37, '14050598', 'AJUSTES DE INVENTARIO', '14050598', 15, '1001', '5007', NULL, NULL),
(53, 'A', 'C', 'MIX', 38, '14057501', 'DEVOLUCIONES EN COMPRAS', '14057501', 15, '1001', '5007', NULL, NULL),
(54, 'A', 'D', 'MIX', 38, '14057516', 'DEVOLUCION EN COMPRAS GRAVADAS 16%', '14057516', 15, '1001', '5007', NULL, NULL),
(55, 'A', 'D', 'MIX', 38, '14057519', 'DEVOLUCION EN COMPRAS 19%', '14057519', 15, '1001', '5007', NULL, NULL),
(56, 'A', 'D', 'MIX', 39, '14300501', 'PRODUCTOS MANUFACTURADOS', '14300501', 15, '1001', '5007', NULL, NULL),
(57, 'A', 'D', 'MIX', 39, '14300519', 'PRODUCTOS MANUFACTURADOS 19%', '14300519', 15, '1001', '5007', NULL, NULL),
(58, 'A', 'D', 'MIX', 39, '14300598', 'AJUSTES ENTRADA Y SALIDA PRODUC. MANU', '14300598', 15, '1001', '5007', NULL, NULL),
(59, 'A', 'D', 'MIX', 40, '14350501', 'COMPRAS EXENTAS', '14350501', 15, '1001', '5007', NULL, NULL),
(60, 'A', 'D', 'MIX', 40, '14350505', 'COMPRA INSUMOS IVA 5%', '14350505', 15, '1001', '5007', NULL, NULL),
(61, 'A', 'D', 'MIX', 40, '14350510', 'COMPRAS INSUMOS IVA 10%', '14350510', 15, '1001', '5007', NULL, NULL),
(62, 'A', 'D', 'MIX', 40, '14350516', 'COMPRAS INSUMOS IVA 16%', '14350516', 15, '1001', '5007', NULL, NULL),
(63, 'A', 'D', 'MIX', 40, '14350519', 'COMPRA INSUMOS AGRICOLAS', '14350519', 15, '1001', '5007', NULL, NULL),
(64, 'A', 'D', 'MIX', 40, '14350598', 'AJUSTES DE INVENTARIO', '14350598', 15, '1001', '5007', NULL, NULL),
(65, 'A', 'D', 'MIX', 40, '14350599', 'INVENTARIO FINAL', '14350599', 15, '1001', '5007', NULL, NULL),
(66, 'A', 'C', 'MIX', 41, '14351001', 'DESCUENTOS EN COMPRAS', '14351001', 15, '1001', '5007', NULL, NULL),
(67, 'A', 'D', 'MIX', 42, '14351498', 'DEVOLUCION EN COMPRAS NO GRAVADAS', '14351498', 15, '', '', NULL, NULL),
(68, 'A', 'D', 'MIX', 43, '14351501', 'DEVOLUCIONES EN COMPRAS', '14351501', 15, '1001', '5007', NULL, NULL),
(69, 'A', 'C', 'MIX', 43, '14351505', 'DEVOLUCIONES EN COMPRAS', '14351505', 15, '1001', '5007', NULL, NULL),
(70, 'A', 'D', 'MIX', 43, '14351516', 'DEVOLUCION EN COMPRAS GRAVADAS 16%', '14351516', 15, '1001', '5007', NULL, NULL),
(71, 'A', 'D', 'MIX', 44, '14352001', 'BONIFICACIONES', '14352001', 15, '', '', NULL, NULL),
(72, 'A', 'C', 'MIX', 45, '14357501', 'DEVOLUCION EN COMPRAS', '14357501', 15, '1001', '5007', NULL, NULL),
(73, 'A', 'D', 'MIX', 45, '14357516', 'DEVOLUCION EN COMPRAS 16%', '14357516', 15, '1001', '5007', NULL, NULL),
(74, 'A', 'D', 'NIIF', 46, '14359501', 'GERENCIA.', '14359501', 15, '1001', '5007', NULL, NULL),
(75, 'A', 'D', 'MIX', 47, '14359901', 'AJUSTE INFLACION INVENTARIO', '14359901', 15, '', '', NULL, NULL),
(76, 'A', 'D', 'MIX', 48, '14960501', 'DETERIORO DE INVENTARIO NIIF', '14960501', 15, '1001', '5007', NULL, NULL),
(77, 'A', 'C', 'MIX', 49, '14991001', 'PARA DIFERENCIA EN INVENTARIO FISICO', '14991001', 15, '1001', '5007', NULL, NULL),
(78, 'A', 'D', 'MIX', 50, '15040501', 'TERRENOS URBANOS', '15040501', 15, '', '', NULL, NULL),
(79, 'A', 'D', 'MIX', 51, '15049901', 'AJUSTES POR INFLACION', '15049901', 15, '', '', NULL, NULL),
(80, 'A', 'D', 'MIX', 52, '15160501', 'EDIFICIOS', '15160501', 15, '1011', '1502', NULL, NULL),
(81, 'A', 'D', 'MIX', 53, '15168001', 'BODEGA', '15168001', 15, '', '', NULL, NULL),
(82, 'A', 'D', 'MIX', 54, '15169901', 'AJUSTE POR INFLACION', '15169901', 15, '', '', NULL, NULL),
(83, 'A', 'D', 'MIX', 55, '15200501', 'MAQUINARIA Y EQUIPO', '15200501', 15, '', '', NULL, NULL),
(84, 'A', 'D', 'MIX', 56, '15209901', 'AJUSTE INFLACION MAQUINARIA Y EQUIPO', '15209901', 15, '', '', NULL, NULL),
(85, 'A', 'D', 'MIX', 57, '15240501', 'MUEBLES Y ENSERES', '15240501', 15, '1011', '1503', NULL, NULL),
(86, 'A', 'D', 'MIX', 58, '15241001', 'EQUIPOS', '15241001', 15, '', '', NULL, NULL),
(87, 'A', 'D', 'MIX', 59, '15249501', 'OTROS EQUIPO OFICINA', '15249501', 15, '', '', NULL, NULL),
(88, 'A', 'D', 'MIX', 60, '15249901', 'AJUSTES POR INFLACION EQUIPO DE OFICI', '15249901', 15, '', '', NULL, NULL),
(89, 'A', 'D', 'MIX', 61, '15280501', 'EQUIPOS DE PROCESAMIENTO DE DATOS', '15280501', 15, '1011', '1505', NULL, NULL),
(90, 'A', 'D', 'MIX', 62, '15281001', 'EQUIPOS DE TELECOMUNICACIONES', '15281001', 15, '1011', '1505', NULL, NULL),
(91, 'A', 'D', 'MIX', 63, '15282501', 'LINEAS TELEFONICAS', '15282501', 15, '', '', NULL, NULL),
(92, 'A', 'D', 'MIX', 64, '15289501', 'OTROS', '15289501', 15, '', '', NULL, NULL),
(93, 'A', 'D', 'MIX', 65, '15289901', 'AJUSTE POR INFLACION COMPUTACION Y CO', '15289901', 15, '', '', NULL, NULL),
(94, 'A', 'D', 'MIX', 66, '15400501', 'AUTOS CAMIONETAS Y CAMPEROS', '15400501', 15, '1011', '1504', NULL, NULL),
(95, 'A', 'D', 'MIX', 67, '15400601', 'VEHICULOS EN LEASONG', '15400601', 15, '', '', NULL, NULL),
(96, 'A', 'D', 'MIX', 68, '15403001', 'MOTOCICLETAS', '15403001', 15, '', '', NULL, NULL),
(97, 'A', 'D', 'MIX', 69, '15409901', 'AJUSTE POR INFLACION VEHICULOS', '15409901', 15, '', '', NULL, NULL),
(98, 'A', 'D', 'MIX', 70, '15886501', 'PROPIEDAD PLANTA Y EQUIPO ENVASES EMP', '15886501', 15, '1011', '1505', NULL, NULL),
(99, 'A', 'C', 'MIX', 71, '15920501', 'CONSTRUCCIONES Y EDIFICACIONES', '15920501', 15, '1011', '1514', NULL, NULL),
(100, 'A', 'C', 'MIX', 72, '15921001', 'MAQUINARIA Y EQUIPO', '15921001', 15, '1011', '1514', NULL, NULL),
(101, 'A', 'C', 'MIX', 73, '15921501', 'EQUIPO DE OFICINA', '15921501', 15, '1011', '1514', NULL, NULL),
(102, 'A', 'C', 'MIX', 74, '15922001', 'EQUIPO DE COMPUTACION Y COMUNICACION', '15922001', 15, '1011', '1514', NULL, NULL),
(103, 'A', 'C', 'MIX', 75, '15922501', 'MUEBLES Y ENCERES', '15922501', 15, '1011', '1514', NULL, NULL),
(104, 'A', 'C', 'MIX', 76, '15923501', 'FLOTA Y EQUIPO DE TRANSPORTE', '15923501', 15, '1011', '1514', NULL, NULL),
(105, 'A', 'C', 'MIX', 77, '15929901', 'AJUSTES POR INFLACION', '15929901', 15, '', '', NULL, NULL),
(106, 'A', 'D', 'MIX', 78, '15960501', 'DETERIORO PROPIEDAD PLANTA Y EQUIPO', '15960501', 15, '', '', NULL, NULL),
(107, 'A', 'D', 'MIX', 80, '16350501', 'LICENCIAS - PRODUCTOS VETERINARIOS', '16350501', 15, '', '', NULL, NULL),
(108, 'A', 'D', 'MIX', 80, '16350502', 'LICENCIA CALMAX, BIPEN,', '16350502', 15, '', '', NULL, NULL),
(109, 'A', 'D', 'MIX', 82, '16980501', 'AMORTIZACION INTANGIBLES', '16980501', 15, '', '', NULL, NULL),
(110, 'A', 'D', 'MIX', 84, '17050501', 'INTERESES', '17050501', 15, '', '', NULL, NULL),
(111, 'A', 'D', 'MIX', 85, '17051001', 'HONORARIOS', '17051001', 15, '', '', NULL, NULL),
(112, 'A', 'D', 'MIX', 86, '17052001', 'SEGURO FLOTA Y EQUIPO DE TRANSPORTE', '17052001', 15, '', '', NULL, NULL),
(113, 'A', 'D', 'MIX', 86, '17052010', 'SEGURO BIENES RAICES', '17052010', 15, '', '', NULL, NULL),
(114, 'A', 'D', 'MIX', 87, '17052501', 'ARRENDAMIENTO VEHICULOS (LEASING)', '17052501', 15, '', '', NULL, NULL),
(115, 'A', 'D', 'MIX', 88, '17053501', 'MANTENIMIENTO EQUIPOS', '17053501', 15, '', '', NULL, NULL),
(116, 'A', 'D', 'MIX', 89, '17054001', 'SERVICIOS**********', '17054001', 15, '', '', NULL, NULL),
(117, 'A', 'D', 'MIX', 89, '17054003', 'BANCO BOGOTA', '17054003', 15, '', '', NULL, NULL),
(118, 'A', 'D', 'MIX', 89, '17054501', 'BANCO BOGOTA', '17054501', 15, '', '', NULL, NULL),
(119, 'A', 'D', 'MIX', 90, '17059501', 'OTROS GASTOS DIFERIDOS', '17059501', 15, '', '', NULL, NULL),
(120, 'A', 'D', 'MIX', 91, '17100801', 'MEJORAS A BODEGA', '17100801', 15, '', '', NULL, NULL),
(121, 'A', 'D', 'MIX', 92, '17101001', 'ARRENDAMIENTOS', '17101001', 15, '', '', NULL, NULL),
(122, 'A', 'D', 'MIX', 93, '17101601', 'PROGRAMA COMP. INTERCON / INFMAG', '17101601', 15, '', '', NULL, NULL),
(123, 'A', 'D', 'MIX', 93, '17101602', 'PROGRAMA COMP. WORLD OFFICE', '17101602', 15, '', '', NULL, NULL),
(124, 'A', 'D', 'MIX', 94, '17102001', 'UTILES Y PAPELERIA', '17102001', 15, '', '', NULL, NULL),
(125, 'A', 'C', 'MIX', 95, '17104001', 'LICENCIAS', '17104001', 15, '', '', NULL, NULL),
(126, 'A', 'D', 'MIX', 96, '17104401', 'PUBLICIDAD Y PROPAGANDA', '17104401', 15, '', '', NULL, NULL),
(127, 'A', 'D', 'MIX', 97, '17109501', 'OTROS DIFERIDOS', '17109501', 15, '', '', NULL, NULL),
(128, 'A', 'D', 'MIX', 98, '17161001', 'PROGRAMA PARA COMPUTADOR', '17161001', 15, '', '', NULL, NULL),
(129, 'A', 'D', 'MIX', 99, '17300501', 'IMPUESTO DIFERIDO ACTIVO', '17300501', 15, '', '', NULL, NULL),
(130, 'A', 'D', 'MIX', 100, '18550501', 'ANTICIPO DE IMPTOS DE RENTA Y COMPL', '18550501', 15, '1008', '1317', NULL, NULL),
(131, 'A', 'D', 'MIX', 101, '18551001', 'ANTICIPO DE INDUSTRIA Y COMERCIO', '18551001', 15, '1003', '1301', NULL, NULL),
(132, 'A', 'D', 'NIIF', 102, '18551501', 'RETENCION EN LA FUENTE', '18551501', 15, '1003', '1302', NULL, NULL),
(133, 'A', 'D', 'MIX', 102, '18551502', 'RETENCION EN LA FUENTE 1.5%', '18551502', 15, '1003', '1301', NULL, NULL),
(134, 'A', 'D', 'MIX', 102, '18551503', 'RETENCION EN LA FUENTE SERVICIOS 2.', '18551503', 15, '1003', '1307', NULL, NULL),
(135, 'A', 'D', 'MIX', 103, '18551701', 'IMPUESTO A LAS VENTAS RETENIDO', '18551701', 15, '1003', '1309', NULL, NULL),
(136, 'A', 'D', 'NIIF', 104, '18551801', 'IMPUESTO DE INDUSTRIA Y CIO. RETENI', '18551801', 15, '1008', '1317', NULL, NULL),
(137, 'A', 'D', 'MIX', 104, '18551802', 'RETEICA FUERA DE BOGOTA', '18551802', 15, '1008', '1317', NULL, NULL),
(138, 'A', 'D', 'MIX', 105, '18552001', 'SOBRANTE EN LIQUIDACION PRIVADA DE', '18552001', 15, '1008', '1317', NULL, NULL),
(139, 'A', 'D', 'MIX', 105, '18552002', 'SALDO A FAVOR EN CREE', '18552002', 15, '1008', '1317', NULL, NULL),
(140, 'A', 'D', 'MIX', 106, '18552501', 'RETENCION DE IVA', '18552501', 15, '1003', '1301', NULL, NULL),
(141, 'A', 'D', 'MIX', 107, '18553001', 'IMPUESTOS DESCONTABLES', '18553001', 15, '1008', '1317', NULL, NULL),
(142, 'A', 'D', 'MIX', 108, '18555001', 'CLIENTE TARIFA 1X1000', '18555001', 15, '1008', '1317', NULL, NULL),
(143, 'A', 'D', 'MIX', 108, '18555003', 'CLIENTE TARIFA 3X1000', '18555003', 15, '1008', '1317', NULL, NULL),
(144, 'A', 'D', 'MIX', 108, '18555006', 'CLIENTE TARIFA 6X1000', '18555006', 15, '1008', '1317', NULL, NULL),
(145, 'A', 'D', 'MIX', 109, '18559501', 'OTROS SALDOS A FAVOR', '18559501', 15, '1008', '1317', NULL, NULL),
(146, 'A', 'D', 'MIX', 109, '18559503', 'AUTORETENCION CREE 3%', '18559503', 15, '1008', '1317', NULL, NULL),
(147, 'A', 'D', 'MIX', 109, '18559504', 'AUTORETENCION', '18559504', 15, '1008', '1317', NULL, NULL),
(148, 'A', 'D', 'MIX', 109, '18559506', 'RETENCION CREE 6%', '18559506', 15, '1008', '1317', NULL, NULL),
(149, 'A', 'D', 'MIX', 110, '19100401', 'TERRENOS*****', '19100401', 15, '', '', NULL, NULL),
(150, 'A', 'D', 'MIX', 111, '19100801', 'CONSTRUCCIONES Y EDIFICACIONES', '19100801', 15, '', '', NULL, NULL),
(151, 'A', 'D', 'MIX', 112, '19300501', 'IMPUESTO DIFERIDO ACTIVO', '19300501', 15, '', '', NULL, NULL),
(152, 'P', 'C', 'MIX', 113, '21050501', 'SOBREGIROS', '21050501', 15, '1009', '2203', NULL, NULL),
(153, 'P', 'C', 'MIX', 114, '21051001', 'PAGARES', '21051001', 15, '1009', '2203', NULL, NULL),
(154, 'P', 'C', 'MIX', 115, '21059005', 'TARJETA EMPRESARIAL', '21059005', 15, '1009', '2203', NULL, NULL),
(155, 'P', 'C', 'MIX', 116, '21152001', 'CONTRATO DE ARRENDAMIENTO (LEASING)', '21152001', 15, '1009', '', NULL, NULL),
(156, 'P', 'C', 'MIX', 117, '21950501', 'OBLIGACIONES PARTICULARES', '21950501', 15, '1009', '2203', NULL, NULL),
(157, 'P', 'C', 'MIX', 117, '21950502', 'OTROS PRESTAMOS', '21950502', 15, '1009', '2203', NULL, NULL),
(158, 'P', 'C', 'MIX', 118, '21952001', 'SOCIOS O ACCIONISTAS', '21952001', 15, '', '', NULL, NULL),
(159, 'P', 'C', 'MIX', 119, '22050501', 'PROVEEDORES NACIONALES', '22050501', 15, '1009', '2201', NULL, NULL),
(160, 'P', 'C', 'MIX', 120, '22100501', 'DEL EXTERIOR', '22100501', 15, '', '', NULL, NULL),
(161, 'P', 'C', 'MIX', 121, '23350501', 'GASTOS FINANCIEROS', '23350501', 15, '1009', '2203', NULL, NULL),
(162, 'P', 'C', 'MIX', 122, '23351501', 'SUSCRIPCIONES REVISTAS PERIODICOS.', '23351501', 15, '', '', NULL, NULL),
(163, 'P', 'C', 'MIX', 123, '23352001', 'COMISIONES', '23352001', 15, '1009', '2206', NULL, NULL),
(164, 'P', 'C', 'MIX', 124, '23352501', 'HONORARIOS', '23352501', 15, '1009', '2206', NULL, NULL),
(165, 'P', 'C', 'MIX', 125, '23353001', 'SERVICIOS TECNICOS', '23353001', 15, '1009', '2206', NULL, NULL),
(166, 'P', 'C', 'MIX', 126, '23353501', 'SERVICIOS DE MANTENIMIENTO', '23353501', 15, '1009', '2206', NULL, NULL),
(167, 'P', 'C', 'MIX', 127, '23354001', 'ARRENDAMIENTOS', '23354001', 15, '1009', '2206', NULL, NULL),
(168, 'P', 'C', 'MIX', 128, '23354501', 'TRANSPORTES FLETES Y ACARREOS', '23354501', 15, '1009', '2206', NULL, NULL),
(169, 'P', 'C', 'MIX', 129, '23355001', 'SERVICIOS', '23355001', 15, '1009', '2206', NULL, NULL),
(170, 'P', 'C', 'MIX', 130, '23355501', 'SEGUROS', '23355501', 15, '', '', NULL, NULL),
(171, 'P', 'C', 'MIX', 131, '23356501', 'GASTOS DE REPRESENTACION', '23356501', 15, '', '', NULL, NULL),
(172, 'P', 'C', 'MIX', 132, '23357001', 'ADUANEROS', '23357001', 15, '', '', NULL, NULL),
(173, 'P', 'C', 'MIX', 133, '23359501', 'DIVERSOS', '23359501', 15, '1009', '2206', NULL, NULL),
(174, 'P', 'D', 'MIX', 134, '23551001', 'SOCIOS', '23551001', 15, '1009', '2202', NULL, NULL),
(175, 'P', 'D', 'MIX', 134, '23551005', 'DEUDAS CON ACCIONISTAS Y SOCIOS', '23551005', 15, '1009', '2202', NULL, NULL),
(176, 'P', 'C', 'MIX', 135, '23601001', 'PARTICIPACIONES POR PAGAR', '23601001', 15, '', '', NULL, NULL),
(177, 'P', 'C', 'MIX', 136, '23650501', 'RETENCION SALARIOS Y PAGOS LABORALES', '23650501', 15, '1009', '2204', NULL, NULL),
(178, 'P', 'C', 'MIX', 137, '23651501', 'HONORARIOS 10%', '23651501', 15, '1002', '2304', NULL, NULL),
(179, 'P', 'C', 'MIX', 137, '23651511', 'HONORARIOS 11%', '23651511', 15, '1002', '2304', NULL, NULL),
(180, 'P', 'C', 'MIX', 138, '23652001', 'RETENCION COMISIONES', '23652001', 15, '1002', '2303', NULL, NULL),
(181, 'P', 'C', 'MIX', 138, '23652010', 'RETENCION COMISIONES', '23652010', 15, '1002', '2303', NULL, NULL),
(182, 'P', 'C', 'MIX', 139, '23652501', 'SERVICIOS 1%', '23652501', 15, '1002', '2305', NULL, NULL),
(183, 'P', 'C', 'MIX', 139, '23652502', 'RETENCION SERVICIOS 2%', '23652502', 15, '1002', '2305', NULL, NULL),
(184, 'P', 'C', 'MIX', 139, '23652503', 'RETENCION SERVICIOS 3.5%', '23652503', 15, '1002', '2305', NULL, NULL),
(185, 'P', 'C', 'MIX', 139, '23652504', 'RETENCION SERVICIOS 4%', '23652504', 15, '1002', '2305', NULL, NULL),
(186, 'P', 'C', 'MIX', 139, '23652506', 'RETENCION SERVICIOS 6%', '23652506', 15, '1002', '2039', NULL, NULL),
(187, 'P', 'C', 'MIX', 140, '23653001', 'ARRENDAMIENTO', '23653001', 15, '1002', '2306', NULL, NULL),
(188, 'P', 'C', 'MIX', 140, '23653004', 'RETENCION ARRENDAMIENTO VEHICULO', '23653004', 15, '1002', '2306', NULL, NULL),
(189, 'P', 'C', 'MIX', 141, '23653501', 'RENDIMIENTOS FINANCIEROS', '23653501', 15, '1002', '2307', NULL, NULL),
(190, 'P', 'C', 'MIX', 142, '23654001', 'RETENCION COMPRAS', '23654001', 15, '1002', '2302', NULL, NULL),
(191, 'P', 'C', 'MIX', 142, '23654002', 'RETENCION DEL 1.5%', '23654002', 15, '1002', '2302', NULL, NULL),
(192, 'P', 'C', 'MIX', 142, '23654003', 'RETENCION COMPRAS', '23654003', 15, '1009', '2204', NULL, NULL),
(193, 'P', 'C', 'MIX', 142, '23654004', 'RETENCION COMPRAS 4%', '23654004', 15, '1002', '2302', NULL, NULL),
(194, 'P', 'C', 'MIX', 143, '23655001', 'PROVEEDOR TARIFA 1X1000', '23655001', 15, '1002', '2302', NULL, NULL),
(195, 'P', 'C', 'MIX', 143, '23655003', 'PROVEEDOR TARIFA 3X1000', '23655003', 15, '1002', '2302', NULL, NULL),
(196, 'P', 'C', 'MIX', 143, '23655006', 'PROVEEDOR TARIFA 6X1000', '23655006', 15, '1002', '2302', NULL, NULL),
(197, 'P', 'C', 'MIX', 144, '23657003', 'RETENCION CREE', '23657003', 15, '1009', '', NULL, NULL),
(198, 'P', 'C', 'MIX', 144, '23657004', 'AUTORETENCION', '23657004', 15, '1009', '2204', NULL, NULL),
(199, 'P', 'C', 'MIX', 144, '23657005', 'AUTORETENCION EN RENTA', '23657005', 15, '1009', '', NULL, NULL),
(200, 'P', 'C', 'MIX', 144, '23657006', 'RETENCION CREE 6%', '23657006', 15, '1009', '', NULL, NULL),
(201, 'P', 'C', 'MIX', 145, '23659501', 'RETENCIONES', '23659501', 15, '', '', NULL, NULL),
(202, 'P', 'C', 'MIX', 146, '23670101', 'IVA RETENIDO PROVEEDORES', '23670101', 15, '1002', '2319', NULL, NULL),
(203, 'P', 'C', 'MIX', 147, '23670501', 'IVA RETENIDO A REG. SIMPLIFICADO SERV', '23670501', 15, '1002', '2319', NULL, NULL),
(204, 'P', 'C', 'MIX', 148, '23680102', 'REY RIVEROS CARLOS RAUL', '23680102', 15, '1009', '2204', NULL, NULL),
(205, 'P', 'C', 'MIX', 149, '23680501', 'RETEICA IND Y CIO', '23680501', 15, '1009', '2204', NULL, NULL),
(206, 'P', 'C', 'MIX', 149, '23680504', 'RETEICA 4.14 * MIL', '23680504', 15, '1009', '2204', NULL, NULL),
(207, 'P', 'C', 'MIX', 149, '23680506', 'RETEICA 6.9 * MIL', '23680506', 15, '1009', '2204', NULL, NULL),
(208, 'P', 'C', 'MIX', 149, '23680508', 'RETEICA INDUSTRIA Y COMERCIO', '23680508', 15, '1009', '2204', NULL, NULL),
(209, 'P', 'C', 'MIX', 149, '23680509', 'RETEICA 9.66 * MIL', '23680509', 15, '1009', '2204', NULL, NULL),
(210, 'P', 'C', 'MIX', 149, '23680511', 'RETEICA 11.04 * MIL', '23680511', 15, '1009', '2204', NULL, NULL),
(211, 'P', 'C', 'MIX', 150, '23700501', 'APORTES A ENTIDADES PROMOTORAS DE SAL', '23700501', 15, '1009', '2205', NULL, NULL),
(212, 'P', 'C', 'MIX', 151, '23700601', 'APORTES A ADMINISTRAD. RIESGOS PROF.', '23700601', 15, '1009', '2205', NULL, NULL),
(213, 'P', 'C', 'MIX', 152, '23701001', 'APORTES ICBF. SENA Y CAJA COMPENSACIO', '23701001', 15, '1009', '2205', NULL, NULL),
(214, 'P', 'C', 'MIX', 153, '23701501', 'SENA', '23701501', 15, '', '', NULL, NULL),
(215, 'P', 'C', 'MIX', 154, '23803001', 'FONDOS DE CESANTIAS Y/O PENSIONES', '23803001', 15, '1009', '2206', NULL, NULL),
(216, 'P', 'C', 'MIX', 154, '23803095', '', '23803095', 15, '1009', '2206', NULL, NULL),
(217, 'P', 'C', 'MIX', 155, '23809501', 'OTROS ACREEDORES', '23809501', 15, '1009', '2206', NULL, NULL),
(218, 'P', 'D', 'MIX', 156, '24040501', 'VIGENCIA FISCAL CORRIENTE', '24040501', 15, '', '', NULL, NULL),
(219, 'P', 'D', 'MIX', 156, '24040502', 'IMPTO RENTA PARA LA EQUIDAD CREE', '24040502', 15, '1009', '', NULL, NULL),
(220, 'P', 'C', 'MIX', 157, '24080101', 'IVA DESCONTABLE POR COMPRAS', '24080101', 15, '', '', NULL, NULL),
(221, 'P', 'C', 'MIX', 157, '24080105', 'IVA DESCONTABLE 5%', '24080105', 15, '1005', '', NULL, NULL),
(222, 'P', 'D', 'MIX', 157, '24080108', 'IVA DESCONTABLE 8%', '24080108', 15, '1005', '', NULL, NULL),
(223, 'P', 'C', 'MIX', 157, '24080110', 'IVA DESCONTABLE 10%', '24080110', 15, '1005', '', NULL, NULL),
(224, 'P', 'C', 'MIX', 157, '24080116', '', '24080116', 15, '', '', NULL, NULL),
(225, 'P', 'C', 'MIX', 157, '24080116', 'IVA DESCONTABLE 16%', '24080116', 15, '1005', '', NULL, NULL),
(226, 'P', 'C', 'MIX', 157, '24080119', 'IVA DESCONTABLE 19%', '24080119', 15, '1005', '', NULL, NULL),
(227, 'P', 'C', 'MIX', 158, '24080501', 'IVA GENERADO EN VENTAS', '24080501', 15, '1006', '', NULL, NULL),
(228, 'P', 'C', 'MIX', 158, '24080505', 'IVA GENERADO AL 5%', '24080505', 15, '1006', '', NULL, NULL),
(229, 'P', 'C', 'MIX', 158, '24080510', '', '24080510', 15, '', '', NULL, NULL),
(230, 'P', 'C', 'MIX', 158, '24080510', 'IVA GENERADO VENTAS 10%', '24080510', 15, '1006', '', NULL, NULL),
(231, 'P', 'C', 'MIX', 158, '24080516', '', '24080516', 15, '', '', NULL, NULL),
(232, 'P', 'C', 'MIX', 158, '24080516', 'IVA GENERADO AL 16%', '24080516', 15, '1006', '', NULL, NULL),
(233, 'P', 'C', 'MIX', 158, '24080519', 'IVA 19% GENERADO EN VENTAS', '24080519', 15, '1006', '', NULL, NULL),
(234, 'P', 'D', 'MIX', 159, '24080801', 'CUENTA TRANSITORIA DE IMPTO SOBRE LAS', '24080801', 15, '', '', NULL, NULL),
(235, 'P', 'D', 'MIX', 159, '24080805', 'IVA EN SERVICIOS 5%', '24080805', 15, '1005', '', NULL, NULL),
(236, 'P', 'D', 'MIX', 159, '24080810', 'IVA EN SERVICIOS 10%', '24080810', 15, '', '', NULL, NULL),
(237, 'P', 'D', 'MIX', 159, '24080815', 'IVA BIENES DE CAPITAL', '24080815', 15, '1005', '', NULL, NULL),
(238, 'P', 'D', 'MIX', 159, '24080816', 'IVA EN SERVICIOS 16%', '24080816', 15, '1005', '', NULL, NULL),
(239, 'P', 'D', 'MIX', 159, '24080819', 'SERVICIOS GRAVADOS IVA 19%', '24080819', 15, '1005', '', NULL, NULL),
(240, 'P', 'D', 'MIX', 159, '24080820', 'IVA EN SERVICIOS 20%', '24080820', 15, '', '', NULL, NULL),
(241, 'P', 'C', 'MIX', 160, '24081019', 'IVA MAYOR VALOR INVENTARIO', '24081019', 15, '1005', '', NULL, NULL),
(242, 'P', 'D', 'MIX', 161, '24081116', 'RETEIVA COMPRAS', '24081116', 15, '1005', '', NULL, NULL),
(243, 'P', 'C', 'MIX', 162, '24120501', 'ICA VIGENCIA FISCAL CORRIENTE', '24120501', 15, '1009', '2204', NULL, NULL),
(244, 'P', 'C', 'MIX', 163, '24950501', 'IMPUESTO SEGURIDAD DEMOCRATICA', '24950501', 15, '', '', NULL, NULL),
(245, 'P', 'C', 'MIX', 164, '24951001', 'IMPUESTO PARA LA EQUIDAD CREE', '24951001', 15, '1009', '', NULL, NULL),
(246, 'P', 'C', 'MIX', 165, '25050501', 'SALARIOS POR PAGAR', '25050501', 15, '', '', NULL, NULL),
(247, 'P', 'C', 'MIX', 166, '25101001', 'LEY 50 DE 1990 Y NORMAS POSTERIORES', '25101001', 15, '1009', '2205', NULL, NULL),
(248, 'P', 'C', 'MIX', 167, '25150501', 'INTERESES SOBRE CESANTIAS', '25150501', 15, '1009', '2205', NULL, NULL),
(249, 'P', 'C', 'MIX', 168, '25200501', 'PRIMA DE SERVICIOS', '25200501', 15, '', '', NULL, NULL),
(250, 'P', 'C', 'MIX', 169, '25250501', 'VACACIONES CONSOLIDADAS', '25250501', 15, '', '', NULL, NULL),
(251, 'P', 'C', 'NIIF', 170, '25700501', 'APORTES A ENTIDADES PROMOTORAS DE S', '25700501', 15, '1009', '2205', NULL, NULL),
(252, 'P', 'C', 'MIX', 171, '25700601', 'APORTES A ADMINISTRAD. RIESGOS PROF', '25700601', 15, '1009', '2205', NULL, NULL),
(253, 'P', 'D', 'NIIF', 172, '25701001', 'APORTES ICBF. SENA Y CAJA COMPENSAC', '25701001', 15, '1009', '2205', NULL, NULL),
(254, 'P', 'C', 'MIX', 173, '25701501', 'SENA', '25701501', 15, '', '', NULL, NULL),
(255, 'P', 'C', 'NIIF', 174, '25803001', 'FONDOS DE CESANTIAS Y/O PENSIONES', '25803001', 15, '1009', '2206', NULL, NULL),
(256, 'P', 'C', 'NIIF', 175, '25809501', 'OTROS ACREEDORES', '25809501', 15, '1009', '2206', NULL, NULL),
(257, 'P', 'C', 'MIX', 176, '26100501', 'CESANTIAS', '26100501', 15, '', '', NULL, NULL),
(258, 'P', 'C', 'MIX', 177, '26101001', 'INTERESES SOBRE CESANTIAS', '26101001', 15, '', '', NULL, NULL),
(259, 'P', 'C', 'MIX', 178, '26101501', 'VACACIONES', '26101501', 15, '', '', NULL, NULL),
(260, 'P', 'C', 'MIX', 179, '26102001', 'PRIMAS DE SERVICIOS', '26102001', 15, '', '', NULL, NULL),
(261, 'P', 'C', 'MIX', 180, '26102501', 'PRESTACIONES EXTRALEGALES', '26102501', 15, '', '', NULL, NULL),
(262, 'P', 'C', 'MIX', 181, '27059501', 'OTROS INGRESOS RECIBIDOS POR ANTICIPA', '27059501', 15, '', '', NULL, NULL),
(263, 'P', 'C', 'MIX', 182, '27300501', 'IMPUESTO DIFERIDO PASIVO', '27300501', 15, '', '', NULL, NULL),
(264, 'P', 'C', 'MIX', 183, '27650501', 'RETENCION SALARIOS Y PAGOS LABORALE', '27650501', 15, '', '', NULL, NULL),
(265, 'P', 'C', 'MIX', 184, '27651501', 'HONORARIOS 10%', '27651501', 15, '1002', '2304', NULL, NULL),
(266, 'P', 'C', 'MIX', 184, '27651511', 'HONORARIOS 11%', '27651511', 15, '1002', '2304', NULL, NULL),
(267, 'P', 'C', 'MIX', 185, '27652001', 'RETENCION COMISIONES', '27652001', 15, '1002', '2303', NULL, NULL),
(268, 'P', 'C', 'MIX', 185, '27652010', 'RETENCION COMISIONES', '27652010', 15, '1002', '2303', NULL, NULL),
(269, 'P', 'D', 'NIIF', 186, '27652501', 'SERVICIOS 1%', '27652501', 15, '1002', '2305', NULL, NULL),
(270, 'P', 'C', 'MIX', 186, '27652502', 'RETENCION SERVICIOS 2%', '27652502', 15, '1002', '2305', NULL, NULL),
(271, 'P', 'C', 'MIX', 186, '27652503', 'RETENCION SERVICIOS 3.5%', '27652503', 15, '1002', '2305', NULL, NULL),
(272, 'P', 'C', 'MIX', 186, '27652504', 'RETENCION SERVICIOS 4%', '27652504', 15, '1002', '2305', NULL, NULL),
(273, 'P', 'C', 'MIX', 186, '27652506', 'RETENCION SERVICIOS 6%', '27652506', 15, '1002', '2039', NULL, NULL),
(274, 'P', 'C', 'NIIF', 187, '27653001', 'ARRENDAMIENTO', '27653001', 15, '1002', '2306', NULL, NULL),
(275, 'P', 'C', 'MIX', 187, '27653004', 'RETENCION ARRENDAMIENTO VEHICULO', '27653004', 15, '1002', '2306', NULL, NULL),
(276, 'P', 'C', 'MIX', 188, '27653501', 'RENDIMIENTOS FINANCIEROS', '27653501', 15, '1002', '2307', NULL, NULL),
(277, 'P', 'C', 'NIIF', 189, '27654001', 'RETENCION DEL 3.5%', '27654001', 15, '1002', '2302', NULL, NULL),
(278, 'P', 'C', 'MIX', 189, '27654002', 'RETENCION DEL 1.5%', '27654002', 15, '1002', '2302', NULL, NULL),
(279, 'P', 'C', 'NIIF', 189, '27654003', 'RETENCION DEL 2,5%', '27654003', 15, '1002', '2302', NULL, NULL),
(280, 'P', 'C', 'MIX', 189, '27654004', 'RETENCION COMPRAS 4%', '27654004', 15, '1002', '2302', NULL, NULL),
(281, 'P', 'C', 'MIX', 190, '27655001', 'PROVEEDOR TARIFA 1X1000', '27655001', 15, '1002', '2302', NULL, NULL),
(282, 'P', 'C', 'MIX', 190, '27655003', 'PROVEEDOR TARIFA 3X1000', '27655003', 15, '1002', '2302', NULL, NULL),
(283, 'P', 'C', 'MIX', 190, '27655006', 'PROVEEDOR TARIFA 6X1000', '27655006', 15, '1002', '2302', NULL, NULL),
(284, 'P', 'C', 'MIX', 191, '27657003', 'RETENCION CREE', '27657003', 15, '1009', '', NULL, NULL),
(285, 'P', 'C', 'MIX', 191, '27657004', 'AUTORETENCION', '27657004', 15, '1009', '', NULL, NULL),
(286, 'P', 'C', 'MIX', 191, '27657005', 'AUTORETENCION EN RENTA', '27657005', 15, '1009', '', NULL, NULL),
(287, 'P', 'C', 'MIX', 191, '27657006', 'RETENCION CREE 6%', '27657006', 15, '1009', '', NULL, NULL),
(288, 'P', 'C', 'MIX', 192, '27659501', 'RETENCIONES', '27659501', 15, '', '', NULL, NULL),
(289, 'P', 'C', 'MIX', 193, '27670101', 'IVA RETENIDO PROVEEDORES', '27670101', 15, '1002', '2319', NULL, NULL),
(290, 'P', 'C', 'MIX', 194, '27670501', 'IVA RETENIDO A REG. SIMPLIFICADO SE', '27670501', 15, '1002', '2319', NULL, NULL),
(291, 'P', 'C', 'MIX', 195, '27680102', 'RETEICA IND. Y CIO', '27680102', 15, '1009', '2204', NULL, NULL),
(292, 'P', 'C', 'MIX', 196, '27680501', 'RETEICA IND Y CIO', '27680501', 15, '1009', '2204', NULL, NULL),
(293, 'P', 'C', 'NIIF', 196, '27680504', 'RETEICA 4.14 * MIL', '27680504', 15, '1009', '2204', NULL, NULL),
(294, 'P', 'C', 'MIX', 196, '27680506', 'RETEICA 6.9 * MIL', '27680506', 15, '1009', '2204', NULL, NULL),
(295, 'P', 'C', 'MIX', 196, '27680508', 'RETEICA INDUSTRIA Y COMERCIO', '27680508', 15, '1009', '2204', NULL, NULL),
(296, 'P', 'C', 'MIX', 196, '27680509', 'RETEICA 9.66 * MIL', '27680509', 15, '1009', '2204', NULL, NULL),
(297, 'P', 'C', 'MIX', 196, '27680511', 'RETEICA 11.04 * MIL', '27680511', 15, '1009', '2204', NULL, NULL),
(298, 'P', 'C', 'MIX', 198, '31050501', 'CAPITAL AUTORIZADO', '31050501', 15, '', '', NULL, NULL),
(299, 'P', 'C', 'MIX', 199, '31150501', 'CUOTAS O PARTES DE INTERES SOCIAL', '31150501', 15, '', '', NULL, NULL),
(300, 'P', 'C', 'MIX', 200, '33050501', 'RESERVA LEGAL', '33050501', 15, '', '', NULL, NULL),
(301, 'P', 'C', 'MIX', 201, '34050501', 'CAPITAL SUSCRITO Y PAGADO', '34050501', 15, '', '', NULL, NULL),
(302, 'P', 'C', 'MIX', 202, '34051001', 'DE SUPERAVIT DE CAPITAL', '34051001', 15, '', '', NULL, NULL),
(303, 'P', 'C', 'MIX', 203, '34051501', 'DE RESERVAS', '34051501', 15, '', '', NULL, NULL),
(304, 'P', 'C', 'MIX', 204, '34052001', 'DE RESULTADOS DE EJERCICIOS ANTERIORE', '34052001', 15, '', '', NULL, NULL),
(305, 'P', 'C', 'MIX', 205, '36050501', 'UTILIDAD DEL EJERCICIO', '36050501', 15, '', '', NULL, NULL),
(306, 'P', 'D', 'MIX', 206, '36100501', 'PERDIDA DEL EJERCICIO ACTUAL', '36100501', 15, '', '', NULL, NULL),
(307, 'P', 'C', 'MIX', 207, '37050501', 'UTILIDADES ACUMULADAS', '37050501', 15, '', '', NULL, NULL),
(308, 'P', 'C', 'MIX', 208, '37150501', 'PRIMER MOMENTO DE ADOPCION NIIF', '37150501', 15, '', '', NULL, NULL),
(309, 'P', 'C', 'MIX', 209, '38100801', 'CONSTRUCCIONES Y EDIFICACIONES', '38100801', 15, '', '', NULL, NULL),
(310, 'P', 'C', 'MIX', 210, '41204301', 'ELABORACION PRODUCTOS QUIMICOS USO AG', '41204301', 15, '1007', '4001', NULL, NULL),
(311, 'P', 'C', 'MIX', 210, '41204316', 'ELABORACION PROD. QUIMICO GRAVADOS', '41204316', 15, '1007', '4001', NULL, NULL),
(312, 'P', 'C', 'MIX', 211, '41351001', 'COMERCIO AL POR MENOR', '41351001', 15, '', '', NULL, NULL),
(313, 'P', 'C', 'MIX', 212, '41351401', '', '41351401', 15, '', '', NULL, NULL),
(314, 'P', 'C', 'MIX', 212, '41351401', 'VENTA DE INSUMOS MATERIAS PRIM. AGROP', '41351401', 15, '1007', '4001', NULL, NULL),
(315, 'P', 'C', 'MIX', 212, '41351405', 'VENTAS GRAVADAS IVA 5%', '41351405', 15, '1007', '4001', NULL, NULL),
(316, 'P', 'C', 'MIX', 212, '41351410', '', '41351410', 15, '', '', NULL, NULL),
(317, 'P', 'C', 'MIX', 212, '41351410', 'VENTAS GRAVADAS AL 10%', '41351410', 15, '1007', '4001', NULL, NULL),
(318, 'P', 'C', 'MIX', 212, '41351416', '', '41351416', 15, '', '', NULL, NULL),
(319, 'P', 'C', 'MIX', 212, '41351416', 'VENTAS GRAVADAS IVA 16%', '41351416', 15, '1007', '4001', NULL, NULL),
(320, 'P', 'C', 'MIX', 212, '41351419', 'VENTAS GRAVADAS 19%', '41351419', 15, '1007', '4001', NULL, NULL),
(321, 'P', 'C', 'MIX', 213, '41550501', 'ARRENDAMIENTO DE BIENES MUEBLES', '41550501', 15, '1007', '4001', NULL, NULL),
(322, 'P', 'C', 'MIX', 213, '41550516', 'ARRENDAMIENTOS GRAVADOS', '41550516', 15, '1007', '4001', NULL, NULL),
(323, 'P', 'C', 'MIX', 214, '41558001', 'ENVASE Y EMPAQUE', '41558001', 15, '', '', NULL, NULL),
(324, 'P', 'D', 'MIX', 215, '41750501', 'DEVOLUCIONES EN VENTAS', '41750501', 15, '1007', '4001', NULL, NULL),
(325, 'P', 'C', 'MIX', 215, '41750505', 'DEVOLUCION VENTAS GRAVADAS 5%', '41750505', 15, '1007', '4001', NULL, NULL),
(326, 'P', 'D', 'MIX', 215, '41750510', 'DEVOLUCIONES EN VENTAS GRAV. 10%', '41750510', 15, '', '', NULL, NULL),
(327, 'P', 'C', 'MIX', 215, '41750516', 'DEVOLUCION EN VENTAS GRAVADAS 16%', '41750516', 15, '', '', NULL, NULL),
(328, 'P', 'D', 'MIX', 215, '41750519', 'DEVOLUCION EN VENTAS', '41750519', 15, '1007', '4001', NULL, NULL),
(329, 'P', 'D', 'MIX', 216, '41751001', 'DEVOLUCIONES EN VENTAS NO GRAVADAS', '41751001', 15, '', '', NULL, NULL),
(330, 'P', 'D', 'MIX', 216, '41751010', 'DEVOLUCION EN VENTAS GRAVADAS 10%', '41751010', 15, '', '', NULL, NULL),
(331, 'P', 'C', 'MIX', 216, '41751016', 'DEVOLUCION VENTAS GRAVADAS 16%', '41751016', 15, '', '', NULL, NULL),
(332, 'P', 'C', 'MIX', 217, '42100501', 'INTERESES', '42100501', 15, '1007', '4003', NULL, NULL),
(333, 'P', 'C', 'MIX', 218, '42101001', 'FINANCIEROS', '42101001', 15, '', '', NULL, NULL),
(334, 'P', 'C', 'MIX', 219, '42104001', 'DESCUENTOS COMERCIALES CONDICIONADO', '42104001', 15, '1007', '4003', NULL, NULL),
(335, 'P', 'C', 'MIX', 220, '42105001', 'COMISION CHEQUES OTROS PLAZAS', '42105001', 15, '', '', NULL, NULL),
(336, 'P', 'D', 'MIX', 221, '42109501', 'OTROS DESCUENTOS FINANCIEROS', '42109501', 15, '', '', NULL, NULL),
(337, 'P', 'C', 'MIX', 222, '42351001', 'DE TRANSPORTE', '42351001', 15, '', '', NULL, NULL),
(338, 'P', 'C', 'MIX', 223, '42355501', 'SERVICIOS POR CONTRATOS', '42355501', 15, '', '', NULL, NULL),
(339, 'P', 'C', 'MIX', 224, '42359501', 'OTROS SERVICIOS', '42359501', 15, '1007', '4002', NULL, NULL),
(340, 'P', 'C', 'MIX', 224, '42359505', 'OTROS SERVICIOS', '42359505', 15, '', '', NULL, NULL),
(341, 'P', 'C', 'MIX', 225, '42409501', 'OTRAS INVERSIONES', '42409501', 15, '', '', NULL, NULL),
(342, 'P', 'C', 'MIX', 226, '42454001', 'FLOTA Y EQUIPO DE TRANSPORTE', '42454001', 15, '1007', '4002', NULL, NULL),
(343, 'P', 'D', 'MIX', 227, '42500501', 'RECUPERACION CARTERA', '42500501', 15, '1007', '4002', NULL, NULL),
(344, 'P', 'C', 'MIX', 228, '42501001', 'SEGUROS', '42501001', 15, '', '', NULL, NULL),
(345, 'P', 'C', 'MIX', 229, '42503001', 'DESCUENTOS CONCEDIDOS', '42503001', 15, '1007', '4002', NULL, NULL),
(346, 'P', 'C', 'MIX', 230, '42505001', 'REINTEGRO DE OTROS COSTOS Y GASTOS', '42505001', 15, '', '', NULL, NULL),
(347, 'P', 'C', 'MIX', 231, '42505501', 'RECUPERACIONES,APROXIMAC MULTIPLO MIL', '42505501', 15, '', '', NULL, NULL),
(348, 'P', 'C', 'MIX', 232, '42509501', 'RECUPERACION OTROS', '42509501', 15, '1007', '4002', NULL, NULL),
(349, 'P', 'C', 'MIX', 233, '42552501', 'POR PERDIDA DE MERCANCIA', '42552501', 15, '', '', NULL, NULL),
(350, 'P', 'C', 'MIX', 234, '42554001', 'INCAPACIDADES EPS', '42554001', 15, '1007', '4003', NULL, NULL),
(351, 'P', 'C', 'MIX', 235, '42650501', 'INGRESOS DE EJERCICIOS ANTERIORES', '42650501', 15, '', '', NULL, NULL),
(352, 'P', 'C', 'MIX', 236, '42750501', 'DEVOL, REBAJAS Y DESCUENTOS', '42750501', 15, '', '', NULL, NULL),
(353, 'P', 'D', 'MIX', 237, '42950401', 'LICENCIAS********', '42950401', 15, '', '', NULL, NULL),
(354, 'P', 'D', 'MIX', 238, '42954701', 'PRODUCTOS DESCONTADOS POR AJUSTE', '42954701', 15, '', '', NULL, NULL),
(355, 'P', 'C', 'MIX', 239, '42955301', 'SOBRANTE EN CAJA', '42955301', 15, '1007', '4002', NULL, NULL),
(356, 'P', 'D', 'MIX', 240, '42958101', 'AJUSTE AL PESO', '42958101', 15, '1007', '4002', NULL, NULL),
(357, 'P', 'D', 'MIX', 241, '42958301', '9999', '42958301', 15, '', '', NULL, NULL),
(358, 'P', 'C', 'MIX', 242, '43050501', 'OTROS INGRESOS PROVEEDORES VARIOS', '43050501', 15, '', '', NULL, NULL),
(359, 'P', 'C', 'MIX', 243, '47051001', 'C.M. INVENTARIOS', '47051001', 15, '', '', NULL, NULL),
(360, 'P', 'C', 'MIX', 244, '47051501', 'PROPIEDADES PLANTA Y EQUIPO', '47051501', 15, '', '', NULL, NULL),
(361, 'P', 'D', 'MIX', 245, '47054001', 'PATRIMONIO', '47054001', 15, '', '', NULL, NULL),
(362, 'P', 'D', 'MIX', 246, '47054501', 'DEPRECIACION ACUMULADA', '47054501', 15, '', '', NULL, NULL),
(363, 'A', 'D', 'MIX', 247, '51050601', 'SUELDOS', '51050601', 15, '1001', '5001', NULL, NULL),
(364, 'A', 'C', 'MIX', 248, '51051501', 'HORAS EXTRAS Y RECARGOS', '51051501', 15, '1001', '5001', NULL, NULL),
(365, 'A', 'D', 'MIX', 249, '51051801', 'COMISIONES', '51051801', 15, '1001', '5001', NULL, NULL),
(366, 'A', 'D', 'MIX', 250, '51052701', 'SUBSIDIO DE TRANSPORTE', '51052701', 15, '1001', '5001', NULL, NULL),
(367, 'A', 'D', 'MIX', 251, '51053001', 'CESANTIAS', '51053001', 15, '1001', '5001', NULL, NULL),
(368, 'A', 'D', 'MIX', 252, '51053301', 'INTERESES SOBRE CESANTIAS', '51053301', 15, '1001', '5001', NULL, NULL),
(369, 'A', 'D', 'MIX', 253, '51053601', 'PRIMA DE SERVICIOS', '51053601', 15, '1001', '5001', NULL, NULL),
(370, 'A', 'D', 'MIX', 254, '51053901', 'VACACIONES', '51053901', 15, '1001', '5001', NULL, NULL),
(371, 'A', 'D', 'MIX', 255, '51054201', 'PRIMA DE EXITO', '51054201', 15, '1001', '5001', NULL, NULL),
(372, 'A', 'D', 'MIX', 256, '51054801', 'BONIFICACIONES', '51054801', 15, '1001', '5001', NULL, NULL),
(373, 'A', 'D', 'MIX', 257, '51055101', 'DOTACION Y SUMINISTRO A TRABAJADORES', '51055101', 15, '1001', '5001', NULL, NULL),
(374, 'A', 'D', 'MIX', 258, '51056301', 'CAPACITACION PERSONAL', '51056301', 15, '1001', '5016', NULL, NULL),
(375, 'A', 'D', 'MIX', 259, '51056801', 'APORTES A ADMINISTR. RIESGOS PROF. AR', '51056801', 15, '1001', '5011', NULL, NULL),
(376, 'A', 'D', 'MIX', 260, '51056901', 'APORTES A E.P.S.', '51056901', 15, '1001', '5011', NULL, NULL),
(377, 'A', 'D', 'MIX', 261, '51057001', 'APORTES A FONDOS PENSIONES Y/O CESANT', '51057001', 15, '1001', '5012', NULL, NULL),
(378, 'A', 'D', 'MIX', 262, '51057201', 'APORTES A CAJAS COMPENSACION FAMILIAR', '51057201', 15, '1001', '5010', NULL, NULL),
(379, 'A', 'D', 'MIX', 263, '51057501', 'APORTES I.C.B.F.', '51057501', 15, '1001', '5010', NULL, NULL),
(380, 'A', 'D', 'MIX', 264, '51057801', 'SENA', '51057801', 15, '1001', '5010', NULL, NULL),
(381, 'A', 'D', 'MIX', 265, '51058401', 'GASTOS MEDICOS Y DROGAS', '51058401', 15, '', '', NULL, NULL),
(382, 'A', 'D', 'MIX', 266, '51101001', 'REVISORIA FISCAL', '51101001', 15, '1001', '5002', NULL, NULL),
(383, 'A', 'D', 'MIX', 267, '51102501', 'ASESORIA JURIDICA', '51102501', 15, '1001', '5002', NULL, NULL),
(384, 'A', 'D', 'MIX', 268, '51103001', 'ASESORIA FINANCIERA', '51103001', 15, '1001', '5002', NULL, NULL),
(385, 'A', 'D', 'MIX', 269, '51103501', 'ASESORIA TECNICA', '51103501', 15, '1001', '5002', NULL, NULL),
(386, 'A', 'D', 'MIX', 270, '51150501', 'INDUSTRIA Y COMERCIO', '51150501', 15, '1001', '5015', NULL, NULL),
(387, 'A', 'D', 'MIX', 271, '51151001', 'IMPUESTO DE TIMBRE', '51151001', 15, '1001', '5015', NULL, NULL),
(388, 'A', 'D', 'MIX', 272, '51151501', 'IMPUESTO A LA PROPIEDAD RAIZ', '51151501', 15, '1001', '5015', NULL, NULL),
(389, 'A', 'D', 'MIX', 273, '51152501', 'DE VALORIZACION', '51152501', 15, '', '', NULL, NULL),
(390, 'A', 'D', 'MIX', 274, '51154001', 'IMPUESTO VEHICULOS', '51154001', 15, '1001', '5015', NULL, NULL),
(391, 'A', 'D', 'MIX', 275, '51159501', 'G.M.F. (4 * 1000)', '51159501', 15, '1001', '5015', NULL, NULL),
(392, 'A', 'D', 'MIX', 276, '51202001', 'ARRIENDO', '51202001', 15, '', '', NULL, NULL),
(393, 'A', 'D', 'MIX', 277, '51204001', 'ARRENDAMIENTO FLOTA Y EQUIPO TRANSPOR', '51204001', 15, '', '', NULL, NULL),
(394, 'A', 'D', 'MIX', 278, '51250501', 'CONTRIBUCIONES', '51250501', 15, '1001', '5016', NULL, NULL),
(395, 'A', 'D', 'MIX', 279, '51301001', 'SEGUROS', '51301001', 15, '', '', NULL, NULL),
(396, 'A', 'D', 'MIX', 280, '51302501', 'INCENDIO', '51302501', 15, '1001', '5009', NULL, NULL),
(397, 'A', 'D', 'MIX', 281, '51303001', 'TERREMOTO', '51303001', 15, '', '', NULL, NULL),
(398, 'A', 'D', 'MIX', 282, '51303501', 'SUSTRACCION Y HURTO', '51303501', 15, '1001', '5009', NULL, NULL),
(399, 'A', 'D', 'MIX', 283, '51304001', 'SEGUROS FLOTA Y EQUIPO DE TRANSPORTE', '51304001', 15, '1001', '5009', NULL, NULL),
(400, 'A', 'D', 'MIX', 284, '51307501', 'SEGURO OBLIGATORIO ACCID. TRANSITO', '51307501', 15, '1001', '5009', NULL, NULL),
(401, 'A', 'D', 'MIX', 285, '51308501', 'SEGURO TRANSPORTE DE MERCANCIA', '51308501', 15, '', '', NULL, NULL),
(402, 'A', 'D', 'MIX', 286, '51350501', 'ASEO Y VIGILANCIA', '51350501', 15, '1001', '5004', NULL, NULL),
(403, 'A', 'D', 'MIX', 287, '51351501', 'ASISTENCIA TECNICA', '51351501', 15, '1001', '5004', NULL, NULL),
(404, 'A', 'D', 'MIX', 288, '51352001', 'PROCESAMIENTO ELECTRONICO DE DATOS', '51352001', 15, '1001', '5004', NULL, NULL),
(405, 'A', 'D', 'MIX', 289, '51352501', 'ACUEDUCTO Y ALCANTARRILLADO', '51352501', 15, '1001', '5004', NULL, NULL),
(406, 'A', 'D', 'MIX', 290, '51353001', 'ENERGIA ELECTRICA', '51353001', 15, '1001', '5004', NULL, NULL),
(407, 'A', 'D', 'MIX', 291, '51353501', 'TELEFONO', '51353501', 15, '1001', '5004', NULL, NULL),
(408, 'A', 'D', 'MIX', 292, '51354001', 'CORREO PORTES Y TELEGRAMAS', '51354001', 15, '1001', '5004', NULL, NULL),
(409, 'A', 'D', 'MIX', 293, '51354501', 'FAX Y TELEX', '51354501', 15, '', '', NULL, NULL),
(410, 'A', 'D', 'MIX', 294, '51355001', 'TRANSPORTES FLETES Y ACARREOS', '51355001', 15, '1001', '5004', NULL, NULL),
(411, 'A', 'D', 'MIX', 295, '51359501', 'CARGUE Y BODEGAJES', '51359501', 15, '', '', NULL, NULL),
(412, 'A', 'D', 'MIX', 296, '51400501', 'NOTARIALES', '51400501', 15, '1001', '5016', NULL, NULL),
(413, 'A', 'D', 'MIX', 297, '51401001', 'REGISTRO MERCANTIL', '51401001', 15, '1001', '5016', NULL, NULL),
(414, 'A', 'D', 'MIX', 298, '51401501', 'TRAMITES Y LICENCIAS', '51401501', 15, '1001', '5016', NULL, NULL),
(415, 'A', 'D', 'MIX', 299, '51402001', 'ADUANEROS', '51402001', 15, '', '', NULL, NULL),
(416, 'A', 'D', 'MIX', 300, '51409501', 'CERTIFICACION NORMAS TECNICAS', '51409501', 15, '1001', '5016', NULL, NULL),
(417, 'A', 'D', 'MIX', 300, '51450501', 'MANTENIMIENTO Y REPARACIONES', '51450501', 15, '1001', '5016', NULL, NULL),
(418, 'A', 'D', 'MIX', 301, '51451001', 'CONSTRUCCIONES Y EDIFICACIONES', '51451001', 15, '1001', '5016', NULL, NULL),
(419, 'A', 'D', 'MIX', 302, '51451501', 'MAQUINARIA Y EQUIPO', '51451501', 15, '', '', NULL, NULL),
(420, 'A', 'D', 'MIX', 303, '51452001', 'MANTENIMIENTO EQUIPO OFICINA', '51452001', 15, '1001', '5016', NULL, NULL),
(421, 'A', 'D', 'MIX', 304, '51452501', 'EQUIPO DE COMPUTACION Y COMUNICACIONE', '51452501', 15, '1001', '5016', NULL, NULL),
(422, 'A', 'D', 'MIX', 305, '51454001', 'MANT/MIENTO FLOTA Y EQUIPO DE TRANSPO', '51454001', 15, '1001', '5016', NULL, NULL),
(423, 'A', 'D', 'MIX', 306, '51501001', 'ARREGLOS ORNAMENTALES', '51501001', 15, '', '', NULL, NULL),
(424, 'A', 'D', 'MIX', 307, '51501501', 'REPARACIONES LOCATIVAS', '51501501', 15, '1001', '5016', NULL, NULL),
(425, 'A', 'D', 'MIX', 308, '51509501', 'OTROS', '51509501', 15, '', '', NULL, NULL),
(426, 'A', 'D', 'MIX', 309, '51550501', 'ALOJAMIENTO Y MANUTENCION', '51550501', 15, '1001', '5016', NULL, NULL),
(427, 'A', 'D', 'MIX', 310, '51551501', 'PASAJES AEREOS', '51551501', 15, '1001', '5016', NULL, NULL),
(428, 'A', 'D', 'MIX', 311, '51559501', 'DIVERSOS', '51559501', 15, '', '', NULL, NULL),
(429, 'A', 'D', 'MIX', 312, '51600501', 'DEPREC.CONSTRUCCIONES Y EDIFICIOS', '51600501', 15, '', '', NULL, NULL),
(430, 'A', 'D', 'MIX', 313, '51601001', 'DEPRECIACION MAQUINARIA Y EQUIPO', '51601001', 15, '', '', NULL, NULL),
(431, 'A', 'D', 'MIX', 314, '51601501', 'DEPRECIACION EQUIPO OFICINA', '51601501', 15, '', '', NULL, NULL),
(432, 'A', 'D', 'MIX', 315, '51602001', 'DEPRECIACION EQUIPO COMPUTACION', '51602001', 15, '', '', NULL, NULL),
(433, 'A', 'D', 'MIX', 316, '51603501', 'DEPRECIACION FLOTA Y EQUIPO DE TRANSP', '51603501', 15, '', '', NULL, NULL),
(434, 'A', 'D', 'MIX', 317, '51650501', 'GERENCIA.', '51650501', 15, '1011', '1508', NULL, NULL),
(435, 'A', 'D', 'MIX', 318, '51659501', 'OTRAS AMORTIZACIONES', '51659501', 15, '', '', NULL, NULL),
(436, 'A', 'D', 'MIX', 319, '51950501', 'COMISIONES', '51950501', 15, '', '', NULL, NULL),
(437, 'A', 'D', 'MIX', 320, '51951001', 'LIBROS, SUSCRIPCIONES, PERIODICOS Y R', '51951001', 15, '', '', NULL, NULL),
(438, 'A', 'D', 'MIX', 321, '51952001', 'GASTOS REPRESENTACION', '51952001', 15, '1001', '5016', NULL, NULL),
(439, 'A', 'D', 'MIX', 322, '51952501', 'ELEMENTOS DE ASEO Y CAFETERIA', '51952501', 15, '1001', '5016', NULL, NULL),
(440, 'A', 'D', 'MIX', 323, '51953001', 'UTILES, PAPELERIA Y FOTOCOPIAS', '51953001', 15, '1001', '5016', NULL, NULL),
(441, 'A', 'D', 'MIX', 324, '51953501', 'COMBUSTIBLES Y LUBRICANTES', '51953501', 15, '1001', '5016', NULL, NULL),
(442, 'A', 'D', 'MIX', 325, '51954001', 'ENVASE,EMPAQUE Y EMBALAJE', '51954001', 15, '1001', '5016', NULL, NULL),
(443, 'A', 'D', 'MIX', 326, '51954501', 'TAXIS Y BUSES', '51954501', 15, '1001', '5016', NULL, NULL),
(444, 'A', 'C', 'MIX', 327, '51955001', 'PORTES CABLES Y TELEGRAMAS', '51955001', 15, '', '', NULL, NULL),
(445, 'A', 'D', 'MIX', 328, '51956001', 'CASINO Y RESTAURANTE', '51956001', 15, '1001', '5016', NULL, NULL),
(446, 'A', 'D', 'MIX', 329, '51956501', 'PARQUEADEROS Y PEAJES', '51956501', 15, '1001', '5016', NULL, NULL),
(447, 'A', 'D', 'MIX', 330, '51959501', 'DIVERSOS VARIOS', '51959501', 15, '1001', '5016', NULL, NULL),
(448, 'A', 'D', 'MIX', 331, '51960501', 'DETERIORO PROPIEDAD PLANTA Y EQUIPO', '51960501', 15, '', '', NULL, NULL),
(449, 'A', 'D', 'MIX', 332, '51991001', 'PROVISION DEUDORES', '51991001', 15, '', '', NULL, NULL),
(450, 'A', 'D', 'MIX', 333, '52050501', 'HORAS EXTRAS', '52050501', 15, '', '', NULL, NULL),
(451, 'A', 'D', 'MIX', 334, '52050601', 'SUELDOS', '52050601', 15, '', '', NULL, NULL),
(452, 'A', 'D', 'MIX', 335, '52051501', 'HORAS EXTRAS', '52051501', 15, '', '', NULL, NULL),
(453, 'A', 'D', 'MIX', 336, '52051801', 'COMISIONES', '52051801', 15, '1001', '5001', NULL, NULL),
(454, 'A', 'D', 'MIX', 337, '52052701', 'AUXILIO DE TRANSPORTE', '52052701', 15, '1001', '5001', NULL, NULL),
(455, 'A', 'D', 'MIX', 338, '52053001', 'CESANTIAS', '52053001', 15, '1001', '5001', NULL, NULL),
(456, 'A', 'D', 'MIX', 339, '52053301', 'INTERESES SOBRE CESANTIAS', '52053301', 15, '1001', '5001', NULL, NULL),
(457, 'A', 'D', 'MIX', 340, '52053601', 'PRIMA DE SERVICIOS', '52053601', 15, '1001', '5001', NULL, NULL),
(458, 'A', 'D', 'MIX', 341, '52053901', 'VACACIONES', '52053901', 15, '1001', '5001', NULL, NULL),
(459, 'A', 'D', 'MIX', 342, '52054201', 'PRIMA DE EXITO', '52054201', 15, '1001', '5001', NULL, NULL),
(460, 'A', 'D', 'MIX', 343, '52054801', 'BONIFICACIONES', '52054801', 15, '1001', '5001', NULL, NULL),
(461, 'A', 'D', 'MIX', 344, '52055101', 'DOTACIONES', '52055101', 15, '1001', '5016', NULL, NULL),
(462, 'A', 'D', 'MIX', 345, '52056001', 'INDEMNIZACIONES LABORALES', '52056001', 15, '', '', NULL, NULL),
(463, 'A', 'D', 'MIX', 346, '52056301', 'CAPACITACION AL PERSONAL', '52056301', 15, '1001', '5001', NULL, NULL),
(464, 'A', 'D', 'MIX', 347, '52056801', 'APORTES A ADMINISTRADORAS DE RIESGOS', '52056801', 15, '1001', '5011', NULL, NULL),
(465, 'A', 'D', 'MIX', 348, '52056901', 'APORTES A ENTIDADES PROMOTORAS DE SAL', '52056901', 15, '1001', '5011', NULL, NULL),
(466, 'A', 'D', 'MIX', 349, '52057001', 'APORTES A FONDOS DE PENSIONES Y/O CES', '52057001', 15, '1001', '5012', NULL, NULL),
(467, 'A', 'D', 'MIX', 349, '52057010', '', '52057010', 15, '1001', '5012', NULL, NULL),
(468, 'A', 'D', 'MIX', 350, '52057201', 'APORTES CAJA COMPENSACION', '52057201', 15, '1001', '5010', NULL, NULL),
(469, 'A', 'D', 'MIX', 351, '52057501', 'ICBF', '52057501', 15, '1001', '5010', NULL, NULL),
(470, 'A', 'D', 'MIX', 352, '52057801', 'SENA', '52057801', 15, '1001', '5010', NULL, NULL),
(471, 'A', 'D', 'MIX', 353, '52058401', 'GASTOS MEDICOS DE PERSONAL', '52058401', 15, '1001', '5001', NULL, NULL),
(472, 'A', 'D', 'MIX', 354, '52059501', 'OTROS', '52059501', 15, '', '', NULL, NULL),
(473, 'A', 'D', 'MIX', 355, '52101501', 'HONORARIOS PROFESIONALES NIIF', '52101501', 15, '', '', NULL, NULL),
(474, 'A', 'D', 'MIX', 356, '52102001', 'AVALUOS', '52102001', 15, '', '', NULL, NULL),
(475, 'A', 'D', 'MIX', 356, '52102005', 'AVALUOS', '52102005', 15, '', '', NULL, NULL),
(476, 'A', 'D', 'MIX', 357, '52102501', 'ASESORIA JURIDICA**', '52102501', 15, '', '', NULL, NULL);
INSERT INTO `pucauxiliars` (`id`, `tipo`, `naturaleza`, `clase`, `id_pucsubcuentas`, `codigo`, `descripcion`, `homologo`, `id_empresa`, `exogena`, `na`, `created_at`, `updated_at`) VALUES
(477, 'A', 'D', 'MIX', 358, '52103501', 'ASESORIA TECNICA', '52103501', 15, '1001', '5004', NULL, NULL),
(478, 'A', 'D', 'MIX', 359, '52150501', 'INDUSTRIA Y COMERCIO', '52150501', 15, '1001', '5015', NULL, NULL),
(479, 'A', 'D', 'MIX', 360, '52151001', 'IMPUESTO DE TIMBRE', '52151001', 15, '', '', NULL, NULL),
(480, 'A', 'D', 'MIX', 361, '52151501', 'PROPIEDAD RAIZ', '52151501', 15, '', '', NULL, NULL),
(481, 'A', 'D', 'MIX', 362, '52154001', 'IMPUESTO VEHICULOS', '52154001', 15, '1001', '5015', NULL, NULL),
(482, 'A', 'D', 'MIX', 363, '52157001', 'IVA DESCONTABLE', '52157001', 15, '1001', '5015', NULL, NULL),
(483, 'A', 'D', 'MIX', 364, '52201001', 'CONTRUCCIONES Y EDIFACIONES', '52201001', 15, '1001', '5005', NULL, NULL),
(484, 'A', 'D', 'MIX', 365, '52204001', 'ARRENDAMIENTO FLOTA Y EQUIPO TRANSPOR', '52204001', 15, '1001', '5005', NULL, NULL),
(485, 'A', 'D', 'MIX', 366, '52209501', 'OTROS ARRENDAMIENTOS', '52209501', 15, '', '', NULL, NULL),
(486, 'A', 'D', 'MIX', 367, '52250501', 'CONTRIBUCIONES', '52250501', 15, '1001', '5016', NULL, NULL),
(487, 'A', 'D', 'MIX', 368, '52302001', 'VIDA COLECTIVA', '52302001', 15, '', '', NULL, NULL),
(488, 'A', 'D', 'MIX', 369, '52302501', 'SEGURO CONTRA INCENDIO', '52302501', 15, '', '', NULL, NULL),
(489, 'A', 'D', 'MIX', 370, '52303501', 'SEGURO SUSTRACCION Y HURTO', '52303501', 15, '', '', NULL, NULL),
(490, 'A', 'D', 'MIX', 371, '52304001', 'SEGURO FLOTA Y EQUIPO DE TRANSPORTE', '52304001', 15, '1001', '5016', NULL, NULL),
(491, 'A', 'D', 'MIX', 372, '52305001', 'SEGURO RERSP?NSABILIDAD CIVIL', '52305001', 15, '', '', NULL, NULL),
(492, 'A', 'D', 'MIX', 373, '52306001', 'RESPONSABILIDAD CIVIL Y CONTRACTUAL', '52306001', 15, '', '', NULL, NULL),
(493, 'A', 'D', 'MIX', 374, '52307501', 'OBLIGATORIO ACCIDENTE DE TRANSITO', '52307501', 15, '1001', '5016', NULL, NULL),
(494, 'A', 'D', 'MIX', 375, '52308501', 'TRANSPORTE DE MERCANCIA', '52308501', 15, '', '', NULL, NULL),
(495, 'A', 'D', 'MIX', 376, '52350501', 'ASEO Y VIGILANCIA', '52350501', 15, '1001', '5004', NULL, NULL),
(496, 'A', 'D', 'MIX', 377, '52351001', 'SERVICIO DE ASESORIA', '52351001', 15, '1001', '5004', NULL, NULL),
(497, 'A', 'D', 'MIX', 378, '52351501', 'ASISTENCIA TECNICA', '52351501', 15, '1001', '5004', NULL, NULL),
(498, 'A', 'D', 'MIX', 379, '52352001', 'PROCESAMIENTO ELEC.DE DATOS', '52352001', 15, '', '', NULL, NULL),
(499, 'A', 'D', 'MIX', 380, '52352501', 'ACUEDUCTO Y ALCANTARILLADO', '52352501', 15, '1001', '5004', NULL, NULL),
(500, 'A', 'D', 'MIX', 381, '52353001', 'SERVICIO ENERGIA', '52353001', 15, '1001', '5004', NULL, NULL),
(501, 'A', 'D', 'MIX', 382, '52353501', 'TELEFONO', '52353501', 15, '1001', '5004', NULL, NULL),
(502, 'A', 'D', 'MIX', 383, '52354001', 'CORREO Y PORTES', '52354001', 15, '1001', '5004', NULL, NULL),
(503, 'A', 'D', 'MIX', 384, '52354501', 'FAX Y COMPUTOS', '52354501', 15, '1001', '5004', NULL, NULL),
(504, 'A', 'D', 'MIX', 384, '52354505', 'FAX COMPUTOS', '52354505', 15, '1001', '5004', NULL, NULL),
(505, 'A', 'D', 'MIX', 385, '52355001', 'TRANSPORTE FLETES Y ACARREOS', '52355001', 15, '1001', '5004', NULL, NULL),
(506, 'A', 'D', 'MIX', 386, '52356001', 'PUBLICIDAD PROPAGANDA Y PROMOCION', '52356001', 15, '1001', '5004', NULL, NULL),
(507, 'A', 'D', 'MIX', 387, '52359501', 'RODAMIENTO VEHICULO', '52359501', 15, '1001', '5004', NULL, NULL),
(508, 'A', 'D', 'MIX', 387, '52359505', 'OTROS SERVICIOS', '52359505', 15, '', '', NULL, NULL),
(509, 'A', 'D', 'MIX', 388, '52400501', 'NOTARIALES', '52400501', 15, '', '', NULL, NULL),
(510, 'A', 'D', 'MIX', 389, '52401001', 'REGISTRO MERCANTIL', '52401001', 15, '', '', NULL, NULL),
(511, 'A', 'D', 'MIX', 390, '52401501', 'TRAMITES Y LICENCIAS', '52401501', 15, '1001', '5006', NULL, NULL),
(512, 'A', 'D', 'MIX', 391, '52409501', 'OTROS GASTOS LEGALES', '52409501', 15, '1001', '5016', NULL, NULL),
(513, 'A', 'D', 'MIX', 392, '52451001', 'CONSTRUCCIONES Y EDIFICACIONES', '52451001', 15, '1001', '5016', NULL, NULL),
(514, 'A', 'D', 'MIX', 393, '52451501', 'MAQUINARIA Y EQUIPO', '52451501', 15, '', '', NULL, NULL),
(515, 'A', 'D', 'MIX', 394, '52452001', 'EQUIPO DE OFICINA', '52452001', 15, '1001', '5016', NULL, NULL),
(516, 'A', 'D', 'MIX', 395, '52452501', 'EQUIPO DE COMPUTACION Y COMUNICACION', '52452501', 15, '1001', '5016', NULL, NULL),
(517, 'A', 'D', 'MIX', 396, '52454001', 'FLOTA Y EQUIPO DE TRANSPORTE', '52454001', 15, '1001', '5016', NULL, NULL),
(518, 'A', 'D', 'MIX', 397, '52459901', 'AJUSTES POR INFLACCION', '52459901', 15, '', '', NULL, NULL),
(519, 'A', 'D', 'MIX', 398, '52500501', 'INSTALACIONES ELECTRICAS', '52500501', 15, '1001', '5016', NULL, NULL),
(520, 'A', 'D', 'MIX', 399, '52501001', 'ARREGLOS ORNAMENTALES', '52501001', 15, '', '', NULL, NULL),
(521, 'A', 'D', 'MIX', 400, '52501501', 'REPARACIONES LOCATIVAS', '52501501', 15, '1001', '5016', NULL, NULL),
(522, 'A', 'D', 'MIX', 401, '52550501', 'ALOJAMIENTO Y MANUTENCION', '52550501', 15, '', '', NULL, NULL),
(523, 'A', 'D', 'MIX', 402, '52551501', 'PASAJES AEREOS', '52551501', 15, '1001', '5016', NULL, NULL),
(524, 'A', 'D', 'MIX', 403, '52552001', 'PASAJES TERRESTRES', '52552001', 15, '', '', NULL, NULL),
(525, 'A', 'D', 'MIX', 404, '52600501', 'CONSTRUCCIONES Y EDIFICACIONES', '52600501', 15, '', '', NULL, NULL),
(526, 'A', 'D', 'MIX', 405, '52601001', 'MAQUINARIA Y EQUIPO', '52601001', 15, '', '', NULL, NULL),
(527, 'A', 'D', 'MIX', 406, '52601501', 'EQUIPO DE OFICINA', '52601501', 15, '', '', NULL, NULL),
(528, 'A', 'D', 'MIX', 407, '52602001', 'EQUIPO COMPUTACION', '52602001', 15, '', '', NULL, NULL),
(529, 'A', 'D', 'MIX', 408, '52602501', 'MUEBLES Y ENCERES', '52602501', 15, '', '', NULL, NULL),
(530, 'A', 'D', 'MIX', 409, '52603501', 'FLOTA Y EQUIPO DE TRANSPORTE', '52603501', 15, '', '', NULL, NULL),
(531, 'A', 'D', 'MIX', 410, '52651001', 'LICENCIA / REGISTRO LIC.ICA (MEDIVEXT', '52651001', 15, '', '', NULL, NULL),
(532, 'A', 'D', 'MIX', 411, '52651501', 'CARGOS DIFERIDOS', '52651501', 15, '', '', NULL, NULL),
(533, 'A', 'D', 'MIX', 412, '52709901', 'AJUSTES POR INFLACION', '52709901', 15, '', '', NULL, NULL),
(534, 'A', 'D', 'MIX', 413, '52751001', 'SOCIEDADES LIMITADAS', '52751001', 15, '', '', NULL, NULL),
(535, 'A', 'D', 'MIX', 414, '52950501', 'COMISIONES', '52950501', 15, '', '', NULL, NULL),
(536, 'A', 'D', 'MIX', 415, '52951001', 'LIBROS SUSCRIPCIONES', '52951001', 15, '', '', NULL, NULL),
(537, 'A', 'D', 'MIX', 416, '52952001', 'GASTOS REPRESENTACION', '52952001', 15, '1001', '5016', NULL, NULL),
(538, 'A', 'D', 'MIX', 417, '52952501', 'ELEMENTOS ASEO Y CAFETERIA', '52952501', 15, '1001', '5016', NULL, NULL),
(539, 'A', 'D', 'MIX', 418, '52953001', 'PAPELERIA FOTOCOPIAS', '52953001', 15, '1001', '5016', NULL, NULL),
(540, 'A', 'D', 'MIX', 419, '52953501', 'COMBUSTIBLES Y LUBRICANTES', '52953501', 15, '1001', '5016', NULL, NULL),
(541, 'A', 'D', 'MIX', 420, '52954001', 'ENVASES Y EMPAQUES', '52954001', 15, '1001', '5016', NULL, NULL),
(542, 'A', 'D', 'MIX', 420, '52954011', 'BANCO BOGOTA', '52954011', 15, '', '', NULL, NULL),
(543, 'A', 'D', 'MIX', 421, '52954501', 'TAXIS Y BUSES', '52954501', 15, '1001', '5016', NULL, NULL),
(544, 'A', 'D', 'MIX', 422, '52956001', 'RESTAURANTE,HOTEL', '52956001', 15, '1001', '5016', NULL, NULL),
(545, 'A', 'D', 'MIX', 423, '52956501', 'PEAJES Y PARQUEADEROS', '52956501', 15, '1001', '5016', NULL, NULL),
(546, 'A', 'D', 'MIX', 424, '52959501', 'OTROS', '52959501', 15, '1001', '5016', NULL, NULL),
(547, 'A', 'D', 'MIX', 425, '52990501', 'INVERSIONES', '52990501', 15, '', '', NULL, NULL),
(548, 'A', 'D', 'MIX', 426, '52991001', 'DEUDORES', '52991001', 15, '', '', NULL, NULL),
(549, 'A', 'D', 'MIX', 427, '52991501', 'INVENTARIOS', '52991501', 15, '', '', NULL, NULL),
(550, 'A', 'D', 'MIX', 428, '52992001', 'PROPIEDAD PLANTA Y EQUIPO', '52992001', 15, '', '', NULL, NULL),
(551, 'A', 'D', 'MIX', 429, '52999501', 'OTROS ACTIVOS', '52999501', 15, '', '', NULL, NULL),
(552, 'A', 'D', 'MIX', 430, '53050501', 'GASTOS BANCARIOS', '53050501', 15, '1001', '5016', NULL, NULL),
(553, 'A', 'D', 'MIX', 431, '53051001', 'REAJUSTE MONETARIO', '53051001', 15, '', '', NULL, NULL),
(554, 'A', 'D', 'MIX', 432, '53051501', 'COMISIONES', '53051501', 15, '1001', '5016', NULL, NULL),
(555, 'A', 'D', 'MIX', 433, '53052001', 'INTERESES', '53052001', 15, '1001', '5006', NULL, NULL),
(556, 'A', 'D', 'MIX', 433, '53052002', 'INTERESES SOBRE GIRO BANCARIO', '53052002', 15, '1001', '5006', NULL, NULL),
(557, 'A', 'D', 'MIX', 434, '53052501', 'DIFERENCIA EN CAMBIO', '53052501', 15, '', '', NULL, NULL),
(558, 'A', 'D', 'MIX', 435, '53053501', 'DESCUENTOS COMERCIALES CONDICIONADOS', '53053501', 15, '1001', '5016', NULL, NULL),
(559, 'A', 'D', 'MIX', 436, '53054001', 'GASTOS DE BONOS Y EMISION', '53054001', 15, '', '', NULL, NULL),
(560, 'A', 'D', 'MIX', 437, '53059501', 'OTROS CARGOS FNG ANUAL', '53059501', 15, '1001', '5016', NULL, NULL),
(561, 'A', 'D', 'MIX', 438, '53101501', 'VENTA DE PROPIEDADES PLANTA Y EQUIPO', '53101501', 15, '', '', NULL, NULL),
(562, 'A', 'D', 'MIX', 439, '53150501', 'COSTAS Y PROCESOS JUDICIALES', '53150501', 15, '', '', NULL, NULL),
(563, 'A', 'D', 'MIX', 440, '53151501', 'COSTOSY GASTOS EJERCICIOS ANTERIORES', '53151501', 15, '1001', '5016', NULL, NULL),
(564, 'A', 'D', 'MIX', 441, '53152001', 'IMPUESTOS ASUMIDOS', '53152001', 15, '1001', '5016', NULL, NULL),
(565, 'A', 'D', 'MIX', 441, '53152002', 'IMPUESTO ASUMIDO INDUSTRIA Y COMERCIO', '53152002', 15, '1001', '5016', NULL, NULL),
(566, 'A', 'D', 'MIX', 442, '53159501', 'OTROS', '53159501', 15, '1001', '5016', NULL, NULL),
(567, 'A', 'C', 'MIX', 443, '53350501', 'ALMACEN TODOAGRO', '53350501', 15, '', '', NULL, NULL),
(568, 'A', 'D', 'MIX', 444, '53950501', 'DEMANDAS LABORALES', '53950501', 15, '', '', NULL, NULL),
(569, 'A', 'D', 'MIX', 445, '53951001', 'DEMANDAS INCUMPLIMIENTO CONTRATO', '53951001', 15, '', '', NULL, NULL),
(570, 'A', 'D', 'MIX', 446, '53952001', 'SANCIONES', '53952001', 15, '1001', '5016', NULL, NULL),
(571, 'A', 'D', 'MIX', 447, '53952501', 'DONACIONES', '53952501', 15, '1001', '5016', NULL, NULL),
(572, 'A', 'D', 'MIX', 448, '53959501', 'OTROS GASTOS DIVERSOS', '53959501', 15, '1001', '5016', NULL, NULL),
(573, 'A', 'D', 'MIX', 449, '54050501', 'IMPUESTO DE RENTA Y COMPLEMENTARIOS', '54050501', 15, '1001', '5015', NULL, NULL),
(574, 'A', 'D', 'MIX', 449, '54050502', 'IMPTO / RENTA PARA LA EQUIDAD CREE', '54050502', 15, '1001', '5015', NULL, NULL),
(575, 'A', 'D', 'MIX', 450, '54051001', 'IMPUESTO PARA LA EQUIDAD CREE', '54051001', 15, '', '', NULL, NULL),
(576, 'A', 'D', 'MIX', 451, '54051501', 'IMPTO. DIFERIDO DE RENTA', '54051501', 15, '', '', NULL, NULL),
(577, 'A', 'D', 'MIX', 452, '59050501', 'GANANCIAS', '59050501', 15, '', '', NULL, NULL),
(578, 'A', 'D', 'MIX', 453, '61204301', 'PRODUCTOS QUIMICOS USO AGROPECUARIO', '61204301', 15, '', '', NULL, NULL),
(579, 'A', 'D', 'MIX', 454, '61351401', 'COSTO INSUMOS Y MAT. PRIMAS AGROPECUA', '61351401', 15, '1011', '1406', NULL, NULL),
(580, 'A', 'D', 'MIX', 454, '61351405', 'COSTO DE VENTA MATERIA PRIMA', '61351405', 15, '1011', '1406', NULL, NULL),
(581, 'A', 'D', 'NIIF', 455, '61359501', 'COSTO DE VENTAS', '61359501', 15, '', '', NULL, NULL),
(582, 'A', 'D', 'MIX', 456, '61359901', 'AJUSTE POR INFLACION AL COSTO', '61359901', 15, '', '', NULL, NULL),
(583, 'A', 'D', 'MIX', 457, '61960501', 'DETERIORO DE INVENTARIO NIIF', '61960501', 15, '', '', NULL, NULL),
(584, 'A', 'D', 'MIX', 458, '71012001', 'PRODUCTO TERMINADO', '71012001', 15, '', '', NULL, NULL),
(585, 'A', 'D', 'MIX', 459, '71015001', 'MATERIA PRIMA', '71015001', 15, '', '', NULL, NULL),
(586, 'P', 'D', 'MIX', 460, '91152001', 'EN CONSIGNACION', '91152001', 15, '', '', NULL, NULL),
(587, 'P', 'D', 'MIX', 461, '94010101', 'RESPONSABILIDADES CONTINGENTES POR CO', '94010101', 15, '', '', NULL, NULL),
(588, 'P', 'C', 'MIX', 462, '94152001', 'MERCANCIAS EN CONSIGNACION', '94152001', 15, '', '', NULL, NULL),
(1174, 'A', 'D', 'MIX', 3, '11050503', 'CAJA PRUEBA', '11050503', 15, '1001', '1115', '2019-10-29 10:37:24', '2019-10-29 10:37:24'),
(1762, 'A', 'D', 'MIX', 6, '12250501', 'CERTIFICADOS DEPOSITO A TERMINO C.D.T', '12250501', 15, '1001', '1115', '2020-08-03 23:04:08', '2020-08-03 23:04:08'),
(1763, 'A', 'D', 'MIX', 9, '13102002', 'particulares 2', '13102002', 15, '1001', '1115', '2020-08-03 23:15:45', '2020-08-03 23:15:45');

-- --------------------------------------------------------

--
-- Table structure for table `pucclases`
--

CREATE TABLE `pucclases` (
  `id` int(10) UNSIGNED NOT NULL,
  `codigo` varchar(255) COLLATE utf8mb4_unicode_ci NOT NULL,
  `descripcion` varchar(255) COLLATE utf8mb4_unicode_ci NOT NULL,
  `created_at` timestamp NULL DEFAULT NULL,
  `updated_at` timestamp NULL DEFAULT NULL
) ENGINE=InnoDB DEFAULT CHARSET=utf8mb4 COLLATE=utf8mb4_unicode_ci;

--
-- Dumping data for table `pucclases`
--

INSERT INTO `pucclases` (`id`, `codigo`, `descripcion`, `created_at`, `updated_at`) VALUES
(1, '1', 'ACTIVO', NULL, NULL),
(2, '2', 'PASIVO', NULL, NULL),
(3, '3', 'PATRIMONIO', NULL, NULL),
(4, '4', 'INGRESOS', NULL, NULL),
(5, '5', 'GASTOS DE ADMINISTRACION', NULL, NULL),
(6, '6', 'COSTOS DE VENTA', NULL, NULL),
(7, '7', 'COSTOS DE PRODUCCION O DE OPERACION', NULL, NULL),
(9, '9', 'CUENTAS DE ORDEN ACREEDORAS', NULL, NULL);

-- --------------------------------------------------------

--
-- Table structure for table `puccuentas`
--

CREATE TABLE `puccuentas` (
  `id` int(10) UNSIGNED NOT NULL,
  `id_pucgrupos` int(11) NOT NULL,
  `codigo` varchar(255) COLLATE utf8mb4_unicode_ci NOT NULL,
  `descripcion` varchar(255) COLLATE utf8mb4_unicode_ci NOT NULL,
  `created_at` timestamp NULL DEFAULT NULL,
  `updated_at` timestamp NULL DEFAULT NULL
) ENGINE=InnoDB DEFAULT CHARSET=utf8mb4 COLLATE=utf8mb4_unicode_ci;

--
-- Dumping data for table `puccuentas`
--

INSERT INTO `puccuentas` (`id`, `id_pucgrupos`, `codigo`, `descripcion`, `created_at`, `updated_at`) VALUES
(1, 1, '1105', 'CAJA', NULL, NULL),
(2, 1, '1110', 'BANCOS', NULL, NULL),
(3, 2, '1215', 'BONOS', NULL, NULL),
(4, 2, '1225', 'CERTIFICADOS', NULL, NULL),
(5, 3, '1305', 'CUENTAS POR COBRAR A CLIENTES', NULL, NULL),
(6, 3, '1306', 'CUENTAS POR COBRAR A TRABAJADORES', NULL, NULL),
(7, 3, '1310', 'CUENTAS CORRIENTES COMERCIALES', NULL, NULL),
(8, 3, '1325', 'CUENTAS POR COBRAR SOCIOS', NULL, NULL),
(9, 3, '1330', 'ANTICIPOS Y AVANCES', NULL, NULL),
(10, 3, '1335', 'DEPOSITOS', NULL, NULL),
(11, 3, '1345', 'INGRESOS POR COBRAR', NULL, NULL),
(12, 3, '1355', 'ANTICIPO DE IMPUESTOS', NULL, NULL),
(13, 3, '1365', 'CUENTAS POR COBRAR A TRABAJADORES', NULL, NULL),
(14, 3, '1370', 'PRESTAMOS A PARTICULARES', NULL, NULL),
(15, 3, '1380', 'DEUDORES VARIOS', NULL, NULL),
(16, 3, '1399', 'PROVISIONES', NULL, NULL),
(17, 4, '1405', 'MATERIAS PRIMAS', NULL, NULL),
(18, 4, '1430', 'PRODUCTOS MANUFACTURADOS', NULL, NULL),
(19, 4, '1435', 'MERCANCIAS NO FABRICADAS POR LA EMPRE', NULL, NULL),
(20, 4, '1496', 'DETERIORO DE INVENTARIO NIIF', NULL, NULL),
(21, 4, '1499', 'PROVISIONES', NULL, NULL),
(22, 5, '1504', 'TERRENOS', NULL, NULL),
(23, 5, '1516', 'CONSTRUCCION Y EDIFICIOS', NULL, NULL),
(24, 5, '1520', 'MAQUINARIA Y EQUIPO', NULL, NULL),
(25, 5, '1524', 'EQUIPOS DE OFICINA', NULL, NULL),
(26, 5, '1528', 'EQUIPO DE COMPUTACION Y COMUNICACION', NULL, NULL),
(27, 5, '1540', 'FLOTA Y EQUIPO DE TRANSPORTE', NULL, NULL),
(28, 5, '1588', 'ENVASES Y EMPAQUES', NULL, NULL),
(29, 5, '1592', 'DEPRECIACION ACUMULADA', NULL, NULL),
(30, 5, '1596', 'DETERIORO PROPIEDAD PLANTA Y EQUIPO', NULL, NULL),
(31, 6, '1635', 'LICENCIAS', NULL, NULL),
(32, 6, '1698', 'AMORTIZACION INTANGIBLES', NULL, NULL),
(33, 7, '1705', 'GASTOS PAGADOS POR ANTICIPADO', NULL, NULL),
(34, 7, '1710', 'CARGOS DIFERIDOS', NULL, NULL),
(35, 7, '1716', 'PROGRAMAS PARA COMPUTADOR SOFWARE', NULL, NULL),
(36, 7, '1730', 'IMPUESTO DIFERIDO ACTIVO', NULL, NULL),
(37, 8, '1855', 'IMPUESTOS CORRIENTES ACTIVOS', NULL, NULL),
(38, 9, '1910', 'DE PROPIEDADES PLANTA Y EQUIPO', NULL, NULL),
(39, 9, '1930', 'IMPUESTO DIFERIDO ACTIVO', NULL, NULL),
(40, 10, '2105', 'BANCOS NACIONALES', NULL, NULL),
(41, 10, '2115', 'CORPORACIONES FINANCIERAS', NULL, NULL),
(42, 10, '2195', 'OTRAS OBLIGACIONES', NULL, NULL),
(43, 11, '2205', 'A PROVEEDORES', NULL, NULL),
(44, 11, '2210', 'DEL EXTERIOR', NULL, NULL),
(45, 12, '2305', 'CUENTAS CORRIENTES COMERCIALES', NULL, NULL),
(46, 12, '2335', 'COSTOS Y GASTOS POR PAGAR', NULL, NULL),
(47, 12, '2355', 'DEUDAS CON ACCIONISTAS Y SOCIOS', NULL, NULL),
(48, 12, '2360', 'DIVIDENDOS O PARTICIPACIONES POR PAGA', NULL, NULL),
(49, 12, '2365', 'RETENCION EN LA FUENTE', NULL, NULL),
(50, 12, '2367', 'RETEIVA', NULL, NULL),
(51, 12, '2368', 'RETEICA INDUSTRIA Y CIO.', NULL, NULL),
(52, 12, '2370', 'RETENCION Y APORTES DE NOMINA', NULL, NULL),
(53, 12, '2380', 'ACREEDORES VARIOS', NULL, NULL),
(54, 13, '2404', 'DE RENTA Y COMPLEMENTARIOS', NULL, NULL),
(55, 13, '2408', 'IMPUESTOS SOBRE LAS VENTAS POR PAGAR', NULL, NULL),
(56, 13, '2412', 'DE INDUSTRIA Y COMERCIO', NULL, NULL),
(57, 13, '2495', 'OTROS IMPUESTOS', NULL, NULL),
(58, 14, '2505', 'SALARIOS POR PAGAR', NULL, NULL),
(59, 14, '2510', 'CESANTIAS CONSOLIDADAS', NULL, NULL),
(60, 14, '2515', 'INTERESES SOBRE CESANTIAS', NULL, NULL),
(61, 14, '2520', 'PRIMA DE SERVICIOS*', NULL, NULL),
(62, 14, '2525', 'VACACIONES CONSOLIDADAS', NULL, NULL),
(63, 14, '2570', 'RETENCIONES Y APORTES DE NOMINA', NULL, NULL),
(64, 14, '2580', 'ACREEDORES VARIOS', NULL, NULL),
(65, 15, '2610', 'PARA OBLIGACIONES LABORALES', NULL, NULL),
(66, 16, '2705', 'INGRESOS RECIBIDOS POR ANTICIPADO', NULL, NULL),
(67, 16, '2730', 'IMPUESTO DIFERIDO PASIVO', NULL, NULL),
(68, 16, '2765', 'RETENCION EN LA FUENTE', NULL, NULL),
(69, 16, '2767', 'RETENCION DE IVA', NULL, NULL),
(70, 16, '2768', 'RETEICA INDUSTRIA Y COMERCIO', NULL, NULL),
(71, 19, '3105', 'CAPITAL SUSCRITO Y PAGADO', NULL, NULL),
(72, 19, '3115', 'APORTES SOCIALES', NULL, NULL),
(73, 20, '3305', 'RESERVAS OBLIGATORIAS', NULL, NULL),
(74, 21, '3405', 'DE CAPITAL SOCIAL', NULL, NULL),
(75, 22, '3605', 'UTILIDAD DEL EJERCICIO', NULL, NULL),
(76, 22, '3610', 'PERDIDAS EJERCICIO ACTUAL', NULL, NULL),
(77, 23, '3705', 'UTILIDADES ACUMULADAS', NULL, NULL),
(78, 23, '3710', 'PERDIDAS ACUMULADAS', NULL, NULL),
(79, 23, '3715', 'PRIMER MOMENTO DE ADOPCION NIIF', NULL, NULL),
(80, 24, '3810', 'DE PROPIEDADES PLANTA Y EQUIPO', NULL, NULL),
(81, 25, '4120', 'INDUSTRIAS MANUFACTURERAS', NULL, NULL),
(82, 25, '4135', 'COMERCIO AL POR MAYOR Y AL POR MENOR', NULL, NULL),
(83, 25, '4155', 'ACTIVIDADES INMOBILIARIAS', NULL, NULL),
(84, 25, '4175', 'DEVOLUCIONES, DESCUENTOS Y REBAJAS', NULL, NULL),
(85, 26, '4210', 'FINANCIEROS', NULL, NULL),
(86, 26, '4235', 'SERVICIOS', NULL, NULL),
(87, 26, '4240', 'UTILIDAD EN VENTA DE INVERSIONES', NULL, NULL),
(88, 26, '4245', 'UTILIDAD EN VENTA DE PROPIEDAD PLANTA', NULL, NULL),
(89, 26, '4250', 'RECUPERACIONES', NULL, NULL),
(90, 26, '4255', 'INDEMNIZACIONES****', NULL, NULL),
(91, 26, '4265', 'INGRESOS DE EJERCICIOS ANTERIORES', NULL, NULL),
(92, 26, '4275', 'DEVOL. REBAJAS Y DESCUENTOS', NULL, NULL),
(93, 26, '4295', 'DIVERSOS', NULL, NULL),
(94, 27, '4305', 'OTROS INGRESOS', NULL, NULL),
(95, 28, '4705', 'CORRECCION MONETARIA', NULL, NULL),
(96, 29, '5105', 'GASTOS DE PERSONAL', NULL, NULL),
(97, 29, '5110', 'HONORARIOS', NULL, NULL),
(98, 29, '5115', 'IMPUESTOS', NULL, NULL),
(99, 29, '5120', 'ARRENDAMIENTOS', NULL, NULL),
(100, 29, '5125', 'CONTRIBUCIONES Y AFILIACIONES', NULL, NULL),
(101, 29, '5130', 'SEGUROS', NULL, NULL),
(102, 29, '5135', 'SERVICIOS', NULL, NULL),
(103, 29, '5140', 'GASTOS LEGALES', NULL, NULL),
(104, 29, '5145', 'MANTENIMIENTO Y REPARACIONES', NULL, NULL),
(105, 29, '5150', 'ADECUACION E INSTALACION', NULL, NULL),
(106, 29, '5155', 'GASTOS DE VIAJE', NULL, NULL),
(107, 29, '5160', 'DEPRECIACIONES', NULL, NULL),
(108, 29, '5165', 'AMORTIZACIONES', NULL, NULL),
(109, 29, '5195', 'DIVERSOS', NULL, NULL),
(110, 29, '5196', 'DETERIORO PROPIEDAD PLANTA Y EQUIPO', NULL, NULL),
(111, 29, '5199', 'PROVISIONES', NULL, NULL),
(112, 30, '5205', 'GASTOS DE PERSONAL', NULL, NULL),
(113, 30, '5210', 'HONORARIOS*********', NULL, NULL),
(114, 30, '5215', 'IMPUESTOS', NULL, NULL),
(115, 30, '5220', 'ARRENDAMIENTOS', NULL, NULL),
(116, 30, '5225', 'CONTRIBUCIONES Y AFILACIONES', NULL, NULL),
(117, 30, '5230', 'SEGUROS', NULL, NULL),
(118, 30, '5235', 'SERVICIOS', NULL, NULL),
(119, 30, '5240', 'VARIOS GASTOS LEGALES', NULL, NULL),
(120, 30, '5245', 'MANTENIMIENTO Y REPARACIONES', NULL, NULL),
(121, 30, '5250', 'ADECUACION E INSTALCION', NULL, NULL),
(122, 30, '5255', 'GASTOS DE VIAJE', NULL, NULL),
(123, 30, '5260', 'DEPRECIACIONES', NULL, NULL),
(124, 30, '5265', 'AMORTIZACIONES', NULL, NULL),
(125, 30, '5270', 'FINANCIEROS REAJUSTE DEL SISTEMA', NULL, NULL),
(126, 30, '5275', 'PERDIDAS METODO DE PARTICIPACION', NULL, NULL),
(127, 30, '5295', 'DIVERSOS', NULL, NULL),
(128, 30, '5299', 'PROVISIONES', NULL, NULL),
(129, 31, '5305', 'FINANCIEROS', NULL, NULL),
(130, 31, '5310', 'PERDIDA EN VENTAS', NULL, NULL),
(131, 31, '5315', 'GASTOS EXTRAORDINARIOS', NULL, NULL),
(132, 31, '5395', 'GASTOS DIVERSOS', NULL, NULL),
(133, 32, '5405', 'IMPTO. DE RENTA Y COMPLEMENTARIOS', NULL, NULL),
(134, 33, '5905', 'GANANCIAS', NULL, NULL),
(135, 34, '6120', 'COSTO MANUFACTURA', NULL, NULL),
(136, 34, '6135', 'COSTO DE VENTAS', NULL, NULL),
(137, 34, '6196', 'DETERIORO DE INVENTARIO NIIF', NULL, NULL),
(138, 35, '7101', 'MATERIA PRIMA', NULL, NULL),
(139, 36, '9115', 'BIENES Y VALORES RECIBIDOS DE TERCERO', NULL, NULL),
(140, 37, '9415', 'BIENES Y VALORES RECIBIDOS DE TERCERO', NULL, NULL);

-- --------------------------------------------------------

--
-- Table structure for table `pucgrupos`
--

CREATE TABLE `pucgrupos` (
  `id` int(10) UNSIGNED NOT NULL,
  `id_pucclases` int(11) NOT NULL,
  `codigo` varchar(255) COLLATE utf8mb4_unicode_ci NOT NULL,
  `descripcion` varchar(255) COLLATE utf8mb4_unicode_ci NOT NULL,
  `created_at` timestamp NULL DEFAULT NULL,
  `updated_at` timestamp NULL DEFAULT NULL
) ENGINE=InnoDB DEFAULT CHARSET=utf8mb4 COLLATE=utf8mb4_unicode_ci;

--
-- Dumping data for table `pucgrupos`
--

INSERT INTO `pucgrupos` (`id`, `id_pucclases`, `codigo`, `descripcion`, `created_at`, `updated_at`) VALUES
(1, 1, '11', 'DISPONIBLE', NULL, NULL),
(2, 1, '12', 'INVERSIONES', NULL, NULL),
(3, 1, '13', 'CUENTAS POR COBRAR Y OTRAS COMERCIA', NULL, NULL),
(4, 1, '14', 'INVENTARIOS', NULL, NULL),
(5, 1, '15', 'PROPIEDADES PLANTA Y EQUIPO', NULL, NULL),
(6, 1, '16', 'INTANGIBLES', NULL, NULL),
(7, 1, '17', 'DIFERIDOS', NULL, NULL),
(8, 1, '18', 'IMPUESTOS CORRIENTES', NULL, NULL),
(9, 1, '19', 'VALORIZACIONES', NULL, NULL),
(10, 2, '21', 'OBLIGACIONES FINANCIERAS', NULL, NULL),
(11, 2, '22', 'CUENTAS POR PAGAR', NULL, NULL),
(12, 2, '23', 'OTROS PASIVOS NO FINANCIEROS', NULL, NULL),
(13, 2, '24', 'IMPUESTOS CORRIENTES PASIVOS', NULL, NULL),
(14, 2, '25', 'PRESTACIONES CONSOLIDADAS', NULL, NULL),
(15, 2, '26', 'PASIVOS ESTIMADOS Y PROVISIONES', NULL, NULL),
(16, 2, '27', 'IMPUESTOS DIFERIDOS', NULL, NULL),
(17, 2, '28', 'OTROS PASIVOS NO FINANCIEROS', NULL, NULL),
(18, 2, '29', 'IMPUESTO DIFERIDO PASIVO', NULL, NULL),
(19, 3, '31', 'CAPITAL SOCIAL', NULL, NULL),
(20, 3, '33', 'RESERVAS', NULL, NULL),
(21, 3, '34', 'VALORIZACION DE PATRIMONIO', NULL, NULL),
(22, 3, '36', 'RESULTADOS DEL EJERCICIO', NULL, NULL),
(23, 3, '37', 'RESULTADOS DE EJERCICIOS ANTERIORES', NULL, NULL),
(24, 3, '38', 'SUPERAVIT POR VALORIZACIONES', NULL, NULL),
(25, 4, '41', 'OPERACIONALES', NULL, NULL),
(26, 4, '42', 'NO OPERACIONALES', NULL, NULL),
(27, 4, '43', 'INGRESOS', NULL, NULL),
(28, 4, '47', 'AJUSTES POR INFLACION', NULL, NULL),
(29, 5, '51', 'OPERACIONALES DE ADMINISTRACION', NULL, NULL),
(30, 5, '52', 'OPERACIONALES DE VENTAS', NULL, NULL),
(31, 5, '53', 'NO OPERACIONALES', NULL, NULL),
(32, 5, '54', 'IMPUESTO DE RENTA Y COMPLEMENTARIOS', NULL, NULL),
(33, 5, '59', 'GANANCIAS Y PERDIDAS', NULL, NULL),
(34, 6, '61', 'COSTO DE VENTAS', NULL, NULL),
(35, 7, '71', 'MATERIA PRIMA', NULL, NULL),
(36, 9, '91', 'RESPONSABILIDADES CONTINGENTES', NULL, NULL),
(37, 9, '94', 'RESPONSABILIDADES CONTINGENTES POR CO', NULL, NULL);

-- --------------------------------------------------------

--
-- Table structure for table `pucsubcuentas`
--

CREATE TABLE `pucsubcuentas` (
  `id` int(10) UNSIGNED NOT NULL,
  `id_puccuentas` int(11) NOT NULL,
  `codigo` varchar(255) COLLATE utf8mb4_unicode_ci NOT NULL,
  `descripcion` varchar(255) COLLATE utf8mb4_unicode_ci NOT NULL,
  `created_at` timestamp NULL DEFAULT NULL,
  `updated_at` timestamp NULL DEFAULT NULL
) ENGINE=InnoDB DEFAULT CHARSET=utf8mb4 COLLATE=utf8mb4_unicode_ci;

--
-- Dumping data for table `pucsubcuentas`
--

INSERT INTO `pucsubcuentas` (`id`, `id_puccuentas`, `codigo`, `descripcion`, `created_at`, `updated_at`) VALUES
(1, 1, '110505', 'CAJA GENERAL', NULL, NULL),
(2, 1, '110505', 'CAJA GENERAL', NULL, NULL),
(3, 1, '110510', 'CAJAS MENORES', NULL, NULL),
(4, 2, '111005', 'MONEDA NACIONAL', NULL, NULL),
(5, 3, '121505', 'BONOS PUBLICOS MONEDA NACIONAL', NULL, NULL),
(6, 4, '122505', 'CERTIFICADOS DEPOSITO A TERMINO C.D.T', NULL, NULL),
(7, 5, '130505', 'CLIENTES', NULL, NULL),
(8, 7, '131015', 'ACCIONISTAS O SOCIOS', NULL, NULL),
(9, 7, '131020', 'PARTICULARES', NULL, NULL),
(10, 8, '132505', 'A SOCIOS', NULL, NULL),
(11, 9, '133005', 'A PROVEEDORES', NULL, NULL),
(12, 9, '133015', 'A TRABAJADORES', NULL, NULL),
(13, 9, '133095', 'OTROS.', NULL, NULL),
(14, 10, '133505', 'PARA IMPORTACIONES', NULL, NULL),
(15, 10, '133535', 'EN GARANTIA -CHEQUES POSTFECHADOS-', NULL, NULL),
(16, 11, '134510', 'INTERESES', NULL, NULL),
(17, 11, '134530', 'EL PUNTO AGRICOLA Y ASOCIADOS', NULL, NULL),
(18, 12, '135505', 'ANTICIPO DE IMPTOS DE RENTA Y COMPLEM', NULL, NULL),
(19, 12, '135510', 'ANTICIPO DE INDUSTRIA Y COMERCIO', NULL, NULL),
(20, 12, '135515', 'RETENCION EN LA FUENTE', NULL, NULL),
(21, 12, '135517', 'IMPUESTO A LAS VENTAS RETENIDO', NULL, NULL),
(22, 12, '135518', 'RETEICA INDUSTRIA Y COMERCIO', NULL, NULL),
(23, 12, '135520', 'SOBRANTE EN LIQUIDACION PRIVADA DE IM', NULL, NULL),
(24, 12, '135525', 'RETENCION DE IVA', NULL, NULL),
(25, 12, '135530', 'IMPUESTOS DESCONTABLES', NULL, NULL),
(26, 12, '135550', 'RETENCION CREE', NULL, NULL),
(27, 12, '135595', 'AUTORETENCION', NULL, NULL),
(28, 13, '136505', 'PRESTAMO VIVIENDA', NULL, NULL),
(29, 13, '136510', 'VEHICULOS', NULL, NULL),
(30, 13, '136515', 'PRESTAMO PARA EDUCACION', NULL, NULL),
(31, 13, '136520', 'CUENTA POR COBRAR A TRABAJADORES', NULL, NULL),
(32, 13, '136595', 'OTROS POR COBRAR A TRABAJADORES', NULL, NULL),
(33, 14, '137005', 'CON GARANTIA REAL', NULL, NULL),
(34, 14, '137010', 'CON GARANTIA PERSONAL', NULL, NULL),
(35, 15, '138095', 'OTROS.', NULL, NULL),
(36, 16, '139905', 'CLIENTES', NULL, NULL),
(37, 17, '140505', 'COMPRAS MATERIAS PRIMAS NO GRAVADAS', NULL, NULL),
(38, 17, '140575', 'DEVOLUCION EN COMPRAS', NULL, NULL),
(39, 18, '143005', 'PRODUCTOS MANUFACTURADOS', NULL, NULL),
(40, 19, '143505', 'COMPRAS INSUMOS AGRICOLAS', NULL, NULL),
(41, 19, '143510', 'DESCUENTOS EN COMPRAS', NULL, NULL),
(42, 19, '143514', 'DEVOLUCION EN COMPRAS', NULL, NULL),
(43, 19, '143515', 'DEVOLUCIONES EN COMPRAS', NULL, NULL),
(44, 19, '143520', 'BONIFICACIONES', NULL, NULL),
(45, 19, '143575', 'DEVOLUCION EN COMPRAS', NULL, NULL),
(46, 19, '143595', 'MERCANCIAS NO FABRICADAS POR LA EMPRE', NULL, NULL),
(47, 19, '143599', 'AJUSTE INFLACION INVENTARIO', NULL, NULL),
(48, 20, '149605', 'DETERIORO DE INVENTARIO NIIF', NULL, NULL),
(49, 21, '149910', 'PARA DIFERENCIA DE INVENTARIO FISICO', NULL, NULL),
(50, 22, '150405', 'TERRENOS URBANOS***', NULL, NULL),
(51, 22, '150499', 'AJUSTES POR INFLACION', NULL, NULL),
(52, 23, '151605', 'EDIFICIOS', NULL, NULL),
(53, 23, '151680', 'BODEGA', NULL, NULL),
(54, 23, '151699', 'AJUSTE POR INFLACION', NULL, NULL),
(55, 24, '152005', 'MAQUINARIA Y EQUIPO', NULL, NULL),
(56, 24, '152099', 'AJUSTE INFLACION MAQUINARIA Y EQUIPO', NULL, NULL),
(57, 25, '152405', 'MUEBLES Y ENSERES', NULL, NULL),
(58, 25, '152410', 'EQUIPOS', NULL, NULL),
(59, 25, '152495', 'OTROS EQUIPO OFICINA', NULL, NULL),
(60, 25, '152499', 'AJUSTES POR INFLACION EQUIPO DE OFICI', NULL, NULL),
(61, 26, '152805', 'EQUIPOS DE PROCESAMIENTO DE DATOS', NULL, NULL),
(62, 26, '152810', 'EQUIPOS DE TELECOMUNICACIONES', NULL, NULL),
(63, 26, '152825', 'LINEAS TELEFONICAS', NULL, NULL),
(64, 26, '152895', 'OTROS', NULL, NULL),
(65, 26, '152899', 'AJUSTE POR INFLACION COMPUTACION Y CO', NULL, NULL),
(66, 27, '154005', 'AUTOS CAMIONETAS Y CAMPEROS', NULL, NULL),
(67, 27, '154006', 'VEHICULOS EN LEASIGN', NULL, NULL),
(68, 27, '154030', 'MOTOCICLETAS', NULL, NULL),
(69, 27, '154099', 'AJUSTE POR INFLACION VEHICULOS', NULL, NULL),
(70, 28, '158865', 'ENVASES Y EMPAQUES', NULL, NULL),
(71, 29, '159205', 'CONSTRUCCIONES Y EDIFICACIONES', NULL, NULL),
(72, 29, '159210', 'MAQUINARIA Y EQUIPO', NULL, NULL),
(73, 29, '159215', 'EQUIPO DE OFICINA', NULL, NULL),
(74, 29, '159220', 'EQUIPO DE COMPUTACION Y COMUNICACION', NULL, NULL),
(75, 29, '159225', 'MUEBLES Y ENCERES', NULL, NULL),
(76, 29, '159235', 'FLOTA Y EQUIPO DE TRANSPORTE', NULL, NULL),
(77, 29, '159299', 'AJUSTES POR INFLACION', NULL, NULL),
(78, 30, '159605', 'DETERIORO PROPIEDAD PLANTA Y EQUIPO', NULL, NULL),
(79, 31, '163501', 'LICENCIA PAQUETE EMPRESARIAL', NULL, NULL),
(80, 31, '163505', 'LICENCIAS - PRODUCTOS VETERINARIOS', NULL, NULL),
(81, 31, '163510', 'LICENCIA PAQUETE CONTABLE', NULL, NULL),
(82, 32, '169805', 'AMORTIZACION INTANGIBLES', NULL, NULL),
(83, 33, '170501', 'HONORARIOS', NULL, NULL),
(84, 33, '170505', 'INTERESES', NULL, NULL),
(85, 33, '170510', 'HONORARIOS', NULL, NULL),
(86, 33, '170520', 'SEGUROS Y FIANZAS', NULL, NULL),
(87, 33, '170525', 'ARRENDAMIENTOS', NULL, NULL),
(88, 33, '170535', 'MANTENIMIENTO EQUIPOS', NULL, NULL),
(89, 33, '170540', 'SERVICIOS**********', NULL, NULL),
(90, 33, '170595', 'OTROS GASTOS DIFERIDOS', NULL, NULL),
(91, 34, '171008', 'REMODELACIONES', NULL, NULL),
(92, 34, '171010', 'ARRENDAMIENTOS', NULL, NULL),
(93, 34, '171016', 'PROGRAMA COMP. INTERCON / INFMAG', NULL, NULL),
(94, 34, '171020', 'UTILES Y PAPELERIA', NULL, NULL),
(95, 34, '171040', 'LICENCIAS', NULL, NULL),
(96, 34, '171044', 'PUBLICIDAD Y PROPAGANDA', NULL, NULL),
(97, 34, '171095', 'OTROS DIFERIDOS', NULL, NULL),
(98, 35, '171610', 'PROGRAMA PARA COMPUTADOR', NULL, NULL),
(99, 36, '173005', 'IMPUESTO DIFERIDO ACTIVO', NULL, NULL),
(100, 37, '185505', 'ANTICIPO DE IMPTOS DE RENTA Y COMPL', NULL, NULL),
(101, 37, '185510', 'ANTICIPO DE INDUSTRIA Y COMERCIO', NULL, NULL),
(102, 37, '185515', 'RETENCION EN LA FUENTE', NULL, NULL),
(103, 37, '185517', 'IMPUESTO A LAS VENTAS RETENIDO', NULL, NULL),
(104, 37, '185518', 'IMPUESTO DE INDUSTRIA Y CIO. RETENI', NULL, NULL),
(105, 37, '185520', 'SOBRANTE EN LIQUIDACION PRIVADA DE', NULL, NULL),
(106, 37, '185525', 'RETENCION DE IVA', NULL, NULL),
(107, 37, '185530', 'IMPUESTOS DESCONTABLES', NULL, NULL),
(108, 37, '185550', 'RETENCION CREE', NULL, NULL),
(109, 37, '185595', 'AUTORETENCION', NULL, NULL),
(110, 38, '191004', 'TERRENOS*****', NULL, NULL),
(111, 38, '191008', 'CONSTRUCCIONES Y EDIFICACIONES', NULL, NULL),
(112, 39, '193005', 'IMPUESTO DIFERIDO ACTIVO', NULL, NULL),
(113, 40, '210505', 'SOBREGIROS', NULL, NULL),
(114, 40, '210510', 'PAGARES', NULL, NULL),
(115, 40, '210590', 'TARJETA EMPRESARIAL', NULL, NULL),
(116, 41, '211520', 'CONTRATO DE ARRENDAMIENTO (LEASING )', NULL, NULL),
(117, 42, '219505', 'OBLIGACIONES PARTICULARES', NULL, NULL),
(118, 42, '219520', 'SOCIOS O ACCIONISTAS', NULL, NULL),
(119, 43, '220505', 'PROVEEDORES NACIONALES', NULL, NULL),
(120, 44, '221005', 'DEL EXTERIOR', NULL, NULL),
(121, 46, '233505', 'GASTOS FINANCIEROS', NULL, NULL),
(122, 46, '233515', 'SUSCRIPCIONES REVISTAS PERIODICOS.', NULL, NULL),
(123, 46, '233520', 'COMISIONES', NULL, NULL),
(124, 46, '233525', 'HONORARIOS', NULL, NULL),
(125, 46, '233530', 'SERVICIOS TECNICOS', NULL, NULL),
(126, 46, '233535', 'SERVICIOS DE MANTENIMIENTO', NULL, NULL),
(127, 46, '233540', 'ARRENDAMIENTOS', NULL, NULL),
(128, 46, '233545', 'TRANSPORTES FLETES Y ACARREOS', NULL, NULL),
(129, 46, '233550', 'SERVICIOS', NULL, NULL),
(130, 46, '233555', 'SEGUROS', NULL, NULL),
(131, 46, '233565', 'GASTOS DE REPRESENTACION', NULL, NULL),
(132, 46, '233570', 'ADUANEROS', NULL, NULL),
(133, 46, '233595', 'DIVERSOS', NULL, NULL),
(134, 47, '235510', 'SOCIOS', NULL, NULL),
(135, 48, '236010', 'PARTICIPACIONES POR PAGAR', NULL, NULL),
(136, 49, '236505', 'RETENCION SALARIOS Y PAGOS LABORALES', NULL, NULL),
(137, 49, '236515', 'HONORARIOS', NULL, NULL),
(138, 49, '236520', 'RETENCION COMISIONES', NULL, NULL),
(139, 49, '236525', 'SERVICIOS', NULL, NULL),
(140, 49, '236530', 'ARRENDAMIENTO', NULL, NULL),
(141, 49, '236535', 'RENDIMIENTOS FINANCIEROS', NULL, NULL),
(142, 49, '236540', 'COMPRAS', NULL, NULL),
(143, 49, '236550', 'RETENCION CREE', NULL, NULL),
(144, 49, '236570', 'AUTORETENCION', NULL, NULL),
(145, 49, '236595', 'CREE', NULL, NULL),
(146, 50, '236701', 'IVA RETENIDO PROVEEDORES', NULL, NULL),
(147, 50, '236705', 'IMPUESTO A LAS VENTAS RETENIDO', NULL, NULL),
(148, 51, '236801', 'RETEICA IND. Y CIO', NULL, NULL),
(149, 51, '236805', 'RETEICA INDUSTRIA Y COMERCIO', NULL, NULL),
(150, 52, '237005', 'APORTES A ENTIDADES PROMOTORAS DE SAL', NULL, NULL),
(151, 52, '237006', 'APORTES A ADMINISTRAD. RIESGOS PROF.', NULL, NULL),
(152, 52, '237010', 'APORTES ICBF. SENA Y CAJA COMPENSACIO', NULL, NULL),
(153, 52, '237015', 'SENA', NULL, NULL),
(154, 53, '238030', 'FONDOS DE CESANTIAS Y/O PENSIONES', NULL, NULL),
(155, 53, '238095', 'OTROS ACREEDORES', NULL, NULL),
(156, 54, '240405', 'VIGENCIA FISCAL CORRIENTE', NULL, NULL),
(157, 55, '240801', 'IVA DESCONTABLE POR COMPRAS', NULL, NULL),
(158, 55, '240805', 'IVA GENERADO EN VENTAS', NULL, NULL),
(159, 55, '240808', 'CUENTA TRANSITORIA DE IMPTO SOBRE L', NULL, NULL),
(160, 55, '240810', 'IVA MAYOR VALOR INVENTARIO', NULL, NULL),
(161, 55, '240811', 'RETEIVA COMPRAS', NULL, NULL),
(162, 56, '241205', 'ICA VIGENCIA FISCAL CORRIENTE', NULL, NULL),
(163, 57, '249505', 'IMPUESTO SEGURIDAD DEMOCRATICA', NULL, NULL),
(164, 57, '249510', 'IMPUESTO PARA LA EQUIDAD CREE', NULL, NULL),
(165, 58, '250505', 'SALARIOS POR PAGAR', NULL, NULL),
(166, 59, '251010', 'LEY 50 DE 1990 Y NORMAS POSTERIORES', NULL, NULL),
(167, 60, '251505', 'INTERESES SOBRE CESANTIAS', NULL, NULL),
(168, 61, '252005', 'PRIMA DE SERVICIOS', NULL, NULL),
(169, 62, '252505', 'VACACIONES CONSOLIDADAS', NULL, NULL),
(170, 63, '257005', 'APORTES A ENTIDADES PROMOTORAS DE S', NULL, NULL),
(171, 63, '257006', 'APORTES A ADMINISTRAD. RIESGOS PROF', NULL, NULL),
(172, 63, '257010', 'APORTES ICBF. SENA Y CAJA COMPENSAC', NULL, NULL),
(173, 63, '257015', 'SENA', NULL, NULL),
(174, 64, '258030', 'FONDOS DE CESANTIAS Y/O PENSIONES', NULL, NULL),
(175, 64, '258095', 'OTROS ACREEDORES', NULL, NULL),
(176, 65, '261005', 'CESANTIAS', NULL, NULL),
(177, 65, '261010', 'INTERESES SOBRE CESANTIAS', NULL, NULL),
(178, 65, '261015', 'VACACIONES', NULL, NULL),
(179, 65, '261020', 'PRIMAS DE SERVICIOS', NULL, NULL),
(180, 65, '261025', 'PRESTACIONES EXTRALEGALES', NULL, NULL),
(181, 66, '270595', 'OTROS INGRESOS RECIBIDOS POR ANTICIPA', NULL, NULL),
(182, 67, '273005', 'IMPUESTO DIFERIDO PASIVO', NULL, NULL),
(183, 68, '276505', 'RETENCION SALARIOS Y PAGOS LABORALE', NULL, NULL),
(184, 68, '276515', 'HONORARIOS', NULL, NULL),
(185, 68, '276520', 'RETENCION COMISIONES', NULL, NULL),
(186, 68, '276525', 'SERVICIOS', NULL, NULL),
(187, 68, '276530', 'ARRENDAMIENTO', NULL, NULL),
(188, 68, '276535', 'RENDIMIENTOS FINANCIEROS', NULL, NULL),
(189, 68, '276540', 'COMPRAS', NULL, NULL),
(190, 68, '276550', 'RETENCION CREE', NULL, NULL),
(191, 68, '276570', 'AUTORETENCION', NULL, NULL),
(192, 68, '276595', 'CREE', NULL, NULL),
(193, 69, '276701', 'IVA RETENIDO PROVEEDORES', NULL, NULL),
(194, 69, '276705', 'IMPUESTO A LAS VENTAS RETENIDO', NULL, NULL),
(195, 70, '276801', 'RETEICA IND. Y CIO', NULL, NULL),
(196, 70, '276805', 'RETEICA INDUSTRIA Y COMERCIO', NULL, NULL),
(197, 70, '276809', 'RETEICA 9.66 * MIL', NULL, NULL),
(198, 71, '310505', 'CAPITAL AUTORIZADO', NULL, NULL),
(199, 72, '311505', 'CUOTAS O PARTES DE INTERES SOCIAL', NULL, NULL),
(200, 73, '330505', 'RESERVA LEGAL', NULL, NULL),
(201, 74, '340505', 'CAPITAL SUSCRITO Y PAGADO', NULL, NULL),
(202, 74, '340510', 'DE SUPERAVIT DE CAPITAL', NULL, NULL),
(203, 74, '340515', 'DE RESERVAS', NULL, NULL),
(204, 74, '340520', 'DE RESULTADOS DE EJERCICIOS ANTERIORE', NULL, NULL),
(205, 75, '360505', 'UTILIDAD DEL EJERCICIO', NULL, NULL),
(206, 76, '361005', 'PERDIDA DEL EJERCICIO ACTUAL', NULL, NULL),
(207, 77, '370505', 'UTILIDADES ACUMULADAS', NULL, NULL),
(208, 79, '371505', 'PRIMER MOMENTO DE ADOPCION NIIFF', NULL, NULL),
(209, 80, '381008', 'CONSTRUCCIONES Y EDIFICACIONES', NULL, NULL),
(210, 81, '412043', 'ELABORACION PRODUCTOS QUIMICOS USO AG', NULL, NULL),
(211, 82, '413510', 'COMERCIO AL POR MAYOR', NULL, NULL),
(212, 82, '413514', 'VENTA DE INSUMOS MATERIAS PRIM. AGROP', NULL, NULL),
(213, 83, '415505', 'ARRENDAMIENTO DE BIENES INMUEBLES', NULL, NULL),
(214, 83, '415580', 'ENVASE Y EMPAQUE', NULL, NULL),
(215, 84, '417505', 'DEVOLUCION EN VENTAS DE MERCANCIA', NULL, NULL),
(216, 84, '417510', 'DEVOLUCION VENTA DE PRODUCTO TERMINAD', NULL, NULL),
(217, 85, '421005', 'INTERESES', NULL, NULL),
(218, 85, '421010', 'FINANCIEROS', NULL, NULL),
(219, 85, '421040', 'DESCUENTOS COMERCIALES CONDICIONADOS', NULL, NULL),
(220, 85, '421050', 'COMISION CHEQUES OTROS PLAZAS', NULL, NULL),
(221, 85, '421095', 'OTROS DESCUENTOS FINANCIEROS', NULL, NULL),
(222, 86, '423510', 'DE TRANSPORTE', NULL, NULL),
(223, 86, '423555', 'SERVICIOS POR CONTRATOS', NULL, NULL),
(224, 86, '423595', 'OTROS SERVICIOS', NULL, NULL),
(225, 87, '424095', 'OTRAS INVERSIONES', NULL, NULL),
(226, 88, '424540', 'FLOTA Y EQUIPO DE TRANSPORTE', NULL, NULL),
(227, 89, '425005', 'RECUPERACION DE CARTERA', NULL, NULL),
(228, 89, '425010', 'SEGUROS', NULL, NULL),
(229, 89, '425030', 'DESCUENTOS CONCEDIDOS', NULL, NULL),
(230, 89, '425050', 'REINTEGRO DE OTROS COSTOS Y GASTOS', NULL, NULL),
(231, 89, '425055', 'RECUPERACIONES,APROXIMAC MULTIPLO MIL', NULL, NULL),
(232, 89, '425095', 'RECUPERACION OTROS', NULL, NULL),
(233, 90, '425525', 'POR PERDIDA DE MERCANCIA', NULL, NULL),
(234, 90, '425540', 'INCAPACIDADES EPS', NULL, NULL),
(235, 91, '426505', 'INGRESOS DE EJERCICIOS ANTERIORES', NULL, NULL),
(236, 92, '427505', 'DEVOL, REBAJAS Y DESCUENTOS', NULL, NULL),
(237, 93, '429504', 'LICENCIAS********', NULL, NULL),
(238, 93, '429547', 'PRODUCTOS DESCONTADOS POR AJUSTE', NULL, NULL),
(239, 93, '429553', 'SOBRANTES EN CAJA', NULL, NULL),
(240, 93, '429581', 'AJUSTE AL PESO', NULL, NULL),
(241, 93, '429583', '9999', NULL, NULL),
(242, 94, '430505', 'OTROS INGRESOS PROVEEDORES', NULL, NULL),
(243, 95, '470510', 'C.M. INVENTARIOS', NULL, NULL),
(244, 95, '470515', 'PROPIEDADES PLANTA Y EQUIPO', NULL, NULL),
(245, 95, '470540', 'PATRIMONIO', NULL, NULL),
(246, 95, '470545', 'DEPRECIACION ACUMULADA', NULL, NULL),
(247, 96, '510506', 'SUELDOS', NULL, NULL),
(248, 96, '510515', 'HORAS EXTRAS Y RECARGOS', NULL, NULL),
(249, 96, '510518', 'COMISIONES', NULL, NULL),
(250, 96, '510527', 'SUBSIDIO DE TRANSPORTE', NULL, NULL),
(251, 96, '510530', 'CESANTIAS', NULL, NULL),
(252, 96, '510533', 'INTERESES SOBRE CESANTIAS', NULL, NULL),
(253, 96, '510536', 'PRIMA DE SERVICIOS', NULL, NULL),
(254, 96, '510539', 'VACACIONES', NULL, NULL),
(255, 96, '510542', 'PRIMA EXTRALEGAL', NULL, NULL),
(256, 96, '510548', 'BONIFICACIONES', NULL, NULL),
(257, 96, '510551', 'DOTACION Y SUMINISTRO A TRABAJADORES', NULL, NULL),
(258, 96, '510563', 'CAPACITACION PERSONAL', NULL, NULL),
(259, 96, '510568', 'APORTES A ADMINISTR. RIESGOS PROF. AR', NULL, NULL),
(260, 96, '510569', 'APORTES A E.P.S.', NULL, NULL),
(261, 96, '510570', 'APORTES A FONDOS PENSIONES Y/O CESANT', NULL, NULL),
(262, 96, '510572', 'APORTES A CAJAS COMPENSACION FAMILIAR', NULL, NULL),
(263, 96, '510575', 'APORTES I.C.B.F.', NULL, NULL),
(264, 96, '510578', 'SENA', NULL, NULL),
(265, 96, '510584', 'GASTOS MEDICOS Y DROGAS', NULL, NULL),
(266, 97, '511010', 'REVISORIA FISCAL', NULL, NULL),
(267, 97, '511025', 'ASESORIA JURIDICA', NULL, NULL),
(268, 97, '511030', 'ASESORIA FINANCIERA', NULL, NULL),
(269, 97, '511035', 'ASESORIA TECNICA', NULL, NULL),
(270, 98, '511505', 'INDUSTRIA Y COMERCIO', NULL, NULL),
(271, 98, '511510', 'IMPUESTO DE TIMBRE', NULL, NULL),
(272, 98, '511515', 'IMPUESTO A LA PROPIEDAD RAIZ', NULL, NULL),
(273, 98, '511525', 'DE VALORIZACION', NULL, NULL),
(274, 98, '511540', 'IMPUESTO VEHICULOS', NULL, NULL),
(275, 98, '511595', 'G.M.F. (4*1000)***', NULL, NULL),
(276, 99, '512020', 'ARRIENDO', NULL, NULL),
(277, 99, '512040', 'ARRENDAMIENTO FLOTA Y EQUIPO TRANSPOR', NULL, NULL),
(278, 100, '512505', 'CONTRIBUCIONES', NULL, NULL),
(279, 101, '513010', 'SEGUROS', NULL, NULL),
(280, 101, '513025', 'INCENDIO', NULL, NULL),
(281, 101, '513030', 'TERREMOTO', NULL, NULL),
(282, 101, '513035', 'SUSTRACCION Y HURTO', NULL, NULL),
(283, 101, '513040', 'SEGUROS FLOTA Y EQUIPO DE TRANSPORTE', NULL, NULL),
(284, 101, '513075', 'SEGURO OBLIGATORIO ACCID. TRANSITO', NULL, NULL),
(285, 101, '513085', 'SEGURO TRANSPORTE DE MERCANCIA', NULL, NULL),
(286, 102, '513505', 'ASEO Y VIGILANCIA', NULL, NULL),
(287, 102, '513515', 'ASISTENCIA TECNICA', NULL, NULL),
(288, 102, '513520', 'PROCESAMIENTO ELECTRONICO DE DATOS', NULL, NULL),
(289, 102, '513525', 'ACUEDUCTO Y ALCANTARRILLADO', NULL, NULL),
(290, 102, '513530', 'ENERGIA ELECTRICA', NULL, NULL),
(291, 102, '513535', 'TELEFONO', NULL, NULL),
(292, 102, '513540', 'CORREO PORTES Y TELEGRAMAS', NULL, NULL),
(293, 102, '513545', 'FAX Y TELEX', NULL, NULL),
(294, 102, '513550', 'TRANSPORTES FLETES Y ACARREOS', NULL, NULL),
(295, 102, '513595', 'CARGUE Y BODEGAJES', NULL, NULL),
(296, 103, '514005', 'NOTARIALES', NULL, NULL),
(297, 103, '514010', 'REGISTRO MERCANTIL', NULL, NULL),
(298, 103, '514015', 'TRAMITES Y LICENCIAS', NULL, NULL),
(299, 103, '514020', 'ADUANEROS', NULL, NULL),
(300, 103, '514095', 'CERTIFICACION NORMAS TECNICAS', NULL, NULL),
(301, 104, '514510', 'CONSTRUCCIONES Y EDIFICACIONES', NULL, NULL),
(302, 104, '514515', 'MAQUINARIA Y EQUIPO', NULL, NULL),
(303, 104, '514520', 'MANTENIMIENTO EQUIPO OFICINA', NULL, NULL),
(304, 104, '514525', 'EQUIPO DE COMPUTACION Y COMUNICACIONE', NULL, NULL),
(305, 104, '514540', 'MANT/MIENTO FLOTA Y EQUIPO DE TRANSPO', NULL, NULL),
(306, 105, '515010', 'ARREGLOS ORNAMENTALES', NULL, NULL),
(307, 105, '515015', 'REPARACIONES LOCATIVAS', NULL, NULL),
(308, 105, '515095', 'OTROS', NULL, NULL),
(309, 106, '515505', 'ALOJAMIENTO Y MANUTENCION', NULL, NULL),
(310, 106, '515515', 'PASAJES AEREOS', NULL, NULL),
(311, 106, '515595', 'DIVERSOS', NULL, NULL),
(312, 107, '516005', 'DEPREC.CONSTRUCCIONES Y EDIFICIOS', NULL, NULL),
(313, 107, '516010', 'DEPRECIACION MAQUINARIA Y EQUIPO', NULL, NULL),
(314, 107, '516015', 'DEPRECIACION EQUIPO OFICINA', NULL, NULL),
(315, 107, '516020', 'DEPRECIACION EQUIPO COMPUTACION', NULL, NULL),
(316, 107, '516035', 'DEPRECIACION FLOTA Y EQUIPO DE TRANSP', NULL, NULL),
(317, 108, '516505', 'GERENCIA.', NULL, NULL),
(318, 108, '516595', 'OTRAS AMORTIZACIONES', NULL, NULL),
(319, 109, '519505', 'COMISIONES', NULL, NULL),
(320, 109, '519510', 'LIBROS, SUSCRIPCIONES, PERIODICOS Y R', NULL, NULL),
(321, 109, '519520', 'GASTOS REPRESENTACION', NULL, NULL),
(322, 109, '519525', 'ELEMENTOS DE ASEO Y CAFETERIA', NULL, NULL),
(323, 109, '519530', 'UTILES, PAPELERIA Y FOTOCOPIAS', NULL, NULL),
(324, 109, '519535', 'COMBUSTIBLES Y LUBRICANTES', NULL, NULL),
(325, 109, '519540', 'ENVASE,EMPAQUE Y EMBALAJE', NULL, NULL),
(326, 109, '519545', 'TAXIS Y BUSES', NULL, NULL),
(327, 109, '519550', 'PORTES CABLES Y TELEGRAMAS', NULL, NULL),
(328, 109, '519560', 'CASINO Y RESTAURANTE', NULL, NULL),
(329, 109, '519565', 'PARQUEADEROS Y PEAJES', NULL, NULL),
(330, 109, '519595', 'DIVERSOS VARIOS', NULL, NULL),
(331, 110, '519605', 'DETERIORO PROPIEDAD PLANTA Y EQUIPO', NULL, NULL),
(332, 111, '519910', 'PROVISION DEUDORES', NULL, NULL),
(333, 112, '520505', 'HORAS EXTRAS', NULL, NULL),
(334, 112, '520506', 'SUELDOS', NULL, NULL),
(335, 112, '520515', 'HORAS EXTRAS', NULL, NULL),
(336, 112, '520518', 'COMISIONES', NULL, NULL),
(337, 112, '520527', 'AUXILIO DE TRANSPORTE', NULL, NULL),
(338, 112, '520530', 'CESANTIAS', NULL, NULL),
(339, 112, '520533', 'INTERESES SOBRE CESANTIAS', NULL, NULL),
(340, 112, '520536', 'PRIMA DE SERVICIOS', NULL, NULL),
(341, 112, '520539', 'VACACIONES', NULL, NULL),
(342, 112, '520542', 'PRIMA EXTRALEGAL', NULL, NULL),
(343, 112, '520548', 'BONIFICACIONES', NULL, NULL),
(344, 112, '520551', 'DOTACIONES', NULL, NULL),
(345, 112, '520560', 'INDEMNIZACIONES LABORALES', NULL, NULL),
(346, 112, '520563', 'CAPACITACION AL PERSONAL', NULL, NULL),
(347, 112, '520568', 'APORTES A ADMINISTRADORAS DE RIESGOS', NULL, NULL),
(348, 112, '520569', 'APORTES A ENTIDADES PROMOTORAS DE SAL', NULL, NULL),
(349, 112, '520570', 'APORTES A FONDOS DE PENSIONES Y/O CES', NULL, NULL),
(350, 112, '520572', 'APORTES CAJA COMPENSACION', NULL, NULL),
(351, 112, '520575', 'ICBF', NULL, NULL),
(352, 112, '520578', 'SENA', NULL, NULL),
(353, 112, '520584', 'GASTOS DE PERSONAL', NULL, NULL),
(354, 112, '520595', 'OTROS', NULL, NULL),
(355, 113, '521015', 'HONORARIOS PROFESIONALES', NULL, NULL),
(356, 113, '521020', 'AVALUOS', NULL, NULL),
(357, 113, '521025', 'ASESORIA JURIDICA**', NULL, NULL),
(358, 113, '521035', 'ASESORIA TECNICA', NULL, NULL),
(359, 114, '521505', 'INDUSTRIA Y COMERCIO', NULL, NULL),
(360, 114, '521510', 'IMPUESTO DE TIMBRE', NULL, NULL),
(361, 114, '521515', 'PROPIEDAD RAIZ', NULL, NULL),
(362, 114, '521540', 'VEHICULOS', NULL, NULL),
(363, 114, '521570', 'IVA DESCONTABLE', NULL, NULL),
(364, 115, '522010', 'CONSTRUCCIONES Y EDIFICACIONES', NULL, NULL),
(365, 115, '522040', 'ARRENDAMIENTO FLOTA Y EQUIPO TRANSPOR', NULL, NULL),
(366, 115, '522095', 'OTROS ARRENDAMIENTOS', NULL, NULL),
(367, 116, '522505', 'CONTRIBUCIONES', NULL, NULL),
(368, 117, '523020', 'VIDA COLECTIVA', NULL, NULL),
(369, 117, '523025', 'SEGURO CONTRA INCENDIO', NULL, NULL),
(370, 117, '523035', 'SEGURO SUSTRACCION Y HURTO', NULL, NULL),
(371, 117, '523040', 'SEGURO FLOTA Y EQUIPO DE TRANSPORTE', NULL, NULL),
(372, 117, '523050', 'SEGURO RERSP?NSABILIDAD CIVIL', NULL, NULL),
(373, 117, '523060', 'RESPONSABILIDAD CIVIL Y CONTRACTUAL', NULL, NULL),
(374, 117, '523075', 'OBLIGATORIO ACCIDENTE DE TRANSITO', NULL, NULL),
(375, 117, '523085', 'TRANSPORTE DE MERCANCIA', NULL, NULL),
(376, 118, '523505', 'ASEO Y VIGILANCIA', NULL, NULL),
(377, 118, '523510', 'SERVICIO DE ASESORIA', NULL, NULL),
(378, 118, '523515', 'ASISTENCIA TECNICA', NULL, NULL),
(379, 118, '523520', 'PROCESAMIENTO ELEC.DE DATOS', NULL, NULL),
(380, 118, '523525', 'ACUEDUCTO Y ALCANTARILLADO', NULL, NULL),
(381, 118, '523530', 'SERVICIO ENERGIA', NULL, NULL),
(382, 118, '523535', 'TELEFONO', NULL, NULL),
(383, 118, '523540', 'CORREO Y PORTES', NULL, NULL),
(384, 118, '523545', 'FAX COMPUTOS', NULL, NULL),
(385, 118, '523550', 'TRANSPORTE FLETES Y ACARREOS', NULL, NULL),
(386, 118, '523560', 'PUBLICIDAD PROPAGANDA Y PROMOCION', NULL, NULL),
(387, 118, '523595', 'OTROS', NULL, NULL),
(388, 119, '524005', 'NOTARIALES', NULL, NULL),
(389, 119, '524010', 'REGISTRO MERCANTIL', NULL, NULL),
(390, 119, '524015', 'TRAMITES Y LICENCIAS', NULL, NULL),
(391, 119, '524095', 'OTROS GASTOS LEGALES', NULL, NULL),
(392, 120, '524510', 'CONSTRUCCIONES Y EDIFICACIONES', NULL, NULL),
(393, 120, '524515', 'MAQUINARIA Y EQUIPO', NULL, NULL),
(394, 120, '524520', 'EQUIPO DE OFICINA', NULL, NULL),
(395, 120, '524525', 'EQUIPO DE COMPUTACION Y COMUNICACION', NULL, NULL),
(396, 120, '524540', 'FLOTA Y EQUIPO DE TRANSPORTE', NULL, NULL),
(397, 120, '524599', 'AJUSTES POR INFLACCION', NULL, NULL),
(398, 121, '525005', 'INSTALACIONES ELECTRICAS', NULL, NULL),
(399, 121, '525010', 'ARREGLOS ORNAMENTALES', NULL, NULL),
(400, 121, '525015', 'REPARACIONES LOCATIVAS', NULL, NULL),
(401, 122, '525505', 'ALOJAMIENTO Y MANUTENCION', NULL, NULL),
(402, 122, '525515', 'PASAJES AEREOS', NULL, NULL),
(403, 122, '525520', 'PASAJES TERRESTRES', NULL, NULL),
(404, 123, '526005', 'CONSTRUCCIONES Y EDIFICACIONES', NULL, NULL),
(405, 123, '526010', 'MAQUINARIA Y EQUIPO', NULL, NULL),
(406, 123, '526015', 'EQUIPO DE OFICINA', NULL, NULL),
(407, 123, '526020', 'EQUIPO COMPUTACION', NULL, NULL),
(408, 123, '526025', 'MUEBLES Y ENCERES', NULL, NULL),
(409, 123, '526035', 'FLOTA Y EQUIPO DE TRANSPORTE', NULL, NULL),
(410, 124, '526510', 'INTANGIBLES', NULL, NULL),
(411, 124, '526515', 'CARGOS DIFERIDOS', NULL, NULL),
(412, 125, '527099', 'AJUSTES POR INFLACION', NULL, NULL),
(413, 126, '527510', 'SOCIEDADES LIMITADAS', NULL, NULL),
(414, 127, '529505', 'COMISIONES', NULL, NULL),
(415, 127, '529510', 'LIBROS SUSCRIPCIONES', NULL, NULL),
(416, 127, '529520', 'GASTOS REPRESENTACION', NULL, NULL),
(417, 127, '529525', 'ELEMENTOS ASEO Y CAFETERIA', NULL, NULL),
(418, 127, '529530', 'PAPELERIA FOTOCOPIAS', NULL, NULL),
(419, 127, '529535', 'COMBUSTIBLES Y LUBRICANTES', NULL, NULL),
(420, 127, '529540', 'ENVASES Y EMPAQUES', NULL, NULL),
(421, 127, '529545', 'TAXIS Y BUSES', NULL, NULL),
(422, 127, '529560', 'RESTAURANTE', NULL, NULL),
(423, 127, '529565', 'PEAJES', NULL, NULL),
(424, 127, '529595', 'OTROS', NULL, NULL),
(425, 128, '529905', 'INVERSIONES', NULL, NULL),
(426, 128, '529910', 'DEUDORES', NULL, NULL),
(427, 128, '529915', 'INVENTARIOS', NULL, NULL),
(428, 128, '529920', 'PROPIEDAD PLANTA Y EQUIPO', NULL, NULL),
(429, 128, '529995', 'OTROS ACTIVOS', NULL, NULL),
(430, 129, '530505', 'GASTOS BANCARIOS', NULL, NULL),
(431, 129, '530510', 'REAJUSTE MONETARIO', NULL, NULL),
(432, 129, '530515', 'COMISIONES', NULL, NULL),
(433, 129, '530520', 'INTERESES', NULL, NULL),
(434, 129, '530525', 'DIFERENCIA EN CAMBIO', NULL, NULL),
(435, 129, '530535', 'DESCUENTOS COMERCIALES CONDICIONADOS', NULL, NULL),
(436, 129, '530540', 'GASTOS DE BONOS Y EMISION', NULL, NULL),
(437, 129, '530595', 'OTROS CARGOS', NULL, NULL),
(438, 130, '531015', 'VENTA DE PROPIEDADES PLANTA Y EQUIPO', NULL, NULL),
(439, 131, '531505', 'COSTAS Y PROCESOS JUDICIALES', NULL, NULL),
(440, 131, '531515', 'COSTOS Y GASTOS EJERCICIOS ANTERIORES', NULL, NULL),
(441, 131, '531520', 'IMPUESTOS ASUMIDOS', NULL, NULL),
(442, 131, '531595', 'OTROS', NULL, NULL),
(443, 131, '533505', 'ALMACEN TODOAGRO', NULL, NULL),
(444, 132, '539505', 'DEMANDAS LABORALES', NULL, NULL),
(445, 132, '539510', 'DEMANDAS INCUMPLIMIENTO CONTRATO', NULL, NULL),
(446, 132, '539520', 'SANCIONES', NULL, NULL),
(447, 132, '539525', 'DONACIONES', NULL, NULL),
(448, 132, '539595', 'OTROS GASTOS DIVERSOS', NULL, NULL),
(449, 133, '540505', 'IMPUESTO DE RENTA Y COMPLEMENTARIOS', NULL, NULL),
(450, 133, '540510', 'IMPUESTO PARA LA EQUIDAD CREE', NULL, NULL),
(451, 133, '540515', 'IMPTO. DIFERIDO DE RENTA', NULL, NULL),
(452, 134, '590505', 'GANANCIAS', NULL, NULL),
(453, 135, '612043', 'COSTO ELABORACION PROD QUIMICOS AGROP', NULL, NULL),
(454, 136, '613514', 'COSTO INSUMOS Y MAT. PRIMAS AGROPECUA', NULL, NULL),
(455, 136, '613595', 'GERENCIA.', NULL, NULL),
(456, 136, '613599', 'AJUSTE POR INFLACION AL COSTO', NULL, NULL),
(457, 137, '619605', 'DETERIORO DE INVENTARIO NIIF', NULL, NULL),
(458, 138, '710120', 'PRODUCTO TERMINADO', NULL, NULL),
(459, 138, '710150', 'MATERIA PRIMA', NULL, NULL),
(460, 139, '911520', 'EN CONSIGNACION', NULL, NULL),
(461, 139, '940101', 'RESPONSABILIDADES CONTINGENTES POR CO', NULL, NULL),
(462, 140, '941520', 'MERCANCIAS EN CONSIGNACION', NULL, NULL);

-- --------------------------------------------------------

--
-- Table structure for table `referencias`
--

CREATE TABLE `referencias` (
  `id` int(10) UNSIGNED NOT NULL,
  `codigo_linea` varchar(255) COLLATE utf8mb4_unicode_ci NOT NULL,
  `codigo_letras` varchar(255) COLLATE utf8mb4_unicode_ci NOT NULL,
  `codigo_consecutivo` varchar(255) COLLATE utf8mb4_unicode_ci NOT NULL,
  `descripcion` varchar(255) COLLATE utf8mb4_unicode_ci NOT NULL,
  `codigo_barras` varchar(255) COLLATE utf8mb4_unicode_ci NOT NULL,
  `codigo_interno` varchar(255) COLLATE utf8mb4_unicode_ci NOT NULL,
  `codigo_alterno` varchar(255) COLLATE utf8mb4_unicode_ci NOT NULL,
  `id_presentacion` int(11) NOT NULL,
  `id_marca` int(11) NOT NULL,
  `factor_rendimiento` decimal(11,2) NOT NULL,
  `stok_minimo` decimal(11,2) NOT NULL,
  `stok_maximo` decimal(11,2) NOT NULL,
  `iva` decimal(11,2) NOT NULL,
  `impo_consumo` decimal(11,2) NOT NULL,
  `sobre_tasa` decimal(11,2) NOT NULL,
  `serie` varchar(255) COLLATE utf8mb4_unicode_ci NOT NULL,
  `descuento` decimal(11,2) NOT NULL,
  `id_clasificacion` int(11) NOT NULL,
  `peso` decimal(11,2) NOT NULL,
  `precio1` decimal(11,2) NOT NULL,
  `precio2` decimal(11,2) NOT NULL,
  `precio3` decimal(11,2) NOT NULL,
  `precio4` decimal(11,2) NOT NULL,
  `estado` varchar(255) COLLATE utf8mb4_unicode_ci NOT NULL,
  `hommologo` varchar(255) COLLATE utf8mb4_unicode_ci NOT NULL,
  `costo` decimal(11,2) NOT NULL,
  `costo_promedio` decimal(11,2) NOT NULL,
  `saldo` decimal(11,2) NOT NULL,
  `usuario_creador` int(11) NOT NULL,
  `id_empresa` int(11) NOT NULL,
  `created_at` timestamp NULL DEFAULT NULL,
  `updated_at` timestamp NULL DEFAULT NULL
) ENGINE=InnoDB DEFAULT CHARSET=utf8mb4 COLLATE=utf8mb4_unicode_ci;

--
-- Dumping data for table `referencias`
--

INSERT INTO `referencias` (`id`, `codigo_linea`, `codigo_letras`, `codigo_consecutivo`, `descripcion`, `codigo_barras`, `codigo_interno`, `codigo_alterno`, `id_presentacion`, `id_marca`, `factor_rendimiento`, `stok_minimo`, `stok_maximo`, `iva`, `impo_consumo`, `sobre_tasa`, `serie`, `descuento`, `id_clasificacion`, `peso`, `precio1`, `precio2`, `precio3`, `precio4`, `estado`, `hommologo`, `costo`, `costo_promedio`, `saldo`, `usuario_creador`, `id_empresa`, `created_at`, `updated_at`) VALUES
(730, 'codigo_linea', 'codigo_letras', 'codigo_consecutivo', 'descripcion', 'codigo_barras', 'codigo_interno', 'codigo_alterno', 0, 0, 0.00, 0.00, 0.00, 0.00, 0.00, 0.00, 'serie', 0.00, 0, 0.00, 0.00, 0.00, 0.00, 0.00, 'estado', 'hommologo', 0.00, 0.00, 0.00, 0, 0, '0000-00-00 00:00:00', '0000-00-00 00:00:00'),
(731, '1', 'ABO', '1', '15-15-15  KILO', '01ABO01', '01ABO01', '01ABO01', 96, 54, 0.00, 0.00, 1000.00, 0.19, 0.00, 0.00, 'NA', 0.00, 8, 0.00, 3200.00, 3200.00, 3200.00, 3.45, 'ACTIVO', 'NA', 2000.00, 2000.00, 2781.00, 14, 15, '2022-08-20 16:21:00', '2020-09-18 22:54:06'),
(732, '1', 'ABO', '2', '15-15-15* 5 KLS             ', '01ABO02  ', '01ABO02  ', '01ABO02  ', 96, 54, 0.00, 0.00, 0.00, 0.00, 0.00, 0.00, 'NA', 0.00, 8, 0.00, 14000.00, 14000.00, 14000.00, 14000.00, 'ACTIVO', 'NA', 8500.00, 8500.00, 101.00, 14, 15, '2022-08-20 16:21:00', '2022-08-20 16:21:00'),
(733, '1', 'CRE', '1', 'CREXIAGRO*KILO             ', '01CRE01  ', '01CRE01  ', '01CRE01  ', 125, 71, 0.00, 0.00, 0.00, 0.00, 0.00, 0.00, 'NA', 0.00, 8, 0.00, 6500.00, 6500.00, 6500.00, 684.21, 'ACTIVO', 'NA', 5200.00, 5200.00, 17.00, 14, 15, '2022-08-20 16:21:00', '2020-08-28 22:05:31'),
(734, '1', 'DES', '3', 'DESARROLLO EXIAGRO           ', '01DES03  ', '01DES03  ', '01DES03  ', 125, 71, 0.00, 0.00, 0.00, 0.00, 0.00, 0.00, 'NA', 0.00, 8, 0.00, 6500.00, 6500.00, 6500.00, 6500.00, 'ACTIVO', 'NA', 3610.00, 3610.00, 20.00, 14, 15, '2022-08-20 16:21:00', '2022-08-20 16:21:00'),
(735, '1', 'EXI', '3', 'EXIPRODUCTOR * KILO           ', '01EXI03  ', '01EXI03  ', '01EXI03  ', 125, 71, 0.00, 0.00, 0.00, 0.00, 0.00, 0.00, 'NA', 0.00, 8, 0.00, 5500.00, 5500.00, 5500.00, 5500.00, 'ACTIVO', 'NA', 3800.00, 3800.00, 4.00, 14, 15, '2022-08-20 16:21:00', '2022-08-20 16:21:00'),
(736, '1', 'MAS', '1', 'MASTERAGRO KILO             ', '01MAS01  ', '01MAS01  ', '01MAS01  ', 8, 71, 0.00, 0.00, 0.00, 0.00, 0.00, 0.00, 'NA', 0.00, 8, 0.00, 7500.00, 7500.00, 7500.00, 7500.00, 'ACTIVO', 'NA', 6000.00, 6000.00, 0.00, 14, 15, '2022-08-20 16:21:00', '2022-08-20 16:21:00'),
(737, '1', 'PRO', '1', 'PRODUCCION EXIAGRO           ', '01PRO01  ', '01PRO01  ', '01PRO01  ', 125, 71, 0.00, 0.00, 0.00, 0.00, 0.00, 0.00, 'NA', 0.00, 8, 0.00, 6500.00, 6500.00, 6500.00, 6500.00, 'ACTIVO', 'NA', 4560.00, 4560.00, 0.00, 14, 15, '2022-08-20 16:21:00', '2022-08-20 16:21:00'),
(738, '1', 'URE', '1', 'UREA 46% * KILO             ', '01URE01  ', '01URE01  ', '01URE01  ', 125, 54, 0.00, 0.00, 1000.00, 0.00, 0.00, 0.00, 'NA', 0.00, 8, 0.00, 3000.00, 3000.00, 3000.00, 3000.00, 'ACTIVO', 'NA', 2484.00, 1644.00, 736.00, 14, 15, '2022-08-20 16:21:00', '2022-08-20 16:21:00'),
(739, '1', 'URE', '2', 'UREA * 5 KLS              ', '01URE02  ', '01URE02  ', '01URE02  ', 96, 54, 0.00, 0.00, 0.00, 0.00, 0.00, 0.00, 'NA', 0.00, 8, 0.00, 14000.00, 14000.00, 14000.00, 14000.00, 'ACTIVO', 'NA', 7000.00, 7000.00, 68.00, 14, 15, '2022-08-20 16:21:00', '2022-08-20 16:21:00'),
(740, '2', 'AZU', '4', 'AZUFRE MICRONIZADO* KILO        ', '02AZU04  ', '02AZU04  ', '02AZU04  ', 125, 71, 0.00, 0.00, 0.00, 0.00, 0.00, 0.00, 'NA', 0.00, 8, 0.00, 2300.00, 2300.00, 2300.00, 2300.00, 'ACTIVO', 'NA', 908.00, 908.00, 147.00, 14, 15, '2022-08-20 16:21:00', '2022-08-20 16:21:00'),
(741, '2', 'ME0', '4', 'MELAZA * 5 KLS             ', '02ME04  ', '02ME04  ', '02ME04  ', 96, 54, 0.00, 0.00, 0.00, 0.05, 0.00, 0.00, 'NA', 0.00, 8, 0.00, 6000.00, 6000.00, 6000.00, 142.86, 'ACTIVO', 'NA', 3500.00, 3500.00, 41.00, 14, 15, '2022-08-20 16:21:00', '2020-08-28 22:29:54'),
(742, '2', 'MEL', '1', 'MELAZAx 2 KILOS             ', '02MEL01  ', '02MEL01  ', '02MEL01  ', 48, 54, 0.00, 0.00, 0.00, 0.05, 0.00, 0.00, 'NA', 0.00, 8, 0.00, 3400.00, 3400.00, 3400.00, 3400.00, 'ACTIVO', 'NA', 1777.00, 1777.00, 73.00, 14, 15, '2022-08-20 16:21:00', '2022-08-20 16:21:00'),
(743, '2', 'MEL', '3', 'MELAZA * 1 KILO             ', '02MEL03  ', '02MEL03  ', '02MEL03  ', 125, 54, 0.00, 0.00, 0.00, 0.05, 0.00, 0.00, 'NA', 0.00, 8, 0.00, 1400.00, 1400.00, 1400.00, 1400.00, 'ACTIVO', 'NA', 650.00, 650.00, 0.00, 14, 15, '2022-08-20 16:21:00', '2022-08-20 16:21:00'),
(744, '3', 'ACR', '1', 'ACRILAN *50 GRS             ', '03ACR01  ', '03ACR01  ', '03ACR01  ', 8, 74, 0.00, 0.00, 0.00, 0.00, 0.00, 0.00, 'NA', 0.00, 8, 0.00, 21000.00, 21000.00, 21000.00, 21000.00, 'ACTIVO', 'NA', 16927.00, 0.00, 19.00, 14, 15, '2022-08-20 16:21:00', '2022-08-20 16:21:00'),
(745, '3', 'AMI', '1', 'AMITRAZ E.C 12.5%*100ML         ', '03AMI01  ', '03AMI01  ', '03AMI01  ', 32, 39, 0.00, 0.00, 0.00, 0.00, 0.00, 0.00, 'NA', 0.00, 8, 0.00, 7000.00, 7000.00, 7000.00, 7000.00, 'ACTIVO', 'NA', 6395.00, 6591.00, 0.00, 14, 15, '2022-08-20 16:21:00', '2022-08-20 16:21:00'),
(746, '3', 'AMI', '2', 'AMITRAZ E.C 12.5%*33ML         ', '03AMI02  ', '03AMI02  ', '03AMI02  ', 90, 39, 0.00, 0.00, 0.00, 0.00, 0.00, 0.00, 'NA', 0.00, 8, 0.00, 3300.00, 3300.00, 3300.00, 3300.00, 'ACTIVO', 'NA', 3067.00, 3080.00, 0.00, 14, 15, '2022-08-20 16:21:00', '2022-08-20 16:21:00'),
(747, '3', 'AMI', '3', 'AMITRAZ E.C 20.8%*1000ML        ', '03AMI03  ', '03AMI03  ', '03AMI03  ', 36, 39, 0.00, 0.00, 0.00, 0.00, 0.00, 0.00, 'NA', 0.00, 8, 0.00, 65000.00, 65000.00, 65000.00, 65000.00, 'ACTIVO', 'NA', 56364.00, 55545.00, 23.00, 14, 15, '2022-08-20 16:21:00', '2022-08-20 16:21:00'),
(748, '3', 'AMI', '4', 'AMITRAZ E.C 20.8%*500ML         ', '03AMI04  ', '03AMI04  ', '03AMI04  ', 102, 39, 0.00, 0.00, 0.00, 0.00, 0.00, 0.00, 'NA', 0.00, 8, 0.00, 37000.00, 37000.00, 37000.00, 37000.00, 'ACTIVO', 'NA', 29406.00, 28952.00, 3.00, 14, 15, '2022-08-20 16:21:00', '2022-08-20 16:21:00'),
(749, '3', 'AMI', '5', 'AMITRAZ E.C 20.8%*100ML         ', '03AMI05  ', '03AMI05  ', '03AMI05  ', 32, 39, 0.00, 0.00, 0.00, 0.00, 0.00, 0.00, 'NA', 0.00, 8, 0.00, 12000.00, 12000.00, 12000.00, 12000.00, 'ACTIVO', 'NA', 8878.00, 8878.00, 10.00, 14, 15, '2022-08-20 16:21:00', '2022-08-20 16:21:00'),
(750, '3', 'AMI', '6', 'AMITRAZ E.C 20.8%*20ML         ', '03AMI06  ', '03AMI06  ', '03AMI06  ', 21, 39, 0.00, 0.00, 0.00, 0.00, 0.00, 0.00, 'NA', 0.00, 8, 0.00, 4000.00, 4000.00, 4000.00, 4000.00, 'ACTIVO', 'NA', 3227.00, 3227.00, 90.00, 14, 15, '2022-08-20 16:21:00', '2022-08-20 16:21:00'),
(751, '3', 'AMI', '7', 'AMITRAZ 3% x 50ml            ', '03AMI07  ', '03AMI07  ', '03AMI07  ', 98, 39, 0.00, 0.00, 0.00, 0.00, 0.00, 0.00, 'NA', 0.00, 8, 0.00, 7500.00, 7500.00, 7500.00, 7500.00, 'ACTIVO', 'NA', 5841.00, 0.00, 43.00, 14, 15, '2022-08-20 16:21:00', '2022-08-20 16:21:00'),
(752, '3', 'AMI', '8', 'AMITRAZ 12.5% *500ML          ', '03AMI08  ', '03AMI08  ', '03AMI08  ', 102, 39, 0.00, 0.00, 0.00, 0.00, 0.00, 0.00, 'NA', 0.00, 8, 0.00, 33500.00, 33500.00, 33500.00, 33500.00, 'ACTIVO', 'NA', 19764.00, 19865.00, 0.00, 14, 15, '2022-08-20 16:21:00', '2022-08-20 16:21:00'),
(753, '3', 'AMI', '9', 'AMITRAZ 12.5% *1000ML          ', '03AMI09  ', '03AMI09  ', '03AMI09  ', 36, 39, 0.00, 0.00, 0.00, 0.00, 0.00, 0.00, 'NA', 0.00, 8, 0.00, 60000.00, 60000.00, 60000.00, 60000.00, 'ACTIVO', 'NA', 37988.00, 37988.00, 36.00, 14, 15, '2022-08-20 16:21:00', '2022-08-20 16:21:00'),
(754, '3', 'ANO', '1', 'ANOREX LM * LITRO            ', '03ANO01  ', '03ANO01  ', '03ANO01  ', 36, 71, 0.00, 0.00, 0.00, 0.00, 0.00, 0.00, 'NA', 0.00, 8, 0.00, 15000.00, 15000.00, 15000.00, 15000.00, 'ACTIVO', 'NA', 10000.00, 10000.00, 3.00, 14, 15, '2022-08-20 16:21:00', '2022-08-20 16:21:00'),
(755, '3', 'APO', '1', 'APOFLOX 2.5% INYECT*100 ML       ', '03APO01  ', '03APO01  ', '03APO01  ', 32, 71, 0.00, 0.00, 0.00, 0.00, 0.00, 0.00, 'NA', 0.00, 8, 0.00, 46600.00, 46600.00, 46600.00, 46600.00, 'ACTIVO', 'NA', 21032.00, 21032.00, 2.00, 14, 15, '2022-08-20 16:21:00', '2022-08-20 16:21:00'),
(756, '3', 'ARE', '1', 'ARETE VACUNO MEDIANO          ', '03ARE01  ', '03ARE01  ', '03ARE01  ', 8, 74, 0.00, 0.00, 0.00, 0.19, 0.00, 0.00, 'NA', 0.00, 8, 0.00, 2993.00, 2993.00, 2993.00, 2993.00, 'ACTIVO', 'NA', 3636.00, 61132.00, 0.00, 14, 15, '2022-08-20 16:21:00', '2022-08-20 16:21:00'),
(757, '3', 'ATR', '1', 'ATROPINA 1% *10 ml           ', '03ATR01  ', '03ATR01  ', '03ATR01  ', 25, 71, 0.00, 0.00, 0.00, 0.00, 0.00, 0.00, 'NA', 0.00, 8, 0.00, 4500.00, 4500.00, 4500.00, 4500.00, 'ACTIVO', 'NA', 3300.00, 3300.00, 4.00, 14, 15, '2022-08-20 16:21:00', '2022-08-20 16:21:00'),
(758, '3', 'ATR', '2', 'ATROPINA * 50 ML            ', '03ATR02  ', '03ATR02  ', '03ATR02  ', 98, 71, 0.00, 0.00, 0.00, 0.00, 0.00, 0.00, 'NA', 0.00, 8, 0.00, 13500.00, 13500.00, 13500.00, 13500.00, 'ACTIVO', 'NA', 10443.00, 10450.00, 0.00, 14, 15, '2022-08-20 16:21:00', '2022-08-20 16:21:00'),
(759, '3', 'AZU', '1', 'AZUL DE METILENO*SOBRE         ', '03AZU01  ', '03AZU01  ', '03AZU01  ', 100, 71, 0.00, 0.00, 0.00, 0.00, 0.00, 0.00, 'NA', 0.00, 8, 0.00, 2100.00, 2100.00, 2100.00, 2100.00, 'ACTIVO', 'NA', 1520.00, 1520.00, 384.00, 14, 15, '2022-08-20 16:21:00', '2022-08-20 16:21:00'),
(760, '3', 'AZU', '2', 'AZUL DE METILENO FRASCO* 50 GRS     ', '03AZU02  ', '03AZU02  ', '03AZU02  ', 8, 71, 0.00, 0.00, 0.00, 0.00, 0.00, 0.00, 'NA', 0.00, 8, 0.00, 23000.00, 23000.00, 23000.00, 23000.00, 'ACTIVO', 'NA', 17556.00, 17556.00, 0.00, 14, 15, '2022-08-20 16:21:00', '2022-08-20 16:21:00'),
(761, '3', 'AZU', '3', 'AZUL DE METILENO FRASCO* 20 GRS     ', '03AZU03  ', '03AZU03  ', '03AZU03  ', 22, 71, 0.00, 0.00, 0.00, 0.00, 0.00, 0.00, 'NA', 0.00, 8, 0.00, 11300.00, 11300.00, 11300.00, 11300.00, 'ACTIVO', 'NA', 8667.00, 8667.00, 0.00, 14, 15, '2022-08-20 16:21:00', '2022-08-20 16:21:00'),
(762, '3', 'BAB', '1', 'BABEX INYECT*50 ML           ', '03BAB01  ', '03BAB01  ', '03BAB01  ', 98, 71, 0.00, 0.00, 0.00, 0.00, 0.00, 0.00, 'NA', 0.00, 8, 0.00, 56550.00, 56550.00, 56550.00, 56550.00, 'ACTIVO', 'NA', 34800.00, 34800.00, 0.00, 14, 15, '2022-08-20 16:21:00', '2022-08-20 16:21:00'),
(763, '3', 'BAN', '1', 'BANO SECO                ', '03BAN01  ', '03BAN01  ', '03BAN01  ', 8, 74, 0.00, 0.00, 0.00, 0.19, 0.00, 0.00, 'NA', 0.00, 8, 0.00, 9500.00, 9500.00, 9500.00, 9500.00, 'ACTIVO', 'NA', 5882.00, 5882.00, 1.00, 14, 15, '2022-08-20 16:21:00', '2022-08-20 16:21:00'),
(764, '3', 'BEC', '1', 'BECAFOR * 100 ML            ', '03BEC01  ', '03BEC01  ', '03BEC01  ', 8, 74, 0.00, 0.00, 0.00, 0.00, 0.00, 0.00, 'NA', 0.00, 8, 0.00, 45000.00, 45000.00, 45000.00, 45000.00, 'ACTIVO', 'NA', 30235.00, 29827.00, 39.00, 14, 15, '2022-08-20 16:21:00', '2022-08-20 16:21:00'),
(765, '3', 'BIO', '1', 'BIOVIT 9 *120 ML            ', '03BIO01  ', '03BIO01  ', '03BIO01  ', 45, 71, 0.00, 0.00, 0.00, 0.00, 0.00, 0.00, 'NA', 0.00, 8, 0.00, 6500.00, 6500.00, 6500.00, 6500.00, 'ACTIVO', 'NA', 5089.00, 5100.00, 8.00, 14, 15, '2022-08-20 16:21:00', '2022-08-20 16:21:00'),
(766, '3', 'BIO', '2', 'BIOVIT-9 *240 ML            ', '03BIO02  ', '03BIO02  ', '03BIO02  ', 71, 71, 0.00, 0.00, 0.00, 0.00, 0.00, 0.00, 'NA', 0.00, 8, 0.00, 9300.00, 9300.00, 9300.00, 9300.00, 'ACTIVO', 'NA', 7150.00, 7150.00, 0.00, 14, 15, '2022-08-20 16:21:00', '2022-08-20 16:21:00'),
(767, '3', 'BIO', '3', 'BIOCORRECTOL* GALON           ', '03BIO03  ', '03BIO03  ', '03BIO03  ', 93, 71, 0.00, 0.00, 0.00, 0.00, 0.00, 0.00, 'NA', 0.00, 8, 0.00, 31000.00, 31000.00, 31000.00, 31000.00, 'ACTIVO', 'NA', 22982.00, 22982.00, 1.00, 14, 15, '2022-08-20 16:21:00', '2022-08-20 16:21:00'),
(768, '3', 'BIO', '4', 'BIOCORRECTOL E* LITRO          ', '03BIO04  ', '03BIO04  ', '03BIO04  ', 36, 71, 0.00, 0.00, 0.00, 0.00, 0.00, 0.00, 'NA', 0.00, 8, 0.00, 16000.00, 16000.00, 16000.00, 16000.00, 'ACTIVO', 'NA', 12000.00, 12000.00, 5.00, 14, 15, '2022-08-20 16:21:00', '2022-08-20 16:21:00'),
(769, '3', 'BIO', '5', 'BIOCLIN * 4 LTS             ', '03BIO05  ', '03BIO05  ', '03BIO05  ', 92, 71, 0.00, 0.00, 0.00, 0.00, 0.00, 0.00, 'NA', 0.00, 8, 0.00, 70500.00, 70500.00, 70500.00, 70500.00, 'ACTIVO', 'NA', 56000.00, 56000.00, 0.00, 14, 15, '2022-08-20 16:21:00', '2022-08-20 16:21:00'),
(770, '3', 'BIO', '6', 'BIONEUTROL POLVO* 50 GRS        ', '03BIO06  ', '03BIO06  ', '03BIO06  ', 100, 71, 0.00, 0.00, 0.00, 0.00, 0.00, 0.00, 'NA', 0.00, 8, 0.00, 2900.00, 2900.00, 2900.00, 2900.00, 'ACTIVO', 'NA', 2000.00, 2000.00, 40.00, 14, 15, '2022-08-20 16:21:00', '2022-08-20 16:21:00'),
(771, '3', 'BIO', '7', 'BIONEUTROL LIQUIDO*LITRO        ', '03BIO07  ', '03BIO07  ', '03BIO07  ', 36, 71, 0.00, 0.00, 0.00, 0.00, 0.00, 0.00, 'NA', 0.00, 8, 0.00, 24000.00, 24000.00, 24000.00, 24000.00, 'ACTIVO', 'NA', 20000.00, 20000.00, 6.00, 14, 15, '2022-08-20 16:21:00', '2022-08-20 16:21:00'),
(772, '3', 'BIO', '8', 'BIOVIT-9* GARRAFA 3.5L         ', '03BIO08  ', '03BIO08  ', '03BIO08  ', 8, 84, 0.00, 0.00, 0.00, 0.00, 0.00, 0.00, 'NA', 0.00, 8, 0.00, 40500.00, 40500.00, 40500.00, 40500.00, 'ACTIVO', 'NA', 33400.00, 33400.00, 0.00, 14, 15, '2022-08-20 16:21:00', '2022-08-20 16:21:00'),
(773, '3', 'BIO', '9', 'BIONEUTROL LIQUIDO* 4 LTS        ', '03BIO09  ', '03BIO09  ', '03BIO09  ', 8, 74, 0.00, 0.00, 0.00, 0.00, 0.00, 0.00, 'NA', 0.00, 8, 0.00, 96500.00, 96500.00, 96500.00, 96500.00, 'ACTIVO', 'NA', 72000.00, 72000.00, 0.00, 14, 15, '2022-08-20 16:21:00', '2022-08-20 16:21:00'),
(774, '3', 'BIP', '1', 'BIPEN*1.500.000 UI           ', '03BIP01  ', '03BIP01  ', '03BIP01  ', 23, 71, 0.00, 0.00, 0.00, 0.00, 0.00, 0.00, 'NA', 0.00, 8, 0.00, 7000.00, 7000.00, 7000.00, 7000.00, 'ACTIVO', 'NA', 4125.00, 4125.00, 26.00, 14, 15, '2022-08-20 16:21:00', '2022-08-20 16:21:00'),
(775, '3', 'BIP', '2', 'BIPEN*3.000.000 UI           ', '03BIP02  ', '03BIP02  ', '03BIP02  ', 9, 71, 0.00, 0.00, 0.00, 0.00, 0.00, 0.00, 'NA', 0.00, 8, 0.00, 9000.00, 9000.00, 9000.00, 9000.00, 'ACTIVO', 'NA', 4730.00, 4730.00, 4.00, 14, 15, '2022-08-20 16:21:00', '2022-08-20 16:21:00'),
(776, '3', 'BIP', '3', 'BIPEN*6.000.000 UI           ', '03BIP03  ', '03BIP03  ', '03BIP03  ', 113, 71, 0.00, 0.00, 0.00, 0.00, 0.00, 0.00, 'NA', 0.00, 8, 0.00, 12500.00, 12500.00, 12500.00, 12500.00, 'ACTIVO', 'NA', 4950.00, 4950.00, 21.00, 14, 15, '2022-08-20 16:21:00', '2022-08-20 16:21:00'),
(777, '3', 'BIP', '4', 'BIPEN*9.000.000 IU           ', '03BIP04  ', '03BIP04  ', '03BIP04  ', 117, 71, 0.00, 0.00, 0.00, 0.00, 0.00, 0.00, 'NA', 0.00, 8, 0.00, 14000.00, 14000.00, 14000.00, 14000.00, 'ACTIVO', 'NA', 5610.00, 5610.00, 22.00, 14, 15, '2022-08-20 16:21:00', '2022-08-20 16:21:00'),
(778, '3', 'BIP', '5', 'BIPEN*13.000.000 IU           ', '03BIP05  ', '03BIP05  ', '03BIP05  ', 10, 71, 0.00, 0.00, 0.00, 0.00, 0.00, 0.00, 'NA', 0.00, 8, 0.00, 17000.00, 17000.00, 17000.00, 17000.00, 'ACTIVO', 'NA', 8250.00, 8250.00, 1.00, 14, 15, '2022-08-20 16:21:00', '2022-08-20 16:21:00'),
(779, '3', 'BOL', '1', 'BOLDENONA * 50 ML            ', '03BOL01  ', '03BOL01  ', '03BOL01  ', 98, 71, 0.00, 0.00, 0.00, 0.00, 0.00, 0.00, 'NA', 0.00, 8, 0.00, 24700.00, 24700.00, 24700.00, 24700.00, 'ACTIVO', 'NA', 17500.00, 17500.00, 2.00, 14, 15, '2022-08-20 16:21:00', '2022-08-20 16:21:00'),
(780, '3', 'BOL', '2', 'BOLDENONA*100 ML            ', '03BOL02  ', '03BOL02  ', '03BOL02  ', 25, 71, 0.00, 0.00, 0.00, 0.00, 0.00, 0.00, 'NA', 0.00, 8, 0.00, 46700.00, 46700.00, 46700.00, 46700.00, 'ACTIVO', 'NA', 15300.00, 15450.00, 11.00, 14, 15, '2022-08-20 16:21:00', '2022-08-20 16:21:00'),
(781, '3', 'BOL', '3', 'BOLDENONA * 10 ML            ', '03BOL03  ', '03BOL03  ', '03BOL03  ', 25, 71, 0.00, 0.00, 0.00, 0.00, 0.00, 0.00, 'NA', 0.00, 8, 0.00, 5500.00, 5500.00, 5500.00, 5500.00, 'ACTIVO', 'NA', 2367.00, 2369.00, 6.00, 14, 15, '2022-08-20 16:21:00', '2022-08-20 16:21:00'),
(782, '3', 'BOL', '4', 'BOLDENONA*250 ML            ', '03BOL04  ', '03BOL04  ', '03BOL04  ', 75, 54, 0.00, 0.00, 0.00, 0.00, 0.00, 0.00, 'NA', 0.00, 8, 0.00, 90200.00, 90200.00, 90200.00, 90200.00, 'ACTIVO', 'NA', 33000.00, 33600.00, 2.00, 14, 15, '2022-08-20 16:21:00', '2022-08-20 16:21:00'),
(783, '3', 'BOV', '1', 'BOVINEXT *100 ML            ', '03BOV01  ', '03BOV01  ', '03BOV01  ', 32, 71, 0.00, 0.00, 0.00, 0.00, 0.00, 0.00, 'NA', 0.00, 8, 0.00, 20000.00, 20000.00, 20000.00, 20000.00, 'ACTIVO', 'NA', 12000.00, 12000.00, 1.00, 14, 15, '2022-08-20 16:21:00', '2022-08-20 16:21:00'),
(784, '3', 'BOV', '2', 'BOVINEXT*250 ML             ', '03BOV02  ', '03BOV02  ', '03BOV02  ', 75, 71, 0.00, 0.00, 0.00, 0.00, 0.00, 0.00, 'NA', 0.00, 8, 0.00, 35000.00, 35000.00, 35000.00, 35000.00, 'ACTIVO', 'NA', 21276.00, 21276.00, 1.00, 14, 15, '2022-08-20 16:21:00', '2022-08-20 16:21:00'),
(785, '3', 'BOV', '3', 'BOVINEXT*1000 ML            ', '03BOV03  ', '03BOV03  ', '03BOV03  ', 36, 71, 0.00, 0.00, 0.00, 0.00, 0.00, 0.00, 'NA', 0.00, 8, 0.00, 120000.00, 120000.00, 120000.00, 120000.00, 'ACTIVO', 'NA', 68143.00, 68143.00, 0.00, 14, 15, '2022-08-20 16:21:00', '2022-08-20 16:21:00'),
(786, '3', 'BOV', '4', 'BOVINEXT*2000 ML            ', '03BOV04  ', '03BOV04  ', '03BOV04  ', 8, 74, 0.00, 0.00, 0.00, 0.00, 0.00, 0.00, 'NA', 0.00, 8, 0.00, 180000.00, 180000.00, 180000.00, 180000.00, 'ACTIVO', 'NA', 121143.00, 121143.00, 0.00, 14, 15, '2022-08-20 16:21:00', '2022-08-20 16:21:00'),
(787, '3', 'BOV', '5', 'BOVINEX *500 ML             ', '03BOV05  ', '03BOV05  ', '03BOV05  ', 8, 74, 0.00, 0.00, 0.00, 0.00, 0.00, 0.00, 'NA', 0.00, 8, 0.00, 37100.00, 37100.00, 37100.00, 37100.00, 'ACTIVO', 'NA', 37100.00, 37100.00, 0.00, 14, 15, '2022-08-20 16:21:00', '2022-08-20 16:21:00'),
(788, '3', 'BRI', '1', 'BRIO-VIT *120 ML            ', '03BRI01  ', '03BRI01  ', '03BRI01  ', 45, 71, 0.00, 0.00, 0.00, 0.00, 0.00, 0.00, 'NA', 0.00, 8, 0.00, 10000.00, 10000.00, 10000.00, 10000.00, 'ACTIVO', 'NA', 4510.00, 4510.00, 0.00, 14, 15, '2022-08-20 16:21:00', '2022-08-20 16:21:00'),
(789, '3', 'BRI', '2', 'BRIO VIT* 20 ML             ', '03BRI02  ', '03BRI02  ', '03BRI02  ', 21, 71, 0.00, 0.00, 0.00, 0.00, 0.00, 0.00, 'NA', 0.00, 8, 0.00, 6000.00, 6000.00, 6000.00, 6000.00, 'ACTIVO', 'NA', 1.00, 2970.00, 14.00, 14, 15, '2022-08-20 16:21:00', '2022-08-20 16:21:00'),
(790, '3', 'BRI', '3', 'BRIOVIT * 500 ML            ', '03BRI03  ', '03BRI03  ', '03BRI03  ', 102, 71, 0.00, 0.00, 0.00, 0.00, 0.00, 0.00, 'NA', 0.00, 8, 0.00, 30000.00, 30000.00, 30000.00, 30000.00, 'ACTIVO', 'NA', 18000.00, 18000.00, 0.00, 14, 15, '2022-08-20 16:21:00', '2022-08-20 16:21:00'),
(791, '3', 'CAL', '2', 'CALMAS * 500 ML             ', '03CAL02  ', '03CAL02  ', '03CAL02  ', 102, 71, 0.00, 0.00, 0.00, 0.00, 0.00, 0.00, 'NA', 0.00, 8, 0.00, 17000.00, 17000.00, 17000.00, 17000.00, 'ACTIVO', 'NA', 10990.00, 10990.00, 4.00, 14, 15, '2022-08-20 16:21:00', '2022-08-20 16:21:00'),
(792, '3', 'CAL', '5', 'CALCIGROZ*500 ML            ', '03CAL05  ', '03CAL05  ', '03CAL05  ', 102, 39, 0.00, 0.00, 0.00, 0.00, 0.00, 0.00, 'NA', 0.00, 8, 0.00, 19800.00, 19800.00, 19800.00, 19800.00, 'ACTIVO', 'NA', 20592.00, 20592.00, 0.00, 14, 15, '2022-08-20 16:21:00', '2022-08-20 16:21:00'),
(793, '3', 'CAR', '3', 'CARE O PET 25 MG* 60 TABLETAS      ', '03CAR03  ', '03CAR03  ', '03CAR03  ', 73, 71, 0.00, 0.00, 0.00, 0.00, 0.00, 0.00, 'NA', 0.00, 8, 0.00, 30000.00, 30000.00, 30000.00, 30000.00, 'ACTIVO', 'NA', 23233.00, 24000.00, 0.00, 14, 15, '2022-08-20 16:21:00', '2022-08-20 16:21:00'),
(794, '3', 'CAR', '5', 'CARBAMULT SOBRE*20 GRS         ', '03CAR05  ', '03CAR05  ', '03CAR05  ', 57, 71, 0.00, 0.00, 0.00, 0.00, 0.00, 0.00, 'NA', 0.00, 8, 0.00, 8500.00, 8500.00, 8500.00, 8500.00, 'ACTIVO', 'NA', 8500.00, 7320.00, 1.00, 14, 15, '2022-08-20 16:21:00', '2022-08-20 16:21:00'),
(795, '3', 'CEL', '1', 'CELAQ LACT JGA*10 ML          ', '03CEL01  ', '03CEL01  ', '03CEL01  ', 8, 74, 0.00, 0.00, 0.00, 0.00, 0.00, 0.00, 'NA', 0.00, 8, 0.00, 6800.00, 6800.00, 6800.00, 6800.00, 'ACTIVO', 'NA', 5415.00, 5415.00, 220.00, 14, 15, '2022-08-20 16:21:00', '2022-08-20 16:21:00'),
(796, '3', 'CEL', '2', 'CELAQ SECADO JGA*10 ML         ', '03CEL02  ', '03CEL02  ', '03CEL02  ', 8, 74, 0.00, 0.00, 0.00, 0.00, 0.00, 0.00, 'NA', 0.00, 8, 0.00, 28000.00, 28000.00, 28000.00, 28000.00, 'ACTIVO', 'NA', 24715.00, 24715.00, 44.00, 14, 15, '2022-08-20 16:21:00', '2022-08-20 16:21:00'),
(797, '3', 'CER', '1', 'CEROLAQ* LITRO             ', '03CER01  ', '03CER01  ', '03CER01  ', 8, 74, 0.00, 0.00, 0.00, 0.00, 0.00, 0.00, 'NA', 0.00, 8, 0.00, 188000.00, 188000.00, 188000.00, 188000.00, 'ACTIVO', 'NA', 145126.00, 145126.00, 34.00, 14, 15, '2022-08-20 16:21:00', '2022-08-20 16:21:00'),
(798, '3', 'CIB', '1', 'CIBUGROZ*20 ML             ', '03CIB01  ', '03CIB01  ', '03CIB01  ', 21, 39, 0.00, 0.00, 0.00, 0.00, 0.00, 0.00, 'NA', 0.00, 8, 0.00, 6000.00, 6000.00, 6000.00, 6000.00, 'ACTIVO', 'NA', 3410.00, 3410.00, 11.00, 14, 15, '2022-08-20 16:21:00', '2022-08-20 16:21:00'),
(799, '3', 'CIB', '2', 'CIBUGROZ*120 ML             ', '03CIB02  ', '03CIB02  ', '03CIB02  ', 45, 39, 0.00, 0.00, 0.00, 0.00, 0.00, 0.00, 'NA', 0.00, 8, 0.00, 13900.00, 13900.00, 13900.00, 13900.00, 'ACTIVO', 'NA', 7690.00, 7649.00, 12.00, 14, 15, '2022-08-20 16:21:00', '2022-08-20 16:21:00'),
(800, '3', 'CIB', '3', 'CIBUGROZ*500 ML             ', '03CIB03  ', '03CIB03  ', '03CIB03  ', 102, 39, 0.00, 0.00, 0.00, 0.00, 0.00, 0.00, 'NA', 0.00, 8, 0.00, 43500.00, 43500.00, 43500.00, 43500.00, 'ACTIVO', 'NA', 33854.00, 46124.00, 5.00, 14, 15, '2022-08-20 16:21:00', '2022-08-20 16:21:00'),
(801, '3', 'CIB', '4', 'CIBUGROZ*1000 ML            ', '03CIB04  ', '03CIB04  ', '03CIB04  ', 36, 39, 0.00, 0.00, 0.00, 0.00, 0.00, 0.00, 'NA', 0.00, 8, 0.00, 70000.00, 70000.00, 70000.00, 70000.00, 'ACTIVO', 'NA', 53911.00, 53829.00, 0.00, 14, 15, '2022-08-20 16:21:00', '2022-08-20 16:21:00'),
(802, '3', 'CIP', '1', 'CIPROMIX*100 GRS            ', '03CIP01  ', '03CIP01  ', '03CIP01  ', 31, 71, 0.00, 0.00, 0.00, 0.00, 0.00, 0.00, 'NA', 0.00, 8, 0.00, 11800.00, 11800.00, 11800.00, 11800.00, 'ACTIVO', 'NA', 8100.00, 8100.00, 6.00, 14, 15, '2022-08-20 16:21:00', '2022-08-20 16:21:00'),
(803, '3', 'CIP', '2', 'CIPROMIX* 25 GRS            ', '03CIP02  ', '03CIP02  ', '03CIP02  ', 72, 71, 0.00, 0.00, 0.00, 0.00, 0.00, 0.00, 'NA', 0.00, 8, 0.00, 4000.00, 4000.00, 4000.00, 4000.00, 'ACTIVO', 'NA', 2900.00, 2900.00, 60.00, 14, 15, '2022-08-20 16:21:00', '2022-08-20 16:21:00'),
(804, '3', 'CIP', '3', 'CIPROMIX-B25 * LITRO          ', '03CIP03  ', '03CIP03  ', '03CIP03  ', 36, 71, 0.00, 0.00, 0.00, 0.00, 0.00, 0.00, 'NA', 0.00, 8, 0.00, 66300.00, 66300.00, 66300.00, 66300.00, 'ACTIVO', 'NA', 65000.00, 65000.00, 0.00, 14, 15, '2022-08-20 16:21:00', '2022-08-20 16:21:00'),
(805, '3', 'CIP', '4', 'CIPERMETRINA E.C 15%*1000 ML      ', '03CIP04  ', '03CIP04  ', '03CIP04  ', 36, 39, 0.00, 0.00, 0.00, 0.00, 0.00, 0.00, 'NA', 0.00, 8, 0.00, 38000.00, 38000.00, 38000.00, 38000.00, 'ACTIVO', 'NA', 38188.00, 38043.00, 4.00, 14, 15, '2022-08-20 16:21:00', '2022-08-20 16:21:00'),
(806, '3', 'CIP', '5', '*IPERMETRINA 15%*500ML         ', '03CIP05  ', '03CIP05  ', '03CIP05  ', 102, 39, 0.00, 0.00, 0.00, 0.00, 0.00, 0.00, 'NA', 0.00, 8, 0.00, 17000.00, 17000.00, 17000.00, 17000.00, 'ACTIVO', 'NA', 7077.00, 7077.00, 0.00, 14, 15, '2022-08-20 16:21:00', '2022-08-20 16:21:00'),
(807, '3', 'CIP', '6', '*IPERMETRINA 15%*100ML         ', '03CIP06  ', '03CIP06  ', '03CIP06  ', 32, 39, 0.00, 0.00, 0.00, 0.00, 0.00, 0.00, 'NA', 0.00, 8, 0.00, 6500.00, 6500.00, 6500.00, 6500.00, 'ACTIVO', 'NA', 6000.00, 5925.00, 0.00, 14, 15, '2022-08-20 16:21:00', '2022-08-20 16:21:00'),
(808, '3', 'CIP', '8', '*IPERMETRINA 15%* 20 ml         ', '03CIP08  ', '03CIP08  ', '03CIP08  ', 21, 39, 0.00, 0.00, 0.00, 0.00, 0.00, 0.00, 'NA', 0.00, 8, 0.00, 2500.00, 2500.00, 2500.00, 2500.00, 'ACTIVO', 'NA', 1362.00, 1134.00, 0.00, 14, 15, '2022-08-20 16:21:00', '2022-08-20 16:21:00'),
(809, '3', 'CLO', '1', 'CLORPIRIFOS 5% * 500 ML         ', '03CLO01  ', '03CLO01  ', '03CLO01  ', 102, 39, 0.00, 0.00, 0.00, 0.00, 0.00, 0.00, 'NA', 0.00, 8, 0.00, 25300.00, 25300.00, 25300.00, 25300.00, 'ACTIVO', 'NA', 8500.00, 8558.00, 4.00, 14, 15, '2022-08-20 16:21:00', '2022-08-20 16:21:00'),
(810, '3', 'CLO', '2', 'CLORPIRIFOS 24%*20 ML          ', '03CLO02  ', '03CLO02  ', '03CLO02  ', 8, 39, 0.00, 0.00, 0.00, 0.00, 0.00, 0.00, 'NA', 0.00, 8, 0.00, 4100.00, 4100.00, 4100.00, 4100.00, 'ACTIVO', 'NA', 2379.00, 2382.00, 630.00, 14, 15, '2022-08-20 16:21:00', '2022-08-20 16:21:00'),
(811, '3', 'CLO', '3', 'CLORPIRIFOS 24%*120 ML         ', '03CLO03  ', '03CLO03  ', '03CLO03  ', 8, 39, 0.00, 0.00, 0.00, 0.00, 0.00, 0.00, 'NA', 0.00, 8, 0.00, 9000.00, 9000.00, 9000.00, 9000.00, 'ACTIVO', 'NA', 5518.00, 5518.00, 1.00, 14, 15, '2022-08-20 16:21:00', '2022-08-20 16:21:00'),
(812, '3', 'CLO', '4', 'CLORPIRIFOS 24%*500ML          ', '03CLO04  ', '03CLO04  ', '03CLO04  ', 8, 39, 0.00, 0.00, 0.00, 0.00, 0.00, 0.00, 'NA', 0.00, 8, 0.00, 30000.00, 30000.00, 30000.00, 30000.00, 'ACTIVO', 'NA', 15068.00, 14547.00, 1.00, 14, 15, '2022-08-20 16:21:00', '2022-08-20 16:21:00'),
(813, '3', 'CLO', '5', 'CLORPIRIFOS 24%*LITRO          ', '03CLO05  ', '03CLO05  ', '03CLO05  ', 8, 39, 0.00, 0.00, 0.00, 0.00, 0.00, 0.00, 'NA', 0.00, 8, 0.00, 52000.00, 52000.00, 52000.00, 52000.00, 'ACTIVO', 'NA', 28937.00, 33624.00, 0.00, 14, 15, '2022-08-20 16:21:00', '2022-08-20 16:21:00'),
(814, '3', 'CLO', '6', 'CLORHEXIPET\'S FT 2%* 250 ml      ', '03CLO06  ', '03CLO06  ', '03CLO06  ', 75, 71, 0.00, 0.00, 0.00, 0.00, 0.00, 0.00, 'NA', 0.00, 8, 0.00, 11800.00, 11800.00, 11800.00, 11800.00, 'ACTIVO', 'NA', 9500.00, 9500.00, 0.00, 14, 15, '2022-08-20 16:21:00', '2022-08-20 16:21:00'),
(815, '3', 'CLO', '7', 'CLORHEXPET\'S 0.5%*250 ml        ', '03CLO07  ', '03CLO07  ', '03CLO07  ', 75, 71, 0.00, 0.00, 0.00, 0.00, 0.00, 0.00, 'NA', 0.00, 8, 0.00, 8800.00, 8800.00, 8800.00, 8800.00, 'ACTIVO', 'NA', 6800.00, 6800.00, 0.00, 14, 15, '2022-08-20 16:21:00', '2022-08-20 16:21:00'),
(816, '3', 'CLO', '8', 'CLORHEXIPET\'S 0.5%*LITRO        ', '03CLO08  ', '03CLO08  ', '03CLO08  ', 127, 71, 0.00, 0.00, 0.00, 0.00, 0.00, 0.00, 'NA', 0.00, 8, 0.00, 23600.00, 23600.00, 23600.00, 23600.00, 'ACTIVO', 'NA', 16700.00, 16700.00, 1.00, 14, 15, '2022-08-20 16:21:00', '2022-08-20 16:21:00'),
(817, '3', 'CLO', '9', 'CLORHEXIPET\'S 2% * 4 LTS        ', '03CLO09  ', '03CLO09  ', '03CLO09  ', 8, 74, 0.00, 0.00, 0.00, 0.00, 0.00, 0.00, 'NA', 0.00, 8, 0.00, 78000.00, 78000.00, 78000.00, 78000.00, 'ACTIVO', 'NA', 58500.00, 58500.00, 0.00, 14, 15, '2022-08-20 16:21:00', '2022-08-20 16:21:00'),
(818, '3', 'CLO', '10', 'CLORHEXIPET\'S 0.5%*4 LTS        ', '03CLO10  ', '03CLO10  ', '03CLO10  ', 8, 74, 0.00, 0.00, 0.00, 0.00, 0.00, 0.00, 'NA', 0.00, 8, 0.00, 70000.00, 70000.00, 70000.00, 70000.00, 'ACTIVO', 'NA', 50000.00, 50000.00, 0.00, 14, 15, '2022-08-20 16:21:00', '2022-08-20 16:21:00'),
(819, '3', 'COL', '1', 'COLONIA PUPPY              ', '03COL01  ', '03COL01  ', '03COL01  ', 8, 74, 0.00, 0.00, 0.00, 0.19, 0.00, 0.00, 'NA', 0.00, 8, 0.00, 9500.00, 9500.00, 9500.00, 9500.00, 'ACTIVO', 'NA', 5462.00, 5462.00, 2.00, 14, 15, '2022-08-20 16:21:00', '2022-08-20 16:21:00'),
(820, '3', 'COL', '2', 'COLONIA ELLOS             ', '03COL02  ', '03COL02  ', '03COL02  ', 8, 74, 0.00, 0.00, 0.00, 0.19, 0.00, 0.00, 'NA', 0.00, 8, 0.00, 9500.00, 9500.00, 9500.00, 9500.00, 'ACTIVO', 'NA', 5461.00, 5461.00, 2.00, 14, 15, '2022-08-20 16:21:00', '2022-08-20 16:21:00'),
(821, '3', 'COL', '3', 'COLONIA ELLAS             ', '03COL03  ', '03COL03  ', '03COL03  ', 13, 74, 0.00, 0.00, 0.00, 0.19, 0.00, 0.00, 'NA', 0.00, 8, 0.00, 9500.00, 9500.00, 9500.00, 9500.00, 'ACTIVO', 'NA', 5462.00, 5462.00, 0.00, 14, 15, '2022-08-20 16:21:00', '2022-08-20 16:21:00'),
(822, '3', 'COM', '1', 'COMPLEJO B*100             ', '03COM01  ', '03COM01  ', '03COM01  ', 32, 39, 0.00, 0.00, 0.00, 0.00, 0.00, 0.00, 'NA', 0.00, 8, 0.00, 18200.00, 18200.00, 18200.00, 18200.00, 'ACTIVO', 'NA', 12238.00, 12245.00, 0.00, 14, 15, '2022-08-20 16:21:00', '2022-08-20 16:21:00'),
(823, '3', 'COM', '2', 'COMPLEJO B*50ML             ', '03COM02  ', '03COM02  ', '03COM02  ', 98, 39, 0.00, 0.00, 0.00, 0.00, 0.00, 0.00, 'NA', 0.00, 8, 0.00, 10700.00, 10700.00, 10700.00, 10700.00, 'ACTIVO', 'NA', 1677.00, 1688.00, 0.00, 14, 15, '2022-08-20 16:21:00', '2022-08-20 16:21:00'),
(824, '3', 'COM', '4', 'COMPLEJO B*250 ML            ', '03COM04  ', '03COM04  ', '03COM04  ', 75, 39, 0.00, 0.00, 0.00, 0.00, 0.00, 0.00, 'NA', 0.00, 8, 0.00, 37500.00, 37500.00, 37500.00, 37500.00, 'ACTIVO', 'NA', 20196.00, 20394.00, 0.00, 14, 15, '2022-08-20 16:21:00', '2022-08-20 16:21:00'),
(825, '3', 'COM', '8', 'COMPLEJO B* 500 ML           ', '03COM08  ', '03COM08  ', '03COM08  ', 102, 39, 0.00, 0.00, 0.00, 0.00, 0.00, 0.00, 'NA', 0.00, 8, 0.00, 39000.00, 39000.00, 39000.00, 39000.00, 'ACTIVO', 'NA', 32283.00, 32283.00, 0.00, 14, 15, '2022-08-20 16:21:00', '2022-08-20 16:21:00'),
(826, '3', 'COX', '1', 'COXIPROL *25 GRS            ', '03COX01  ', '03COX01  ', '03COX01  ', 72, 71, 0.00, 0.00, 0.00, 0.00, 0.00, 0.00, 'NA', 0.00, 8, 0.00, 3400.00, 3400.00, 3400.00, 3400.00, 'ACTIVO', 'NA', 2810.00, 2800.00, 0.00, 14, 15, '2022-08-20 16:21:00', '2022-08-20 16:21:00'),
(827, '3', 'CRE', '1', 'CREOLINA *GALON.            ', '03CRE01  ', '03CRE01  ', '03CRE01  ', 120, 71, 0.00, 0.00, 0.00, 0.00, 0.00, 0.00, 'NA', 0.00, 8, 0.00, 34000.00, 34000.00, 34000.00, 34000.00, 'ACTIVO', 'NA', 26700.00, 26700.00, 2.00, 14, 15, '2022-08-20 16:21:00', '2022-08-20 16:21:00'),
(828, '3', 'CRE', '2', 'CREOLINA *500CC.            ', '03CRE02  ', '03CRE02  ', '03CRE02  ', 103, 71, 0.00, 0.00, 0.00, 0.00, 0.00, 0.00, 'NA', 0.00, 8, 0.00, 6000.00, 6000.00, 6000.00, 6000.00, 'ACTIVO', 'NA', 4300.00, 4300.00, 1.00, 14, 15, '2022-08-20 16:21:00', '2022-08-20 16:21:00'),
(829, '3', 'CRE', '3', 'CREOLINA *240 CC.            ', '03CRE03  ', '03CRE03  ', '03CRE03  ', 76, 71, 0.00, 0.00, 0.00, 0.00, 0.00, 0.00, 'NA', 0.00, 8, 0.00, 4500.00, 4500.00, 4500.00, 4500.00, 'ACTIVO', 'NA', 2850.00, 2850.00, 4.00, 14, 15, '2022-08-20 16:21:00', '2022-08-20 16:21:00'),
(830, '3', 'CRE', '4', 'CREOLINA *120CC.            ', '03CRE04  ', '03CRE04  ', '03CRE04  ', 44, 71, 0.00, 0.00, 0.00, 0.00, 0.00, 0.00, 'NA', 0.00, 8, 0.00, 2600.00, 2600.00, 2600.00, 2600.00, 'ACTIVO', 'NA', 2200.00, 2200.00, 9.00, 14, 15, '2022-08-20 16:21:00', '2022-08-20 16:21:00'),
(831, '3', 'CRE', '5', 'CREOLINA *60 ML.            ', '03CRE05  ', '03CRE05  ', '03CRE05  ', 114, 71, 0.00, 0.00, 0.00, 0.00, 0.00, 0.00, 'NA', 0.00, 8, 0.00, 2400.00, 2400.00, 2400.00, 2400.00, 'ACTIVO', 'NA', 1650.00, 1650.00, 6.00, 14, 15, '2022-08-20 16:21:00', '2022-08-20 16:21:00'),
(832, '3', 'CRE', '6', 'CREOLINA *LITRO.            ', '03CRE06  ', '03CRE06  ', '03CRE06  ', 38, 71, 0.00, 0.00, 0.00, 0.00, 0.00, 0.00, 'NA', 0.00, 8, 0.00, 10350.00, 10350.00, 10350.00, 10350.00, 'ACTIVO', 'NA', 8350.00, 8350.00, 6.00, 14, 15, '2022-08-20 16:21:00', '2022-08-20 16:21:00'),
(833, '3', 'CRE', 'S07', 'CRESOFARM * 20 LTS           ', '03CRES07 ', '03CRES07 ', '03CRES07 ', 53, 71, 0.00, 0.00, 0.00, 0.00, 0.00, 0.00, 'NA', 0.00, 8, 0.00, 185000.00, 185000.00, 185000.00, 185000.00, 'ACTIVO', 'NA', 122400.00, 122400.00, 0.00, 14, 15, '2022-08-20 16:21:00', '2022-08-20 16:21:00'),
(834, '3', 'CUR', '1', 'CURAVET*120 ML             ', '03CUR01  ', '03CUR01  ', '03CUR01  ', 45, 64, 0.00, 0.00, 0.00, 0.00, 0.00, 0.00, 'NA', 0.00, 8, 0.00, 5000.00, 5000.00, 5000.00, 5000.00, 'ACTIVO', 'NA', 2700.00, 2700.00, 0.00, 14, 15, '2022-08-20 16:21:00', '2022-08-20 16:21:00'),
(835, '3', 'DER', '1', 'DERRIVON* KILO             ', '03DER01  ', '03DER01  ', '03DER01  ', 124, 39, 0.00, 0.00, 0.00, 0.00, 0.00, 0.00, 'NA', 0.00, 8, 0.00, 64500.00, 64500.00, 64500.00, 64500.00, 'ACTIVO', 'NA', 55873.00, 56960.00, 6.00, 14, 15, '2022-08-20 16:21:00', '2022-08-20 16:21:00'),
(836, '3', 'DER', '2', 'DERRIVON* 250GR             ', '03DER02  ', '03DER02  ', '03DER02  ', 77, 39, 0.00, 0.00, 0.00, 0.00, 0.00, 0.00, 'NA', 0.00, 8, 0.00, 23500.00, 23500.00, 23500.00, 23500.00, 'ACTIVO', 'NA', 24353.00, 24353.00, 0.00, 14, 15, '2022-08-20 16:21:00', '2022-08-20 16:21:00'),
(837, '3', 'DER', '3', 'DERMAVET JABON             ', '03DER03  ', '03DER03  ', '03DER03  ', 8, 71, 0.00, 0.00, 0.00, 0.00, 0.00, 0.00, 'NA', 0.00, 8, 0.00, 4000.00, 4000.00, 4000.00, 4000.00, 'ACTIVO', 'NA', 2500.00, 2500.00, 4.00, 14, 15, '2022-08-20 16:21:00', '2022-08-20 16:21:00'),
(838, '3', 'DER', '4', 'DERRIVON*15 GRS             ', '03DER04  ', '03DER04  ', '03DER04  ', 8, 39, 0.00, 0.00, 0.00, 0.00, 0.00, 0.00, 'NA', 0.00, 8, 0.00, 2500.00, 2500.00, 2500.00, 2500.00, 'ACTIVO', 'NA', 2100.00, 2100.00, 18.00, 14, 15, '2022-08-20 16:21:00', '2022-08-20 16:21:00'),
(839, '3', 'DER', '5', 'CREMA DERMEK *35GRS           ', '03DER05  ', '03DER05  ', '03DER05  ', 8, 74, 0.00, 0.00, 0.00, 0.00, 0.00, 0.00, 'NA', 0.00, 8, 0.00, 10500.00, 10500.00, 10500.00, 10500.00, 'ACTIVO', 'NA', 7000.00, 7000.00, 8.00, 14, 15, '2022-08-20 16:21:00', '2022-08-20 16:21:00'),
(840, '3', 'DEX', '1', 'DEXAFLASH DEXAMETASONA*10 ML      ', '03DEX01  ', '03DEX01  ', '03DEX01  ', 25, 71, 0.00, 0.00, 0.00, 0.00, 0.00, 0.00, 'NA', 0.00, 8, 0.00, 8500.00, 8500.00, 8500.00, 8500.00, 'ACTIVO', 'NA', 6042.00, 6042.00, 27.00, 14, 15, '2022-08-20 16:21:00', '2022-08-20 16:21:00'),
(841, '3', 'DEX', '2', 'DEXAFLASH DEXAMETASONA*20 ML      ', '03DEX02  ', '03DEX02  ', '03DEX02  ', 21, 71, 0.00, 0.00, 0.00, 0.00, 0.00, 0.00, 'NA', 0.00, 8, 0.00, 14000.00, 14000.00, 14000.00, 14000.00, 'ACTIVO', 'NA', 13236.00, 13200.00, 9.00, 14, 15, '2022-08-20 16:21:00', '2022-08-20 16:21:00'),
(842, '3', 'DEX', '3', 'DEXAFLASH DEXAMETASONA*50 ML      ', '03DEX03  ', '03DEX03  ', '03DEX03  ', 98, 71, 0.00, 0.00, 0.00, 0.00, 0.00, 0.00, 'NA', 0.00, 8, 0.00, 22000.00, 22000.00, 22000.00, 22000.00, 'ACTIVO', 'NA', 17500.00, 17500.00, 35.00, 14, 15, '2022-08-20 16:21:00', '2022-08-20 16:21:00'),
(843, '3', 'DIU', '1', 'DIUREYECK INYECTABLE*20 ML       ', '03DIU01  ', '03DIU01  ', '03DIU01  ', 21, 74, 0.00, 0.00, 0.00, 0.00, 0.00, 0.00, 'NA', 0.00, 8, 0.00, 12000.00, 12000.00, 12000.00, 12000.00, 'ACTIVO', 'NA', 10000.00, 10000.00, 0.00, 14, 15, '2022-08-20 16:21:00', '2022-08-20 16:21:00'),
(844, '3', 'DOX', '2', 'DOXATIL 303*250 GRS           ', '03DOX02  ', '03DOX02  ', '03DOX02  ', 74, 71, 0.00, 0.00, 0.00, 0.00, 0.00, 0.00, 'NA', 0.00, 8, 0.00, 39500.00, 39500.00, 39500.00, 39500.00, 'ACTIVO', 'NA', 38100.00, 38100.00, 31.00, 14, 15, '2022-08-20 16:21:00', '2022-08-20 16:21:00'),
(845, '3', 'ELE', '1', 'ELECTROLITOS * 500 GRS         ', '03ELE01  ', '03ELE01  ', '03ELE01  ', 104, 71, 0.00, 0.00, 0.00, 0.00, 0.00, 0.00, 'NA', 0.00, 8, 0.00, 10000.00, 10000.00, 10000.00, 10000.00, 'ACTIVO', 'NA', 8000.00, 8000.00, 0.00, 14, 15, '2022-08-20 16:21:00', '2022-08-20 16:21:00'),
(846, '3', 'ENR', '5', 'ENROFARM 20*10 ML           ', '03ENR05  ', '03ENR05  ', '03ENR05  ', 25, 71, 0.00, 0.00, 0.00, 0.00, 0.00, 0.00, 'NA', 0.00, 8, 0.00, 3700.00, 3700.00, 3700.00, 3700.00, 'ACTIVO', 'NA', 2800.00, 2800.00, 257.00, 14, 15, '2022-08-20 16:21:00', '2022-08-20 16:21:00'),
(847, '3', 'ENR', '6', 'ENROFARM 10*10 ML           ', '03ENR06  ', '03ENR06  ', '03ENR06  ', 25, 71, 0.00, 0.00, 0.00, 0.00, 0.00, 0.00, 'NA', 0.00, 8, 0.00, 3100.00, 3100.00, 3100.00, 3100.00, 'ACTIVO', 'NA', 2400.00, 2400.00, 0.00, 14, 15, '2022-08-20 16:21:00', '2022-08-20 16:21:00'),
(848, '3', 'ENR', '7', 'ENROFARM 10%*250 ML           ', '03ENR07  ', '03ENR07  ', '03ENR07  ', 75, 71, 0.00, 0.00, 0.00, 0.00, 0.00, 0.00, 'NA', 0.00, 8, 0.00, 14000.00, 14000.00, 14000.00, 14000.00, 'ACTIVO', 'NA', 9269.00, 9300.00, 3.00, 14, 15, '2022-08-20 16:21:00', '2022-08-20 16:21:00'),
(849, '3', 'ENR', '8', 'ENROFARM 10* LITRO           ', '03ENR08  ', '03ENR08  ', '03ENR08  ', 36, 71, 0.00, 0.00, 0.00, 0.00, 0.00, 0.00, 'NA', 0.00, 8, 0.00, 33200.00, 33200.00, 33200.00, 33200.00, 'ACTIVO', 'NA', 24500.00, 24500.00, 2.00, 14, 15, '2022-08-20 16:21:00', '2022-08-20 16:21:00'),
(850, '3', 'ENR', '9', 'ENROFARM 20*250 ML           ', '03ENR09  ', '03ENR09  ', '03ENR09  ', 75, 71, 0.00, 0.00, 0.00, 0.00, 0.00, 0.00, 'NA', 0.00, 8, 0.00, 20000.00, 20000.00, 20000.00, 20000.00, 'ACTIVO', 'NA', 13000.00, 13000.00, 1.00, 14, 15, '2022-08-20 16:21:00', '2022-08-20 16:21:00'),
(851, '3', 'ENR', '10', 'ENROFARM 20 * LITRO           ', '03ENR10  ', '03ENR10  ', '03ENR10  ', 36, 71, 0.00, 0.00, 0.00, 0.00, 0.00, 0.00, 'NA', 0.00, 8, 0.00, 59000.00, 59000.00, 59000.00, 59000.00, 'ACTIVO', 'NA', 48000.00, 48000.00, 1.00, 14, 15, '2022-08-20 16:21:00', '2022-08-20 16:21:00'),
(852, '3', 'ENT', '1', 'ENTERODIAR*10 GRS            ', '03ENT01  ', '03ENT01  ', '03ENT01  ', 8, 74, 0.00, 0.00, 0.00, 0.00, 0.00, 0.00, 'NA', 0.00, 8, 0.00, 2800.00, 2800.00, 2800.00, 2800.00, 'ACTIVO', 'NA', 1700.00, 1700.00, 0.00, 14, 15, '2022-08-20 16:21:00', '2022-08-20 16:21:00'),
(853, '3', 'ESP', '1', 'ESPECIFICO* LITRO            ', '03ESP01  ', '03ESP01  ', '03ESP01  ', 36, 71, 0.00, 0.00, 0.00, 0.00, 0.00, 0.00, 'NA', 0.00, 8, 0.00, 23500.00, 23500.00, 23500.00, 23500.00, 'ACTIVO', 'NA', 13000.00, 13000.00, 9.00, 14, 15, '2022-08-20 16:21:00', '2022-08-20 16:21:00'),
(854, '3', 'ESP', '2', 'ESPECIFICO * 120 ML          ', '03ESP02  ', '03ESP02  ', '03ESP02  ', 45, 71, 0.00, 0.00, 0.00, 0.00, 0.00, 0.00, 'NA', 0.00, 8, 0.00, 3700.00, 3700.00, 3700.00, 3700.00, 'ACTIVO', 'NA', 2700.00, 2700.00, 0.00, 14, 15, '2022-08-20 16:21:00', '2022-08-20 16:21:00'),
(855, '3', 'ESP', '3', 'ESPECIFICO * 250 ML           ', '03ESP03  ', '03ESP03  ', '03ESP03  ', 75, 71, 0.00, 0.00, 0.00, 0.00, 0.00, 0.00, 'NA', 0.00, 8, 0.00, 5400.00, 5400.00, 5400.00, 5400.00, 'ACTIVO', 'NA', 4000.00, 4000.00, 0.00, 14, 15, '2022-08-20 16:21:00', '2022-08-20 16:21:00'),
(856, '3', 'ESP', '4', 'ESPECIFICO* 4 LITROS          ', '03ESP04  ', '03ESP04  ', '03ESP04  ', 93, 71, 0.00, 0.00, 0.00, 0.00, 0.00, 0.00, 'NA', 0.00, 8, 0.00, 54000.00, 54000.00, 54000.00, 54000.00, 'ACTIVO', 'NA', 38999.00, 39000.00, 2.00, 14, 15, '2022-08-20 16:21:00', '2022-08-20 16:21:00'),
(857, '3', 'ESP', '5', 'ESPECIFICO* 60 ML            ', '03ESP05  ', '03ESP05  ', '03ESP05  ', 114, 71, 0.00, 0.00, 0.00, 0.00, 0.00, 0.00, 'NA', 0.00, 8, 0.00, 2700.00, 2700.00, 2700.00, 2700.00, 'ACTIVO', 'NA', 2150.00, 2150.00, 0.00, 14, 15, '2022-08-20 16:21:00', '2022-08-20 16:21:00'),
(858, '3', 'ESP', '7', 'ESPIRIGROZ 60 * 50 ML          ', '03ESP07  ', '03ESP07  ', '03ESP07  ', 98, 39, 0.00, 0.00, 0.00, 0.00, 0.00, 0.00, 'NA', 0.00, 8, 0.00, 28000.00, 28000.00, 28000.00, 28000.00, 'ACTIVO', 'NA', 22776.00, 22776.00, 0.00, 14, 15, '2022-08-20 16:21:00', '2022-08-20 16:21:00'),
(859, '3', 'ESP', '8', 'ESPECIFICO* 500 ML           ', '03ESP08  ', '03ESP08  ', '03ESP08  ', 102, 71, 0.00, 0.00, 0.00, 0.00, 0.00, 0.00, 'NA', 0.00, 8, 0.00, 9100.00, 9100.00, 9100.00, 9100.00, 'ACTIVO', 'NA', 6800.00, 6800.00, 0.00, 14, 15, '2022-08-20 16:21:00', '2022-08-20 16:21:00'),
(860, '3', 'FAR', '2', 'FARMECTIN 1.10%*LITRO          ', '03FAR02  ', '03FAR02  ', '03FAR02  ', 36, 71, 0.00, 0.00, 0.00, 0.00, 0.00, 0.00, 'NA', 0.00, 8, 0.00, 105000.00, 105000.00, 105000.00, 105000.00, 'ACTIVO', 'NA', 59900.00, 59900.00, 0.00, 14, 15, '2022-08-20 16:21:00', '2022-08-20 16:21:00'),
(861, '3', 'FEN', '1', 'FENBENDAZOL 15%*500 ML         ', '03FEN01  ', '03FEN01  ', '03FEN01  ', 8, 74, 0.00, 0.00, 0.00, 0.00, 0.00, 0.00, 'NA', 0.00, 8, 0.00, 26000.00, 26000.00, 26000.00, 26000.00, 'ACTIVO', 'NA', 20000.00, 20000.00, 0.00, 14, 15, '2022-08-20 16:21:00', '2022-08-20 16:21:00'),
(862, '3', 'FEN', '2', 'FENBENDAZOLE 15%*2000 ML        ', '03FEN02  ', '03FEN02  ', '03FEN02  ', 17, 54, 0.00, 0.00, 0.00, 0.00, 0.00, 0.00, 'NA', 0.00, 8, 0.00, 78000.00, 78000.00, 78000.00, 78000.00, 'ACTIVO', 'NA', 53000.00, 53000.00, 0.00, 14, 15, '2022-08-20 16:21:00', '2022-08-20 16:21:00'),
(863, '3', 'FER', '1', 'FERROYA B 12*20 ML           ', '03FER01  ', '03FER01  ', '03FER01  ', 13, 71, 0.00, 0.00, 0.00, 0.00, 0.00, 0.00, 'NA', 0.00, 8, 0.00, 10000.00, 10000.00, 10000.00, 10000.00, 'ACTIVO', 'NA', 8153.00, 8200.00, 20.00, 14, 15, '2022-08-20 16:21:00', '2022-08-20 16:21:00'),
(864, '3', 'FER', '2', 'FERROYA B12*50 ML           ', '03FER02  ', '03FER02  ', '03FER02  ', 98, 71, 0.00, 0.00, 0.00, 0.00, 0.00, 0.00, 'NA', 0.00, 8, 0.00, 15000.00, 15000.00, 15000.00, 15000.00, 'ACTIVO', 'NA', 10986.00, 11000.00, 22.00, 14, 15, '2022-08-20 16:21:00', '2022-08-20 16:21:00'),
(865, '3', 'FER', '3', 'FERROYA B12*100 ML           ', '03FER03  ', '03FER03  ', '03FER03  ', 8, 74, 0.00, 0.00, 0.00, 0.00, 0.00, 0.00, 'NA', 0.00, 8, 0.00, 20000.00, 20000.00, 20000.00, 20000.00, 'ACTIVO', 'NA', 14200.00, 14200.00, 3.00, 14, 15, '2022-08-20 16:21:00', '2022-08-20 16:21:00'),
(866, '3', 'FLU', '1', 'FLUVIGROZ NF*20 ML           ', '03FLU01  ', '03FLU01  ', '03FLU01  ', 8, 39, 0.00, 0.00, 0.00, 0.00, 0.00, 0.00, 'NA', 0.00, 8, 0.00, 18200.00, 18200.00, 18200.00, 18200.00, 'ACTIVO', 'NA', 14565.00, 11386.00, 15.00, 14, 15, '2022-08-20 16:21:00', '2022-08-20 16:21:00'),
(867, '3', 'FLU', '2', 'FLUVIGROZ NF FCO x 30ML.        ', '03FLU02  ', '03FLU02  ', '03FLU02  ', 8, 39, 0.00, 0.00, 0.00, 0.00, 0.00, 0.00, 'NA', 0.00, 8, 0.00, 21400.00, 21400.00, 21400.00, 21400.00, 'ACTIVO', 'NA', 15212.00, 13316.00, 0.00, 14, 15, '2022-08-20 16:21:00', '2022-08-20 16:21:00'),
(868, '3', 'FLU', '3', 'FLUNIXIN MEGLUMINA 1%*20 ML       ', '03FLU03  ', '03FLU03  ', '03FLU03  ', 21, 39, 0.00, 0.00, 0.00, 0.00, 0.00, 0.00, 'NA', 0.00, 8, 0.00, 9600.00, 9600.00, 9600.00, 9600.00, 'ACTIVO', 'NA', 9197.00, 9197.00, 0.00, 14, 15, '2022-08-20 16:21:00', '2022-08-20 16:21:00'),
(869, '3', 'FLU', '6', 'FLUNIXIN MEGLUMINA 1%*50 ML       ', '03FLU06  ', '03FLU06  ', '03FLU06  ', 98, 39, 0.00, 0.00, 0.00, 0.00, 0.00, 0.00, 'NA', 0.00, 8, 0.00, 21000.00, 21000.00, 21000.00, 21000.00, 'ACTIVO', 'NA', 14368.00, 14037.00, 0.00, 14, 15, '2022-08-20 16:21:00', '2022-08-20 16:21:00'),
(870, '3', 'FLU', '7', 'FLUNIXIN MEGLUMINA 1% * 100 ML     ', '03FLU07  ', '03FLU07  ', '03FLU07  ', 32, 39, 0.00, 0.00, 0.00, 0.00, 0.00, 0.00, 'NA', 0.00, 8, 0.00, 39600.00, 39600.00, 39600.00, 39600.00, 'ACTIVO', 'NA', 23292.00, 23292.00, 0.00, 14, 15, '2022-08-20 16:21:00', '2022-08-20 16:21:00'),
(871, '3', 'FOR', '1', 'FORTAVES E * 20 GRS           ', '03FOR01  ', '03FOR01  ', '03FOR01  ', 57, 71, 0.00, 0.00, 0.00, 0.00, 0.00, 0.00, 'NA', 0.00, 8, 0.00, 3700.00, 3700.00, 3700.00, 3700.00, 'ACTIVO', 'NA', 3094.00, 3100.00, 102.00, 14, 15, '2022-08-20 16:21:00', '2022-08-20 16:21:00'),
(872, '3', 'FOR', '2', 'FORTAVES E*100 GRS           ', '03FOR02  ', '03FOR02  ', '03FOR02  ', 31, 71, 0.00, 0.00, 0.00, 0.00, 0.00, 0.00, 'NA', 0.00, 8, 0.00, 18200.00, 18200.00, 18200.00, 18200.00, 'ACTIVO', 'NA', 11537.00, 12000.00, 11.00, 14, 15, '2022-08-20 16:21:00', '2022-08-20 16:21:00'),
(873, '3', 'FOR', '3', 'FORTAVES L.M.*100 GRS          ', '03FOR03  ', '03FOR03  ', '03FOR03  ', 31, 71, 0.00, 0.00, 0.00, 0.00, 0.00, 0.00, 'NA', 0.00, 8, 0.00, 20000.00, 20000.00, 20000.00, 20000.00, 'ACTIVO', 'NA', 15000.00, 15000.00, 4.00, 14, 15, '2022-08-20 16:21:00', '2022-08-20 16:21:00'),
(874, '3', 'FOR', '4', 'FORTAVES L.M.*20 GRS          ', '03FOR04  ', '03FOR04  ', '03FOR04  ', 57, 71, 0.00, 0.00, 0.00, 0.00, 0.00, 0.00, 'NA', 0.00, 8, 0.00, 5400.00, 5400.00, 5400.00, 5400.00, 'ACTIVO', 'NA', 4000.00, 4000.00, 33.00, 14, 15, '2022-08-20 16:21:00', '2022-08-20 16:21:00'),
(875, '3', 'FOS', '2', 'FOSFOMIX 25* 250 GRS          ', '03FOS02  ', '03FOS02  ', '03FOS02  ', 74, 71, 0.00, 0.00, 0.00, 0.00, 0.00, 0.00, 'NA', 0.00, 8, 0.00, 35300.00, 35300.00, 35300.00, 35300.00, 'ACTIVO', 'NA', 28000.00, 28000.00, 0.00, 14, 15, '2022-08-20 16:21:00', '2022-08-20 16:21:00'),
(876, '3', 'FUL', '1', 'FULLMIRAT*50 GRS            ', '03FUL01  ', '03FUL01  ', '03FUL01  ', 107, 71, 0.00, 0.00, 0.00, 0.00, 0.00, 0.00, 'NA', 0.00, 8, 0.00, 5400.00, 5400.00, 5400.00, 5400.00, 'ACTIVO', 'NA', 4838.00, 4846.00, 283.00, 14, 15, '2022-08-20 16:21:00', '2022-08-20 16:21:00'),
(877, '3', 'FUL', '2', 'FULLMIRAT* KILO             ', '03FUL02  ', '03FUL02  ', '03FUL02  ', 125, 71, 0.00, 0.00, 0.00, 0.00, 0.00, 0.00, 'NA', 0.00, 8, 0.00, 77600.00, 77600.00, 77600.00, 77600.00, 'ACTIVO', 'NA', 55000.00, 55000.00, 0.00, 14, 15, '2022-08-20 16:21:00', '2022-08-20 16:21:00'),
(878, '3', 'GAL', '1', 'GALLEX SOBRE *30 GRS*25         ', '03GAL01  ', '03GAL01  ', '03GAL01  ', 131, 71, 0.00, 0.00, 0.00, 0.00, 0.00, 0.00, 'NA', 0.00, 8, 0.00, 2120.00, 2120.00, 2120.00, 2120.00, 'ACTIVO', 'NA', 1200.00, 1200.00, 0.00, 14, 15, '2022-08-20 16:21:00', '2022-08-20 16:21:00'),
(879, '3', 'GAL', '3', 'GALLICIN * 100 TABLETAS        ', '03GAL03  ', '03GAL03  ', '03GAL03  ', 12, 71, 0.00, 0.00, 0.00, 0.00, 0.00, 0.00, 'NA', 0.00, 8, 0.00, 13000.00, 13000.00, 13000.00, 13000.00, 'ACTIVO', 'NA', 8850.00, 8850.00, 0.00, 14, 15, '2022-08-20 16:21:00', '2022-08-20 16:21:00'),
(880, '3', 'GAL', '4', 'GALLICIN * 500 TABLETAS         ', '03GAL04  ', '03GAL04  ', '03GAL04  ', 8, 71, 0.00, 0.00, 0.00, 0.00, 0.00, 0.00, 'NA', 0.00, 8, 0.00, 45000.00, 45000.00, 45000.00, 45000.00, 'ACTIVO', 'NA', 32200.00, 32200.00, 0.00, 14, 15, '2022-08-20 16:21:00', '2022-08-20 16:21:00'),
(881, '3', 'GAL', '5', 'GALLICIN * SOBRE            ', '03GAL05  ', '03GAL05  ', '03GAL05  ', 83, 71, 0.00, 0.00, 0.00, 0.00, 0.00, 0.00, 'NA', 0.00, 8, 0.00, 1000.00, 1000.00, 1000.00, 1000.00, 'ACTIVO', 'NA', 624.00, 624.00, 0.00, 14, 15, '2022-08-20 16:21:00', '2022-08-20 16:21:00'),
(882, '3', 'GAL', '6', 'GALLICIN *1000 TABLETAS         ', '03GAL06  ', '03GAL06  ', '03GAL06  ', 37, 71, 0.00, 0.00, 0.00, 0.00, 0.00, 0.00, 'NA', 0.00, 8, 0.00, 71000.00, 71000.00, 71000.00, 71000.00, 'ACTIVO', 'NA', 55000.00, 55000.00, 0.00, 14, 15, '2022-08-20 16:21:00', '2022-08-20 16:21:00'),
(883, '3', 'GAN', '3', 'GANALGINA DIPIRONA*20 ML        ', '03GAN03  ', '03GAN03  ', '03GAN03  ', 21, 71, 0.00, 0.00, 0.00, 0.00, 0.00, 0.00, 'NA', 0.00, 8, 0.00, 7500.00, 7500.00, 7500.00, 7500.00, 'ACTIVO', 'NA', 6099.00, 6100.00, 35.00, 14, 15, '2022-08-20 16:21:00', '2022-08-20 16:21:00'),
(884, '3', 'GAN', '4', 'GANALGINA DIPIRONA*50 ML        ', '03GAN04  ', '03GAN04  ', '03GAN04  ', 98, 71, 0.00, 0.00, 0.00, 0.00, 0.00, 0.00, 'NA', 0.00, 8, 0.00, 12000.00, 12000.00, 12000.00, 12000.00, 'ACTIVO', 'NA', 9850.00, 9850.00, 32.00, 14, 15, '2022-08-20 16:21:00', '2022-08-20 16:21:00'),
(885, '3', 'GEN', '1', 'GENTAFARM 100 * 50 ML          ', '03GEN01  ', '03GEN01  ', '03GEN01  ', 98, 71, 0.00, 0.00, 0.00, 0.00, 0.00, 0.00, 'NA', 0.00, 8, 0.00, 21500.00, 21500.00, 21500.00, 21500.00, 'ACTIVO', 'NA', 17492.00, 17700.00, 3.00, 14, 15, '2022-08-20 16:21:00', '2022-08-20 16:21:00'),
(886, '3', 'GEN', '2', 'GENCIANA *120 ML            ', '03GEN02  ', '03GEN02  ', '03GEN02  ', 45, 74, 0.00, 0.00, 0.00, 0.00, 0.00, 0.00, 'NA', 0.00, 8, 0.00, 5300.00, 5300.00, 5300.00, 5300.00, 'ACTIVO', 'NA', 3500.00, 3500.00, 0.00, 14, 15, '2022-08-20 16:21:00', '2022-08-20 16:21:00'),
(887, '3', 'GLU', '1', 'GLUCONATO DE CALCIO* 100 ML       ', '03GLU01  ', '03GLU01  ', '03GLU01  ', 32, 71, 0.00, 0.00, 0.00, 0.00, 0.00, 0.00, 'NA', 0.00, 8, 0.00, 5500.00, 5500.00, 5500.00, 5500.00, 'ACTIVO', 'NA', 3485.00, 3507.00, 0.00, 14, 15, '2022-08-20 16:21:00', '2022-08-20 16:21:00'),
(888, '3', 'GLU', '2', 'GLUCONATO DE CALCIO *500 ML       ', '03GLU02  ', '03GLU02  ', '03GLU02  ', 102, 71, 0.00, 0.00, 0.00, 0.00, 0.00, 0.00, 'NA', 0.00, 8, 0.00, 14500.00, 14500.00, 14500.00, 14500.00, 'ACTIVO', 'NA', 13000.00, 13000.00, 0.00, 14, 15, '2022-08-20 16:21:00', '2022-08-20 16:21:00'),
(889, '3', 'GLU', '3', 'GLUTARCLIN * 4 LTS           ', '03GLU03  ', '03GLU03  ', '03GLU03  ', 93, 71, 0.00, 0.00, 0.00, 0.00, 0.00, 0.00, 'NA', 0.00, 8, 0.00, 70000.00, 70000.00, 70000.00, 70000.00, 'ACTIVO', 'NA', 50000.00, 50000.00, 0.00, 14, 15, '2022-08-20 16:21:00', '2022-08-20 16:21:00'),
(890, '3', 'GLU', '4', 'GLUCOSAMINA+CONDROITINA TABLETAS    ', '03GLU04  ', '03GLU04  ', '03GLU04  ', 8, 74, 0.00, 0.00, 0.00, 0.00, 0.00, 0.00, 'NA', 0.00, 8, 0.00, 1150.00, 1150.00, 1150.00, 1150.00, 'ACTIVO', 'NA', 800.00, 800.00, 0.00, 14, 15, '2022-08-20 16:21:00', '2022-08-20 16:21:00'),
(891, '3', 'GUA', '1', 'GUANTES CIRUGIA             ', '03GUA01  ', '03GUA01  ', '03GUA01  ', 8, 74, 0.00, 0.00, 0.00, 0.00, 0.00, 0.00, 'NA', 0.00, 8, 0.00, 23530.00, 23530.00, 23530.00, 23530.00, 'ACTIVO', 'NA', 22348.00, 22348.00, 0.00, 14, 15, '2022-08-20 16:21:00', '2022-08-20 16:21:00'),
(892, '3', 'HAI', '1', 'HAIR SUPPLEMENT*120 ML         ', '03HAI01  ', '03HAI01  ', '03HAI01  ', 8, 74, 0.00, 0.00, 0.00, 0.00, 0.00, 0.00, 'NA', 0.00, 8, 0.00, 11000.00, 11000.00, 11000.00, 11000.00, 'ACTIVO', 'NA', 7150.00, 7150.00, 2.00, 14, 15, '2022-08-20 16:21:00', '2022-08-20 16:21:00'),
(893, '3', 'HEM', '1', 'HEMAGROZ B-12* 30 ML          ', '03HEM01  ', '03HEM01  ', '03HEM01  ', 8, 39, 0.00, 0.00, 0.00, 0.00, 0.00, 0.00, 'NA', 0.00, 8, 0.00, 11800.00, 11800.00, 11800.00, 11800.00, 'ACTIVO', 'NA', 18500.00, 13172.00, 0.00, 14, 15, '2022-08-20 16:21:00', '2022-08-20 16:21:00'),
(894, '3', 'HEM', '2', 'HEMAGROZ B-12*100 ML          ', '03HEM02  ', '03HEM02  ', '03HEM02  ', 24, 39, 0.00, 0.00, 0.00, 0.00, 0.00, 0.00, 'NA', 0.00, 8, 0.00, 21400.00, 21400.00, 21400.00, 21400.00, 'ACTIVO', 'NA', 25990.00, 26344.00, 0.00, 14, 15, '2022-08-20 16:21:00', '2022-08-20 16:21:00'),
(895, '3', 'HIS', '1', 'HISTAMINEX *100 ML           ', '03HIS01  ', '03HIS01  ', '03HIS01  ', 8, 74, 0.00, 0.00, 0.00, 0.00, 0.00, 0.00, 'NA', 0.00, 8, 0.00, 22000.00, 22000.00, 22000.00, 22000.00, 'ACTIVO', 'NA', 17685.00, 17685.00, 44.00, 14, 15, '2022-08-20 16:21:00', '2022-08-20 16:21:00'),
(896, '3', 'HIS', '2', 'HISTAMINEX*20 ML            ', '03HIS02  ', '03HIS02  ', '03HIS02  ', 8, 74, 0.00, 0.00, 0.00, 0.00, 0.00, 0.00, 'NA', 0.00, 8, 0.00, 11000.00, 11000.00, 11000.00, 11000.00, 'ACTIVO', 'NA', 6885.00, 6885.00, 6.00, 14, 15, '2022-08-20 16:21:00', '2022-08-20 16:21:00'),
(897, '3', 'INS', '1', 'INSTAVIT*100 ML             ', '03INS01  ', '03INS01  ', '03INS01  ', 8, 74, 0.00, 0.00, 0.00, 0.00, 0.00, 0.00, 'NA', 0.00, 8, 0.00, 33000.00, 33000.00, 33000.00, 33000.00, 'ACTIVO', 'NA', 20075.00, 19999.00, 43.00, 14, 15, '2022-08-20 16:21:00', '2022-08-20 16:21:00');
INSERT INTO `referencias` (`id`, `codigo_linea`, `codigo_letras`, `codigo_consecutivo`, `descripcion`, `codigo_barras`, `codigo_interno`, `codigo_alterno`, `id_presentacion`, `id_marca`, `factor_rendimiento`, `stok_minimo`, `stok_maximo`, `iva`, `impo_consumo`, `sobre_tasa`, `serie`, `descuento`, `id_clasificacion`, `peso`, `precio1`, `precio2`, `precio3`, `precio4`, `estado`, `hommologo`, `costo`, `costo_promedio`, `saldo`, `usuario_creador`, `id_empresa`, `created_at`, `updated_at`) VALUES
(898, '3', 'INS', '2', 'INSTAVIT*250 ML             ', '03INS02  ', '03INS02  ', '03INS02  ', 8, 74, 0.00, 0.00, 0.00, 0.00, 0.00, 0.00, 'NA', 0.00, 8, 0.00, 60000.00, 60000.00, 60000.00, 60000.00, 'ACTIVO', 'NA', 50000.00, 50000.00, 25.00, 14, 15, '2022-08-20 16:21:00', '2022-08-20 16:21:00'),
(899, '3', 'INS', '3', 'INSTAVIT*500 ML             ', '03INS03  ', '03INS03  ', '03INS03  ', 8, 74, 0.00, 0.00, 0.00, 0.00, 0.00, 0.00, 'NA', 0.00, 8, 0.00, 100000.00, 100000.00, 100000.00, 100000.00, 'ACTIVO', 'NA', 78603.00, 78300.00, 1.00, 14, 15, '2022-08-20 16:21:00', '2022-08-20 16:21:00'),
(900, '3', 'IOF', '1', 'IOFORCLIN* 4 LITROS           ', '03IOF01  ', '03IOF01  ', '03IOF01  ', 93, 71, 0.00, 0.00, 0.00, 0.00, 0.00, 0.00, 'NA', 0.00, 8, 0.00, 35000.00, 35000.00, 35000.00, 35000.00, 'ACTIVO', 'NA', 22000.00, 22000.00, 0.00, 14, 15, '2022-08-20 16:21:00', '2022-08-20 16:21:00'),
(901, '3', 'IOR', '1', 'IOROID * 100 ML             ', '03IOR01  ', '03IOR01  ', '03IOR01  ', 13, 74, 0.00, 0.00, 0.00, 0.00, 0.00, 0.00, 'NA', 0.00, 8, 0.00, 28000.00, 28000.00, 28000.00, 28000.00, 'ACTIVO', 'NA', 20583.00, 20587.00, 34.00, 14, 15, '2022-08-20 16:21:00', '2022-08-20 16:21:00'),
(902, '3', 'IVE', '1', 'IVERFIGA 3.15%*250           ', '03IVE01  ', '03IVE01  ', '03IVE01  ', 75, 71, 0.00, 0.00, 0.00, 0.00, 0.00, 0.00, 'NA', 0.00, 8, 0.00, 38000.00, 38000.00, 38000.00, 38000.00, 'ACTIVO', 'NA', 20453.00, 20500.00, 0.00, 14, 15, '2022-08-20 16:21:00', '2022-08-20 16:21:00'),
(903, '3', 'IVE', '2', 'IVERFIGA 3.15*500 ML          ', '03IVE02  ', '03IVE02  ', '03IVE02  ', 102, 71, 0.00, 0.00, 0.00, 0.00, 0.00, 0.00, 'NA', 0.00, 8, 0.00, 47000.00, 47000.00, 47000.00, 47000.00, 'ACTIVO', 'NA', 37700.00, 37700.00, 0.00, 14, 15, '2022-08-20 16:21:00', '2022-08-20 16:21:00'),
(904, '3', 'IVE', '4', 'IVERFIGA 3.15*50 ML           ', '03IVE04  ', '03IVE04  ', '03IVE04  ', 98, 71, 0.00, 0.00, 0.00, 0.00, 0.00, 0.00, 'NA', 0.00, 8, 0.00, 8000.00, 8000.00, 8000.00, 8000.00, 'ACTIVO', 'NA', 6400.00, 6400.00, 0.00, 14, 15, '2022-08-20 16:21:00', '2022-08-20 16:21:00'),
(905, '3', 'IVE', '6', 'IVERFIGA 3.15*100            ', '03IVE06  ', '03IVE06  ', '03IVE06  ', 32, 71, 0.00, 0.00, 0.00, 0.00, 0.00, 0.00, 'NA', 0.00, 8, 0.00, 15000.00, 15000.00, 15000.00, 15000.00, 'ACTIVO', 'NA', 11888.00, 11900.00, 0.00, 14, 15, '2022-08-20 16:21:00', '2022-08-20 16:21:00'),
(906, '3', 'IVE', '7', 'IVERFIGA 3,15*10 ML           ', '03IVE07  ', '03IVE07  ', '03IVE07  ', 25, 71, 0.00, 0.00, 0.00, 0.00, 0.00, 0.00, 'NA', 0.00, 8, 0.00, 4200.00, 4200.00, 4200.00, 4200.00, 'ACTIVO', 'NA', 3600.00, 3600.00, 0.00, 14, 15, '2022-08-20 16:21:00', '2022-08-20 16:21:00'),
(907, '3', 'IVE', '8', 'IVERMECT+PRAZIQUANTEL EQ*10 GR     ', '03IVE08  ', '03IVE08  ', '03IVE08  ', 27, 39, 0.00, 0.00, 0.00, 0.00, 0.00, 0.00, 'NA', 0.00, 8, 0.00, 9000.00, 9000.00, 9000.00, 9000.00, 'ACTIVO', 'NA', 4700.00, 4707.00, 0.00, 14, 15, '2022-08-20 16:21:00', '2022-08-20 16:21:00'),
(908, '3', 'IVE', '9', 'IVERMECT+PRAZIQUANTEL EQ*20 GR     ', '03IVE09  ', '03IVE09  ', '03IVE09  ', 56, 39, 0.00, 0.00, 0.00, 0.00, 0.00, 0.00, 'NA', 0.00, 8, 0.00, 11800.00, 11800.00, 11800.00, 11800.00, 'ACTIVO', 'NA', 10400.00, 10400.00, 10.00, 14, 15, '2022-08-20 16:21:00', '2022-08-20 16:21:00'),
(909, '3', 'IVE', '13', 'IVERMECTINA 3.15%*50 ML         ', '03IVE13  ', '03IVE13  ', '03IVE13  ', 98, 64, 0.00, 0.00, 0.00, 0.00, 0.00, 0.00, 'NA', 0.00, 8, 0.00, 11000.00, 11000.00, 11000.00, 11000.00, 'ACTIVO', 'NA', 6300.00, 6300.00, 6.00, 14, 15, '2022-08-20 16:21:00', '2022-08-20 16:21:00'),
(910, '3', 'IVE', '14', 'IVERMECTINA 3.15%*100 ML        ', '03IVE14  ', '03IVE14  ', '03IVE14  ', 32, 54, 0.00, 0.00, 0.00, 0.00, 0.00, 0.00, 'NA', 0.00, 8, 0.00, 17500.00, 17500.00, 17500.00, 17500.00, 'ACTIVO', 'NA', 12500.00, 12500.00, 0.00, 14, 15, '2022-08-20 16:21:00', '2022-08-20 16:21:00'),
(911, '3', 'IVE', '15', 'IVERMECTINA 3.15%*500 ML        ', '03IVE15  ', '03IVE15  ', '03IVE15  ', 102, 54, 0.00, 0.00, 0.00, 0.00, 0.00, 0.00, 'NA', 0.00, 8, 0.00, 65000.00, 65000.00, 65000.00, 65000.00, 'ACTIVO', 'NA', 21952.00, 21952.00, 0.00, 14, 15, '2022-08-20 16:21:00', '2022-08-20 16:21:00'),
(912, '3', 'IVE', '16', 'IVERMECTINA PRAZIQ JERINGA*6,42GR    ', '03IVE16  ', '03IVE16  ', '03IVE16  ', 112, 39, 0.00, 0.00, 0.00, 0.00, 0.00, 0.00, 'NA', 0.00, 8, 0.00, 12000.00, 12000.00, 12000.00, 12000.00, 'ACTIVO', 'NA', 10397.00, 10407.00, 10.00, 14, 15, '2022-08-20 16:21:00', '2022-08-20 16:21:00'),
(913, '3', 'IVE', 'R18', 'IVERMECTINA 3.15% *20 ML        ', '03IVER18 ', '03IVER18 ', '03IVER18 ', 21, 54, 0.00, 0.00, 0.00, 0.00, 0.00, 0.00, 'NA', 0.00, 8, 0.00, 7000.00, 7000.00, 7000.00, 7000.00, 'ACTIVO', 'NA', 4747.00, 4400.00, 0.00, 14, 15, '2022-08-20 16:21:00', '2022-08-20 16:21:00'),
(914, '3', 'IVE', 'R19', 'IVERMECTINA 3.15% * 250ML        ', '03IVER19 ', '03IVER19 ', '03IVER19 ', 75, 54, 0.00, 0.00, 0.00, 0.00, 0.00, 0.00, 'NA', 0.00, 8, 0.00, 50000.00, 50000.00, 50000.00, 50000.00, 'ACTIVO', 'NA', 20000.00, 20000.00, 0.00, 14, 15, '2022-08-20 16:21:00', '2022-08-20 16:21:00'),
(915, '3', 'JAB', '1', 'JABON DERMEK *100 GR          ', '03JAB01  ', '03JAB01  ', '03JAB01  ', 33, 71, 0.00, 0.00, 0.00, 0.00, 0.00, 0.00, 'NA', 0.00, 8, 0.00, 5500.00, 5500.00, 5500.00, 5500.00, 'ACTIVO', 'NA', 3900.00, 3900.00, 4.00, 14, 15, '2022-08-20 16:21:00', '2022-08-20 16:21:00'),
(916, '3', 'JER', '1', 'JERINGA DOSIFICADOR*20 cc        ', '03JER01  ', '03JER01  ', '03JER01  ', 8, 71, 0.00, 0.00, 0.00, 0.00, 0.00, 0.00, 'NA', 0.00, 8, 0.00, 22000.00, 22000.00, 22000.00, 22000.00, 'ACTIVO', 'NA', 1.00, 1.00, 13.00, 14, 15, '2022-08-20 16:21:00', '2022-08-20 16:21:00'),
(917, '3', 'KAV', '1', 'K-AVIAR*100 GRS             ', '03KAV01  ', '03KAV01  ', '03KAV01  ', 31, 74, 0.00, 0.00, 0.00, 0.00, 0.00, 0.00, 'NA', 0.00, 8, 0.00, 12500.00, 12500.00, 12500.00, 12500.00, 'ACTIVO', 'NA', 8700.00, 8700.00, 0.00, 14, 15, '2022-08-20 16:21:00', '2022-08-20 16:21:00'),
(918, '3', 'KER', '1', 'KERATINA *150ML             ', '03KER01  ', '03KER01  ', '03KER01  ', 8, 74, 0.00, 0.00, 0.00, 0.19, 0.00, 0.00, 'NA', 0.00, 8, 0.00, 10500.00, 10500.00, 10500.00, 10500.00, 'ACTIVO', 'NA', 7899.00, 7899.00, 0.00, 14, 15, '2022-08-20 16:21:00', '2022-08-20 16:21:00'),
(919, '3', 'LAP', '1', 'LAPIZ LACO               ', '03LAP01  ', '03LAP01  ', '03LAP01  ', 8, 74, 0.00, 0.00, 0.00, 0.19, 0.00, 0.00, 'NA', 0.00, 8, 0.00, 20600.00, 20600.00, 20600.00, 20600.00, 'ACTIVO', 'NA', 19564.00, 19564.00, 0.00, 14, 15, '2022-08-20 16:21:00', '2022-08-20 16:21:00'),
(920, '3', 'LEV', '2', 'LEVAMISOL 15%*20 ML           ', '03LEV02  ', '03LEV02  ', '03LEV02  ', 8, 54, 0.00, 0.00, 0.00, 0.00, 0.00, 0.00, 'NA', 0.00, 8, 0.00, 3100.00, 3100.00, 3100.00, 3100.00, 'ACTIVO', 'NA', 2400.00, 2400.00, 66.00, 14, 15, '2022-08-20 16:21:00', '2022-08-20 16:21:00'),
(921, '3', 'LEV', '3', 'LEVAMISOL 15%*50ML           ', '03LEV03  ', '03LEV03  ', '03LEV03  ', 8, 54, 0.00, 0.00, 0.00, 0.00, 0.00, 0.00, 'NA', 0.00, 8, 0.00, 4200.00, 4200.00, 4200.00, 4200.00, 'ACTIVO', 'NA', 3200.00, 3200.00, 0.00, 14, 15, '2022-08-20 16:21:00', '2022-08-20 16:21:00'),
(922, '3', 'LEV', '4', 'LEVAMISOL 15%*100 ML          ', '03LEV04  ', '03LEV04  ', '03LEV04  ', 32, 54, 0.00, 0.00, 0.00, 0.00, 0.00, 0.00, 'NA', 0.00, 8, 0.00, 6800.00, 6800.00, 6800.00, 6800.00, 'ACTIVO', 'NA', 5200.00, 5200.00, 0.00, 14, 15, '2022-08-20 16:21:00', '2022-08-20 16:21:00'),
(923, '3', 'LEV', '5', 'LEVAMISOL 15%*250 ML          ', '03LEV05  ', '03LEV05  ', '03LEV05  ', 8, 64, 0.00, 0.00, 0.00, 0.00, 0.00, 0.00, 'NA', 0.00, 8, 0.00, 11600.00, 11600.00, 11600.00, 11600.00, 'ACTIVO', 'NA', 8500.00, 8500.00, 0.00, 14, 15, '2022-08-20 16:21:00', '2022-08-20 16:21:00'),
(924, '3', 'LEV', '6', 'LEVACAN NF JERINGA* 2ML         ', '03LEV06  ', '03LEV06  ', '03LEV06  ', 50, 71, 0.00, 0.00, 0.00, 0.00, 0.00, 0.00, 'NA', 0.00, 8, 0.00, 1500.00, 1500.00, 1500.00, 1500.00, 'ACTIVO', 'NA', 736.00, 2862.00, 0.00, 14, 15, '2022-08-20 16:21:00', '2022-08-20 16:21:00'),
(925, '3', 'LEV', '7', 'LEVACAN NF JERINGA*5 ML         ', '03LEV07  ', '03LEV07  ', '03LEV07  ', 97, 71, 0.00, 0.00, 0.00, 0.00, 0.00, 0.00, 'NA', 0.00, 8, 0.00, 2500.00, 2500.00, 2500.00, 2500.00, 'ACTIVO', 'NA', 1213.00, 733.00, 0.00, 14, 15, '2022-08-20 16:21:00', '2022-08-20 16:21:00'),
(926, '3', 'LEV', '9', 'LEVAFARM * 100 GRS           ', '03LEV09  ', '03LEV09  ', '03LEV09  ', 31, 71, 0.00, 0.00, 0.00, 0.00, 0.00, 0.00, 'NA', 0.00, 8, 0.00, 21000.00, 21000.00, 21000.00, 21000.00, 'ACTIVO', 'NA', 18000.00, 18000.00, 0.00, 14, 15, '2022-08-20 16:21:00', '2022-08-20 16:21:00'),
(927, '3', 'LOC', '1', 'LOCION PODAL*250 ML           ', '03LOC01  ', '03LOC01  ', '03LOC01  ', 8, 74, 0.00, 0.00, 0.00, 0.00, 0.00, 0.00, 'NA', 0.00, 8, 0.00, 20000.00, 20000.00, 20000.00, 20000.00, 'ACTIVO', 'NA', 13539.00, 13571.00, 36.00, 14, 15, '2022-08-20 16:21:00', '2022-08-20 16:21:00'),
(928, '3', 'LOC', '2', 'LOCION PODAL *500 ML          ', '03LOC02  ', '03LOC02  ', '03LOC02  ', 8, 74, 0.00, 0.00, 0.00, 0.00, 0.00, 0.00, 'NA', 0.00, 8, 0.00, 27000.00, 27000.00, 27000.00, 27000.00, 'ACTIVO', 'NA', 21335.00, 21428.00, 40.00, 14, 15, '2022-08-20 16:21:00', '2022-08-20 16:21:00'),
(929, '3', 'LOC', '3', 'LOCION PODAL * 1000 ML         ', '03LOC03  ', '03LOC03  ', '03LOC03  ', 8, 74, 0.00, 0.00, 0.00, 0.00, 0.00, 0.00, 'NA', 0.00, 8, 0.00, 45000.00, 45000.00, 45000.00, 45000.00, 'ACTIVO', 'NA', 28813.00, 28811.00, 107.00, 14, 15, '2022-08-20 16:21:00', '2022-08-20 16:21:00'),
(930, '3', 'MAS', '1', 'MASTIGROZ SECADO JERINGA*10 ML     ', '03MAS01  ', '03MAS01  ', '03MAS01  ', 8, 39, 0.00, 0.00, 0.00, 0.00, 0.00, 0.00, 'NA', 0.00, 8, 0.00, 20500.00, 20500.00, 20500.00, 20500.00, 'ACTIVO', 'NA', 18341.00, 18549.00, 1.00, 14, 15, '2022-08-20 16:21:00', '2022-08-20 16:21:00'),
(931, '3', 'MAS', '2', 'MASTIGROZ LACTANCIA JERINGA*10ML    ', '03MAS02  ', '03MAS02  ', '03MAS02  ', 25, 39, 0.00, 0.00, 0.00, 0.00, 0.00, 0.00, 'NA', 0.00, 8, 0.00, 23600.00, 23600.00, 23600.00, 23600.00, 'ACTIVO', 'NA', 19133.00, 17277.00, 0.00, 14, 15, '2022-08-20 16:21:00', '2022-08-20 16:21:00'),
(932, '3', 'MEL', '1', 'MELOXICAN*15 ML             ', '03MEL01  ', '03MEL01  ', '03MEL01  ', 47, 71, 0.00, 0.00, 0.00, 0.00, 0.00, 0.00, 'NA', 0.00, 8, 0.00, 5000.00, 5000.00, 5000.00, 5000.00, 'ACTIVO', 'NA', 4100.00, 4100.00, 0.00, 14, 15, '2022-08-20 16:21:00', '2022-08-20 16:21:00'),
(933, '3', 'MEL', '2', 'MELOXICAN*30 ML             ', '03MEL02  ', '03MEL02  ', '03MEL02  ', 84, 71, 0.00, 0.00, 0.00, 0.00, 0.00, 0.00, 'NA', 0.00, 8, 0.00, 7000.00, 7000.00, 7000.00, 7000.00, 'ACTIVO', 'NA', 5170.00, 5200.00, 0.00, 14, 15, '2022-08-20 16:21:00', '2022-08-20 16:21:00'),
(934, '3', 'MET', '1', 'METRONIDAZOL SUSP*120 ML        ', '03MET01  ', '03MET01  ', '03MET01  ', 45, 71, 0.00, 0.00, 0.00, 0.00, 0.00, 0.00, 'NA', 0.00, 8, 0.00, 6500.00, 6500.00, 6500.00, 6500.00, 'ACTIVO', 'NA', 5300.00, 5300.00, 7.00, 14, 15, '2022-08-20 16:21:00', '2022-08-20 16:21:00'),
(935, '3', 'MET', '2', '*METS 600 W.G.* 20 GR          ', '03MET02  ', '03MET02  ', '03MET02  ', 56, 74, 0.00, 0.00, 0.00, 0.00, 0.00, 0.00, 'NA', 0.00, 8, 0.00, 6500.00, 6500.00, 6500.00, 6500.00, 'ACTIVO', 'NA', 4229.00, 4200.00, 0.00, 14, 15, '2022-08-20 16:21:00', '2022-08-20 16:21:00'),
(936, '3', 'NIT', '1', 'NITROSUL SOBRE * 20 GRS         ', '03NIT01  ', '03NIT01  ', '03NIT01  ', 8, 74, 0.00, 0.00, 0.00, 0.00, 0.00, 0.00, 'NA', 0.00, 8, 0.00, 2900.00, 2900.00, 2900.00, 2900.00, 'ACTIVO', 'NA', 2295.00, 2295.00, 557.00, 14, 15, '2022-08-20 16:21:00', '2022-08-20 16:21:00'),
(937, '3', 'NOR', '1', 'NORFLOXIN 20*250 ML          ', '03NOR01  ', '03NOR01  ', '03NOR01  ', 75, 74, 0.00, 0.00, 0.00, 0.00, 0.00, 0.00, 'NA', 0.00, 8, 0.00, 17300.00, 17300.00, 17300.00, 17300.00, 'ACTIVO', 'NA', 14850.00, 15600.00, 4.00, 14, 15, '2022-08-20 16:21:00', '2022-08-20 16:21:00'),
(938, '3', 'NOR', '2', 'NORFLOXIN 20* 1 LITRO          ', '03NOR02  ', '03NOR02  ', '03NOR02  ', 8, 74, 0.00, 0.00, 0.00, 0.00, 0.00, 0.00, 'NA', 0.00, 8, 0.00, 70000.00, 70000.00, 70000.00, 70000.00, 'ACTIVO', 'NA', 57000.00, 57000.00, 1.00, 14, 15, '2022-08-20 16:21:00', '2022-08-20 16:21:00'),
(939, '3', 'OPA', 'R04', 'PARCERO MADERA*30ML           ', '03OPAR04 ', '03OPAR04 ', '03OPAR04 ', 84, 71, 0.00, 0.00, 0.00, 0.00, 0.00, 0.00, 'NA', 0.00, 8, 0.00, 7300.00, 7300.00, 7300.00, 7300.00, 'ACTIVO', 'NA', 5483.00, 5940.00, 0.00, 14, 15, '2022-08-20 16:21:00', '2022-08-20 16:21:00'),
(940, '3', 'ORO', '2', 'OROPEL VET GOTERO*5ML          ', '03ORO02  ', '03ORO02  ', '03ORO02  ', 97, 90, 0.00, 0.00, 0.00, 0.00, 0.00, 0.00, 'NA', 0.00, 8, 0.00, 12000.00, 12000.00, 12000.00, 12000.00, 'ACTIVO', 'NA', 7850.00, 7600.00, 0.00, 14, 15, '2022-08-20 16:21:00', '2022-08-20 16:21:00'),
(941, '3', 'ORO', '6', 'OROPEL VET.*LITRO            ', '03ORO06  ', '03ORO06  ', '03ORO06  ', 36, 90, 0.00, 0.00, 0.00, 0.00, 0.00, 0.00, 'NA', 0.00, 8, 0.00, 112000.00, 112000.00, 112000.00, 112000.00, 'ACTIVO', 'NA', 78000.00, 78000.00, 0.00, 14, 15, '2022-08-20 16:21:00', '2022-08-20 16:21:00'),
(942, '3', 'OXI', '2', 'OXITETRAC 100 *500 ML          ', '03OXI02  ', '03OXI02  ', '03OXI02  ', 102, 71, 0.00, 0.00, 0.00, 0.00, 0.00, 0.00, 'NA', 0.00, 8, 0.00, 27500.00, 27500.00, 27500.00, 27500.00, 'ACTIVO', 'NA', 13000.00, 13000.00, 0.00, 14, 15, '2022-08-20 16:21:00', '2022-08-20 16:21:00'),
(943, '3', 'OXI', '10', 'OXITTRACICLINA 50*500ML         ', '03OXI10  ', '03OXI10  ', '03OXI10  ', 102, 84, 0.00, 0.00, 0.00, 0.00, 0.00, 0.00, 'NA', 0.00, 8, 0.00, 12000.00, 12000.00, 12000.00, 12000.00, 'ACTIVO', 'NA', 8000.00, 8000.00, 6.00, 14, 15, '2022-08-20 16:21:00', '2022-08-20 16:21:00'),
(944, '3', 'OXI', '12', 'OXITETRACICLINA 200 LA*50 ML      ', '03OXI12  ', '03OXI12  ', '03OXI12  ', 98, 39, 0.00, 0.00, 0.00, 0.00, 0.00, 0.00, 'NA', 0.00, 8, 0.00, 7500.00, 7500.00, 7500.00, 7500.00, 'ACTIVO', 'NA', 7900.00, 7888.00, 0.00, 14, 15, '2022-08-20 16:21:00', '2022-08-20 16:21:00'),
(945, '3', 'OXI', '13', 'OXITETRACICLINA 200 LA*250 ML      ', '03OXI13  ', '03OXI13  ', '03OXI13  ', 75, 39, 0.00, 0.00, 0.00, 0.00, 0.00, 0.00, 'NA', 0.00, 8, 0.00, 25000.00, 25000.00, 25000.00, 25000.00, 'ACTIVO', 'NA', 27702.00, 27702.00, 0.00, 14, 15, '2022-08-20 16:21:00', '2022-08-20 16:21:00'),
(946, '3', 'OXI', '14', 'OXITETRACICLINA 200 LA*500 ML     ', '03OXI14  ', '03OXI14  ', '03OXI14  ', 102, 39, 0.00, 0.00, 0.00, 0.00, 0.00, 0.00, 'NA', 0.00, 8, 0.00, 45000.00, 45000.00, 45000.00, 45000.00, 'ACTIVO', 'NA', 43343.00, 43343.00, 0.00, 14, 15, '2022-08-20 16:21:00', '2022-08-20 16:21:00'),
(947, '3', 'PAN', '2', 'PANTEK *LITRO              ', '03PAN02  ', '03PAN02  ', '03PAN02  ', 8, 74, 0.00, 0.00, 0.00, 0.00, 0.00, 0.00, 'NA', 0.00, 8, 0.00, 250000.00, 250000.00, 250000.00, 250000.00, 'ACTIVO', 'NA', 226800.00, 226800.00, 8.00, 14, 15, '2022-08-20 16:21:00', '2022-08-20 16:21:00'),
(948, '3', 'PAR', '1', 'PARCERO VET*30ML            ', '03PAR01  ', '03PAR01  ', '03PAR01  ', 84, 71, 0.00, 0.00, 0.00, 0.00, 0.00, 0.00, 'NA', 0.00, 8, 0.00, 6700.00, 6700.00, 6700.00, 6700.00, 'ACTIVO', 'NA', 5050.00, 5050.00, 0.00, 14, 15, '2022-08-20 16:21:00', '2022-08-20 16:21:00'),
(949, '3', 'PAR', '2', 'PARCERO VET*90ML            ', '03PAR02  ', '03PAR02  ', '03PAR02  ', 118, 74, 0.00, 0.00, 0.00, 0.00, 0.00, 0.00, 'NA', 0.00, 8, 0.00, 19000.00, 19000.00, 19000.00, 19000.00, 'ACTIVO', 'NA', 5760.00, 14400.00, 0.00, 14, 15, '2022-08-20 16:21:00', '2022-08-20 16:21:00'),
(950, '3', 'PAR', '3', 'PARCERO INSECT SALUD PUBLICA*LT     ', '03PAR03  ', '03PAR03  ', '03PAR03  ', 128, 71, 0.00, 0.00, 0.00, 0.00, 0.00, 0.00, 'NA', 0.00, 8, 0.00, 115000.00, 115000.00, 115000.00, 115000.00, 'ACTIVO', 'NA', 99000.00, 99000.00, 0.00, 14, 15, '2022-08-20 16:21:00', '2022-08-20 16:21:00'),
(951, '3', 'PAR', '5', 'PARCERO MADERA*90ML           ', '03PAR05  ', '03PAR05  ', '03PAR05  ', 118, 71, 0.00, 0.00, 0.00, 0.00, 0.00, 0.00, 'NA', 0.00, 8, 0.00, 25000.00, 25000.00, 25000.00, 25000.00, 'ACTIVO', 'NA', 19460.00, 15300.00, 0.00, 14, 15, '2022-08-20 16:21:00', '2022-08-20 16:21:00'),
(952, '3', 'PAR', '7', 'PARCERO SALUD PUBLICA*30 ML       ', '03PAR07  ', '03PAR07  ', '03PAR07  ', 84, 71, 0.00, 0.00, 0.00, 0.00, 0.00, 0.00, 'NA', 0.00, 8, 0.00, 9000.00, 9000.00, 9000.00, 9000.00, 'ACTIVO', 'NA', 5100.00, 5100.00, 0.00, 14, 15, '2022-08-20 16:21:00', '2022-08-20 16:21:00'),
(953, '3', 'PAR', '8', 'PARCERO SALUD PUBLICA*90 ML      ', '03PAR08  ', '03PAR08  ', '03PAR08  ', 118, 71, 0.00, 0.00, 0.00, 0.00, 0.00, 0.00, 'NA', 0.00, 8, 0.00, 25000.00, 25000.00, 25000.00, 25000.00, 'ACTIVO', 'NA', 15050.00, 15050.00, 0.00, 14, 15, '2022-08-20 16:21:00', '2022-08-20 16:21:00'),
(954, '3', 'PEL', '1', 'PELO LINDO CON D-PANTENOL        ', '03PEL01  ', '03PEL01  ', '03PEL01  ', 45, 71, 0.00, 0.00, 0.00, 0.00, 0.00, 0.00, 'NA', 0.00, 8, 0.00, 10000.00, 10000.00, 10000.00, 10000.00, 'ACTIVO', 'NA', 2578.00, 7150.00, 0.00, 14, 15, '2022-08-20 16:21:00', '2022-08-20 16:21:00'),
(955, '3', 'PEN', '1', 'PENIBEN*10\'               ', '03PEN01  ', '03PEN01  ', '03PEN01  ', 8, 74, 0.00, 0.00, 0.00, 0.00, 0.00, 0.00, 'NA', 0.00, 8, 0.00, 18000.00, 18000.00, 18000.00, 18000.00, 'ACTIVO', 'NA', 12700.00, 12700.00, 0.00, 14, 15, '2022-08-20 16:21:00', '2022-08-20 16:21:00'),
(956, '3', 'PET', '2', 'PETCAM SUSPENSION ORAL*10 ML      ', '03PET02  ', '03PET02  ', '03PET02  ', 25, 71, 0.00, 0.00, 0.00, 0.00, 0.00, 0.00, 'NA', 0.00, 8, 0.00, 6000.00, 6000.00, 6000.00, 6000.00, 'ACTIVO', 'NA', 3750.00, 3750.00, 0.00, 14, 15, '2022-08-20 16:21:00', '2022-08-20 16:21:00'),
(957, '3', 'PET', '3', 'PETCAM SUSPENSION ORAL* 32 ML      ', '03PET03  ', '03PET03  ', '03PET03  ', 89, 71, 0.00, 0.00, 0.00, 0.00, 0.00, 0.00, 'NA', 0.00, 8, 0.00, 14000.00, 14000.00, 14000.00, 14000.00, 'ACTIVO', 'NA', 7046.00, 4950.00, 0.00, 14, 15, '2022-08-20 16:21:00', '2022-08-20 16:21:00'),
(958, '3', 'PIR', '1', 'PIRANTEL CANINOS*2.5 ML         ', '03PIR01  ', '03PIR01  ', '03PIR01  ', 52, 71, 0.00, 0.00, 0.00, 0.00, 0.00, 0.00, 'NA', 0.00, 8, 0.00, 2400.00, 2400.00, 2400.00, 2400.00, 'ACTIVO', 'NA', 1375.00, 1375.00, 101.00, 14, 15, '2022-08-20 16:21:00', '2022-08-20 16:21:00'),
(959, '3', 'PIR', '2', 'PIRANTEL CANINOS*5 ML          ', '03PIR02  ', '03PIR02  ', '03PIR02  ', 97, 71, 0.00, 0.00, 0.00, 0.00, 0.00, 0.00, 'NA', 0.00, 8, 0.00, 3200.00, 3200.00, 3200.00, 3200.00, 'ACTIVO', 'NA', 1595.00, 1595.00, 33.00, 14, 15, '2022-08-20 16:21:00', '2022-08-20 16:21:00'),
(960, '3', 'PIR', '3', 'PIRANTEL CANINOS *10 ML         ', '03PIR03  ', '03PIR03  ', '03PIR03  ', 25, 71, 0.00, 0.00, 0.00, 0.00, 0.00, 0.00, 'NA', 0.00, 8, 0.00, 4300.00, 4300.00, 4300.00, 4300.00, 'ACTIVO', 'NA', 2200.00, 2200.00, 71.00, 14, 15, '2022-08-20 16:21:00', '2022-08-20 16:21:00'),
(961, '3', 'PIR', '4', 'PIRANTEL CANINOS*100 ML         ', '03PIR04  ', '03PIR04  ', '03PIR04  ', 32, 71, 0.00, 0.00, 0.00, 0.00, 0.00, 0.00, 'NA', 0.00, 8, 0.00, 10000.00, 10000.00, 10000.00, 10000.00, 'ACTIVO', 'NA', 11503.00, 11503.00, 1.00, 14, 15, '2022-08-20 16:21:00', '2022-08-20 16:21:00'),
(962, '3', 'PIR', '5', 'PIRANTEL * 250 ML           ', '03PIR05  ', '03PIR05  ', '03PIR05  ', 75, 71, 0.00, 0.00, 0.00, 0.00, 0.00, 0.00, 'NA', 0.00, 8, 0.00, 35000.00, 35000.00, 35000.00, 35000.00, 'ACTIVO', 'NA', 19980.00, 19980.00, 0.00, 14, 15, '2022-08-20 16:21:00', '2022-08-20 16:21:00'),
(963, '3', 'POR', '1', 'PORCIMAS*5GRS              ', '03POR01  ', '03POR01  ', '03POR01  ', 8, 74, 0.00, 0.00, 0.00, 0.00, 0.00, 0.00, 'NA', 0.00, 8, 0.00, 1200.00, 1200.00, 1200.00, 1200.00, 'ACTIVO', 'NA', 1400.00, 980.00, 25.00, 14, 15, '2022-08-20 16:21:00', '2022-08-20 16:21:00'),
(964, '3', 'PUL', '1', 'PULMYCOSIN 30-35 *10 ML        ', '03PUL01  ', '03PUL01  ', '03PUL01  ', 8, 74, 0.00, 0.00, 0.00, 0.00, 0.00, 0.00, 'NA', 0.00, 8, 0.00, 4800.00, 4800.00, 4800.00, 4800.00, 'ACTIVO', 'NA', 3600.00, 3600.00, 15.00, 14, 15, '2022-08-20 16:21:00', '2022-08-20 16:21:00'),
(965, '3', 'PUL', '2', 'PULMYCOSIN 30-35 *500 ML        ', '03PUL02  ', '03PUL02  ', '03PUL02  ', 8, 74, 0.00, 0.00, 0.00, 0.00, 0.00, 0.00, 'NA', 0.00, 8, 0.00, 133000.00, 133000.00, 133000.00, 133000.00, 'ACTIVO', 'NA', 95000.00, 95000.00, 0.00, 14, 15, '2022-08-20 16:21:00', '2022-08-20 16:21:00'),
(966, '3', 'QUI', '1', 'QUIMOPEN 1.500 U I           ', '03QUI01  ', '03QUI01  ', '03QUI01  ', 8, 71, 0.00, 0.00, 0.00, 0.00, 0.00, 0.00, 'NA', 0.00, 8, 0.00, 7500.00, 7500.00, 7500.00, 7500.00, 'ACTIVO', 'NA', 4927.00, 4950.00, 10.00, 14, 15, '2022-08-20 16:21:00', '2022-08-20 16:21:00'),
(967, '3', 'QUI', '2', 'QUIMOPEN 3.000 U I           ', '03QUI02  ', '03QUI02  ', '03QUI02  ', 8, 71, 0.00, 0.00, 0.00, 0.00, 0.00, 0.00, 'NA', 0.00, 8, 0.00, 7700.00, 7700.00, 7700.00, 7700.00, 'ACTIVO', 'NA', 7150.00, 7150.00, 5.00, 14, 15, '2022-08-20 16:21:00', '2022-08-20 16:21:00'),
(968, '3', 'QUI', '3', 'QUIMOPEN 6.000 U I           ', '03QUI03  ', '03QUI03  ', '03QUI03  ', 8, 71, 0.00, 0.00, 0.00, 0.00, 0.00, 0.00, 'NA', 0.00, 8, 0.00, 11500.00, 11500.00, 11500.00, 11500.00, 'ACTIVO', 'NA', 10040.00, 10400.00, 2.00, 14, 15, '2022-08-20 16:21:00', '2022-08-20 16:21:00'),
(969, '3', 'QUI', '4', 'QUIMOPEN 9.000 C I           ', '03QUI04  ', '03QUI04  ', '03QUI04  ', 8, 71, 0.00, 0.00, 0.00, 0.00, 0.00, 0.00, 'NA', 0.00, 8, 0.00, 14000.00, 14000.00, 14000.00, 14000.00, 'ACTIVO', 'NA', 13900.00, 13900.00, 0.00, 14, 15, '2022-08-20 16:21:00', '2022-08-20 16:21:00'),
(970, '3', 'QUI', '5', 'QUIMOPEN*12000 UI            ', '03QUI05  ', '03QUI05  ', '03QUI05  ', 19, 71, 0.00, 0.00, 0.00, 0.00, 0.00, 0.00, 'NA', 0.00, 8, 0.00, 18000.00, 18000.00, 18000.00, 18000.00, 'ACTIVO', 'NA', 18650.00, 18650.00, 14.00, 14, 15, '2022-08-20 16:21:00', '2022-08-20 16:21:00'),
(971, '3', 'RAT', '1', 'RATUNET SOBRE*10 GRS          ', '03RAT01  ', '03RAT01  ', '03RAT01  ', 29, 71, 0.00, 0.00, 0.00, 0.00, 0.00, 0.00, 'NA', 0.00, 8, 0.00, 1200.00, 1200.00, 1200.00, 1200.00, 'ACTIVO', 'NA', 750.00, 750.00, 24.00, 14, 15, '2022-08-20 16:21:00', '2022-08-20 16:21:00'),
(972, '3', 'RAT', '2', 'RATIDION 20 GRS            ', '03RAT02  ', '03RAT02  ', '03RAT02  ', 8, 74, 0.00, 0.00, 0.00, 0.00, 0.00, 0.00, 'NA', 0.00, 8, 0.00, 2600.00, 2600.00, 2600.00, 2600.00, 'ACTIVO', 'NA', 2116.00, 2116.00, 138.00, 14, 15, '2022-08-20 16:21:00', '2022-08-20 16:21:00'),
(973, '3', 'RES', '1', 'RESPIROX BF* LITRO           ', '03RES01  ', '03RES01  ', '03RES01  ', 36, 71, 0.00, 0.00, 0.00, 0.00, 0.00, 0.00, 'NA', 0.00, 8, 0.00, 14000.00, 14000.00, 14000.00, 14000.00, 'ACTIVO', 'NA', 10700.00, 10700.00, 4.00, 14, 15, '2022-08-20 16:21:00', '2022-08-20 16:21:00'),
(974, '3', 'RES', '2', 'RESPIROX BF* 120 ML           ', '03RES02  ', '03RES02  ', '03RES02  ', 45, 71, 0.00, 0.00, 0.00, 0.00, 0.00, 0.00, 'NA', 0.00, 8, 0.00, 3500.00, 3500.00, 3500.00, 3500.00, 'ACTIVO', 'NA', 2700.00, 2700.00, 48.00, 14, 15, '2022-08-20 16:21:00', '2022-08-20 16:21:00'),
(975, '3', 'RES', '3', 'RESPIROX BF*20 LTS           ', '03RES03  ', '03RES03  ', '03RES03  ', 53, 71, 0.00, 0.00, 0.00, 0.00, 0.00, 0.00, 'NA', 0.00, 8, 0.00, 158500.00, 158500.00, 158500.00, 158500.00, 'ACTIVO', 'NA', 118000.00, 118000.00, 0.00, 14, 15, '2022-08-20 16:21:00', '2022-08-20 16:21:00'),
(976, '3', 'RES', '4', 'RESPIROX BF* 4 LTS           ', '03RES04  ', '03RES04  ', '03RES04  ', 18, 71, 0.00, 0.00, 0.00, 0.00, 0.00, 0.00, 'NA', 0.00, 8, 0.00, 35000.00, 35000.00, 35000.00, 35000.00, 'ACTIVO', 'NA', 28000.00, 28000.00, 6.00, 14, 15, '2022-08-20 16:21:00', '2022-08-20 16:21:00'),
(977, '3', 'SAL', '1', 'SALSA*200  GRS             ', '03SAL01  ', '03SAL01  ', '03SAL01  ', 63, 71, 0.00, 0.00, 0.00, 0.00, 0.00, 0.00, 'NA', 0.00, 8, 0.00, 3500.00, 3500.00, 3500.00, 3500.00, 'ACTIVO', 'NA', 2500.00, 2500.00, 4.00, 14, 15, '2022-08-20 16:21:00', '2022-08-20 16:21:00'),
(978, '3', 'SAM', '1', 'SAMBAMETRINA* 30 ML           ', '03SAM01  ', '03SAM01  ', '03SAM01  ', 84, 90, 0.00, 0.00, 0.00, 0.00, 0.00, 0.00, 'NA', 0.00, 8, 0.00, 13000.00, 13000.00, 13000.00, 13000.00, 'ACTIVO', 'NA', 7800.00, 7800.00, 0.00, 14, 15, '2022-08-20 16:21:00', '2022-08-20 16:21:00'),
(979, '3', 'SAN', '1', 'SAN-O-FEC *LITRO            ', '03SAN01  ', '03SAN01  ', '03SAN01  ', 8, 74, 0.00, 0.00, 0.00, 0.00, 0.00, 0.00, 'NA', 0.00, 8, 0.00, 90000.00, 90000.00, 90000.00, 90000.00, 'ACTIVO', 'NA', 55427.00, 45000.00, 38.00, 14, 15, '2022-08-20 16:21:00', '2022-08-20 16:21:00'),
(980, '3', 'SHA', '1', 'SHAMPOO ORVICAN*250 ML         ', '03SHA01  ', '03SHA01  ', '03SHA01  ', 75, 71, 0.00, 0.00, 0.00, 0.00, 0.00, 0.00, 'NA', 0.00, 8, 0.00, 9500.00, 9500.00, 9500.00, 9500.00, 'ACTIVO', 'NA', 5990.00, 5990.00, 16.00, 14, 15, '2022-08-20 16:21:00', '2022-08-20 16:21:00'),
(981, '3', 'SHA', '2', 'SHAMPOO DERMAVET*240 ML        ', '03SHA02  ', '03SHA02  ', '03SHA02  ', 71, 71, 0.00, 0.00, 0.00, 0.00, 0.00, 0.00, 'NA', 0.00, 11, 0.00, 9000.00, 9000.00, 9000.00, 9000.00, 'ACTIVO', 'NA', 1815.00, 661.00, 0.00, 14, 15, '2022-08-20 16:21:00', '2022-08-20 16:21:00'),
(982, '3', 'SHA', '3', 'SHAMPO ORVICAN*SOBRE          ', '03SHA03  ', '03SHA03  ', '03SHA03  ', 130, 71, 0.00, 0.00, 0.00, 0.00, 0.00, 0.00, 'NA', 0.00, 8, 0.00, 3000.00, 3000.00, 3000.00, 3000.00, 'ACTIVO', 'NA', 1575.00, 1575.00, 24.00, 14, 15, '2022-08-20 16:21:00', '2022-08-20 16:21:00'),
(983, '3', 'SHA', '4', 'SHAMPO ORVICAN*GALON          ', '03SHA04  ', '03SHA04  ', '03SHA04  ', 120, 71, 0.00, 0.00, 0.00, 0.00, 0.00, 0.00, 'NA', 0.00, 8, 0.00, 60000.00, 60000.00, 60000.00, 60000.00, 'ACTIVO', 'NA', 42000.00, 42000.00, 0.00, 14, 15, '2022-08-20 16:21:00', '2022-08-20 16:21:00'),
(984, '3', 'SHA', '5', 'SHAMPU CON ACONDICINADOR*250 ML     ', '03SHA05  ', '03SHA05  ', '03SHA05  ', 8, 74, 0.00, 0.00, 0.00, 0.19, 0.00, 0.00, 'NA', 0.00, 8, 0.00, 9300.00, 9300.00, 9300.00, 9300.00, 'ACTIVO', 'NA', 6639.00, 6639.00, 2.00, 14, 15, '2022-08-20 16:21:00', '2022-08-20 16:21:00'),
(985, '3', 'SIL', '1', 'SILIMARINA TABLETAS           ', '03SIL01  ', '03SIL01  ', '03SIL01  ', 8, 74, 0.00, 0.00, 0.00, 0.05, 0.00, 0.00, 'NA', 0.00, 8, 0.00, 23809.00, 23809.00, 23809.00, 23809.00, 'ACTIVO', 'NA', 23801.00, 23800.00, 3.00, 14, 15, '2022-08-20 16:21:00', '2022-08-20 16:21:00'),
(986, '3', 'SUP', '1', 'SUPLEMENTO LACTEO*300 GRS       ', '03SUP01  ', '03SUP01  ', '03SUP01  ', 85, 74, 0.00, 0.00, 0.00, 0.05, 0.00, 0.00, 'NA', 0.00, 8, 0.00, 15300.00, 15300.00, 15300.00, 15300.00, 'ACTIVO', 'NA', 11334.00, 11334.00, 0.00, 14, 15, '2022-08-20 16:21:00', '2022-08-20 16:21:00'),
(987, '3', 'TRI', '2', 'TRIFENGROZ JERINGA*30 ML        ', '03TRI02  ', '03TRI02  ', '03TRI02  ', 84, 39, 0.00, 0.00, 0.00, 0.00, 0.00, 0.00, 'NA', 0.00, 8, 0.00, 7800.00, 7800.00, 7800.00, 7800.00, 'ACTIVO', 'NA', 6876.00, 6876.00, 0.00, 14, 15, '2022-08-20 16:21:00', '2022-08-20 16:21:00'),
(988, '3', 'TRI', '8', 'TRIMETHOPRIM-S FRASCO*10 ML      ', '03TRI08  ', '03TRI08  ', '03TRI08  ', 25, 71, 0.00, 0.00, 0.00, 0.00, 0.00, 0.00, 'NA', 0.00, 8, 0.00, 5500.00, 5500.00, 5500.00, 5500.00, 'ACTIVO', 'NA', 3193.00, 3193.00, 0.00, 14, 15, '2022-08-20 16:21:00', '2022-08-20 16:21:00'),
(989, '3', 'TRI', '9', 'TRIMETROPIN * 50            ', '03TRI09  ', '03TRI09  ', '03TRI09  ', 11, 71, 0.00, 0.00, 0.00, 0.00, 0.00, 0.00, 'NA', 0.00, 8, 0.00, 15400.00, 15400.00, 15400.00, 15400.00, 'ACTIVO', 'NA', 9581.00, 9580.00, 0.00, 14, 15, '2022-08-20 16:21:00', '2022-08-20 16:21:00'),
(990, '3', 'TRI', '10', 'TRICAN* 5 ML              ', '03TRI10  ', '03TRI10  ', '03TRI10  ', 97, 71, 0.00, 0.00, 0.00, 0.00, 0.00, 0.00, 'NA', 0.00, 8, 0.00, 2900.00, 2900.00, 2900.00, 2900.00, 'ACTIVO', 'NA', 2310.00, 2310.00, 48.00, 14, 15, '2022-08-20 16:21:00', '2022-08-20 16:21:00'),
(991, '3', 'TRI', '11', 'TRICAN*2,5 ML              ', '03TRI11  ', '03TRI11  ', '03TRI11  ', 51, 71, 0.00, 0.00, 0.00, 0.00, 0.00, 0.00, 'NA', 0.00, 8, 0.00, 2300.00, 2300.00, 2300.00, 2300.00, 'ACTIVO', 'NA', 1980.00, 1980.00, 38.00, 14, 15, '2022-08-20 16:21:00', '2022-08-20 16:21:00'),
(992, '3', 'TRI', '12', 'TRICAN*10 ML              ', '03TRI12  ', '03TRI12  ', '03TRI12  ', 25, 71, 0.00, 0.00, 0.00, 0.00, 0.00, 0.00, 'NA', 0.00, 8, 0.00, 3300.00, 3300.00, 3300.00, 3300.00, 'ACTIVO', 'NA', 2860.00, 2860.00, 3.00, 14, 15, '2022-08-20 16:21:00', '2022-08-20 16:21:00'),
(993, '3', 'TRI', '13', 'TRICAN*250 ML             ', '03TRI13  ', '03TRI13  ', '03TRI13  ', 75, 71, 0.00, 0.00, 0.00, 0.00, 0.00, 0.00, 'NA', 0.00, 8, 0.00, 41000.00, 41000.00, 41000.00, 41000.00, 'ACTIVO', 'NA', 27415.00, 27415.00, 1.00, 14, 15, '2022-08-20 16:21:00', '2022-08-20 16:21:00'),
(994, '3', 'TRI', '15', 'TRISULFARM * 200 ML          ', '03TRI15  ', '03TRI15  ', '03TRI15  ', 62, 71, 0.00, 0.00, 0.00, 0.00, 0.00, 0.00, 'NA', 0.00, 8, 0.00, 19300.00, 19300.00, 19300.00, 19300.00, 'ACTIVO', 'NA', 18000.00, 18000.00, 6.00, 14, 15, '2022-08-20 16:21:00', '2022-08-20 16:21:00'),
(995, '3', 'TRI', '16', 'TRIFENGROZ * 500 ML          ', '03TRI16  ', '03TRI16  ', '03TRI16  ', 102, 39, 0.00, 0.00, 0.00, 0.00, 0.00, 0.00, 'NA', 0.00, 8, 0.00, 48000.00, 48000.00, 48000.00, 48000.00, 'ACTIVO', 'NA', 39879.00, 39879.00, 0.00, 14, 15, '2022-08-20 16:21:00', '2022-08-20 16:21:00'),
(996, '3', 'TRI', '17', 'TRISULFARM * LITRO           ', '03TRI17  ', '03TRI17  ', '03TRI17  ', 16, 71, 0.00, 0.00, 0.00, 0.00, 0.00, 0.00, 'NA', 0.00, 8, 0.00, 65000.00, 65000.00, 65000.00, 65000.00, 'ACTIVO', 'NA', 88600.00, 88600.00, 3.00, 14, 15, '2022-08-20 16:21:00', '2022-08-20 16:21:00'),
(997, '3', 'TRI', '18', 'TRISULFARM*10 ML            ', '03TRI18  ', '03TRI18  ', '03TRI18  ', 25, 71, 0.00, 0.00, 0.00, 0.00, 0.00, 0.00, 'NA', 0.00, 8, 0.00, 7500.00, 7500.00, 7500.00, 7500.00, 'ACTIVO', 'NA', 4143.00, 4250.00, 17.00, 14, 15, '2022-08-20 16:21:00', '2022-08-20 16:21:00'),
(998, '3', 'TRI', '19', 'TRICAN* 100 ML             ', '03TRI19  ', '03TRI19  ', '03TRI19  ', 8, 74, 0.00, 0.00, 0.00, 0.00, 0.00, 0.00, 'NA', 0.00, 8, 0.00, 22700.00, 22700.00, 22700.00, 22700.00, 'ACTIVO', 'NA', 16200.00, 16200.00, 0.00, 14, 15, '2022-08-20 16:21:00', '2022-08-20 16:21:00'),
(999, '3', 'TRI', '20', 'TRICAN * 1000 ML            ', '03TRI20  ', '03TRI20  ', '03TRI20  ', 8, 74, 0.00, 0.00, 0.00, 0.00, 0.00, 0.00, 'NA', 0.00, 8, 0.00, 140000.00, 140000.00, 140000.00, 140000.00, 'ACTIVO', 'NA', 90000.00, 90000.00, 0.00, 14, 15, '2022-08-20 16:21:00', '2022-08-20 16:21:00'),
(1000, '3', 'TRI', '21', 'TRICAN*500 ML              ', '03TRI21  ', '03TRI21  ', '03TRI21  ', 8, 74, 0.00, 0.00, 0.00, 0.00, 0.00, 0.00, 'NA', 0.00, 8, 0.00, 75000.00, 75000.00, 75000.00, 75000.00, 'ACTIVO', 'NA', 55045.00, 55045.00, 0.00, 14, 15, '2022-08-20 16:21:00', '2022-08-20 16:21:00'),
(1001, '3', 'TYL', '3', 'TYLOFARM * 25 GRS            ', '03TYL03  ', '03TYL03  ', '03TYL03  ', 72, 71, 0.00, 0.00, 0.00, 0.00, 0.00, 0.00, 'NA', 0.00, 8, 0.00, 8600.00, 8600.00, 8600.00, 8600.00, 'ACTIVO', 'NA', 7000.00, 7000.00, 42.00, 14, 15, '2022-08-20 16:21:00', '2022-08-20 16:21:00'),
(1002, '3', 'TYL', '4', 'TYLOFARM*250 GRS            ', '03TYL04  ', '03TYL04  ', '03TYL04  ', 74, 71, 0.00, 0.00, 0.00, 0.00, 0.00, 0.00, 'NA', 0.00, 8, 0.00, 56000.00, 56000.00, 56000.00, 56000.00, 'ACTIVO', 'NA', 44500.00, 44500.00, 0.00, 14, 15, '2022-08-20 16:21:00', '2022-08-20 16:21:00'),
(1003, '3', 'VIT', '1', 'VITAFER*50 ML              ', '03VIT01  ', '03VIT01  ', '03VIT01  ', 8, 74, 0.00, 0.00, 0.00, 0.00, 0.00, 0.00, 'NA', 0.00, 8, 0.00, 17000.00, 17000.00, 17000.00, 17000.00, 'ACTIVO', 'NA', 13000.00, 13000.00, 2.00, 14, 15, '2022-08-20 16:21:00', '2022-08-20 16:21:00'),
(1004, '3', 'VIT', '2', 'VITAFER*20 ML              ', '03VIT02  ', '03VIT02  ', '03VIT02  ', 21, 71, 0.00, 0.00, 0.00, 0.00, 0.00, 0.00, 'NA', 0.00, 8, 0.00, 11000.00, 11000.00, 11000.00, 11000.00, 'ACTIVO', 'NA', 6930.00, 6930.00, 14.00, 14, 15, '2022-08-20 16:21:00', '2022-08-20 16:21:00'),
(1005, '3', 'VIT', '3', 'VITAFER*120 ML             ', '03VIT03  ', '03VIT03  ', '03VIT03  ', 45, 71, 0.00, 0.00, 0.00, 0.00, 0.00, 0.00, 'NA', 0.00, 8, 0.00, 13000.00, 13000.00, 13000.00, 13000.00, 'ACTIVO', 'NA', 14880.00, 14880.00, 0.00, 14, 15, '2022-08-20 16:21:00', '2022-08-20 16:21:00'),
(1006, '3', 'VIT', '4', 'VITAFER*500 ML             ', '03VIT04  ', '03VIT04  ', '03VIT04  ', 8, 74, 0.00, 0.00, 0.00, 0.00, 0.00, 0.00, 'NA', 0.00, 8, 0.00, 62000.00, 62000.00, 62000.00, 62000.00, 'ACTIVO', 'NA', 42480.00, 42480.00, 0.00, 14, 15, '2022-08-20 16:21:00', '2022-08-20 16:21:00'),
(1007, '3', 'VIT', '5', 'VITAFER*250 ML             ', '03VIT05  ', '03VIT05  ', '03VIT05  ', 8, 74, 0.00, 0.00, 0.00, 0.00, 0.00, 0.00, 'NA', 0.00, 8, 0.00, 33600.00, 33600.00, 33600.00, 33600.00, 'ACTIVO', 'NA', 23970.00, 23970.00, 0.00, 14, 15, '2022-08-20 16:21:00', '2022-08-20 16:21:00'),
(1008, '3', 'VIT', '6', 'VITAMINA ORAL*COJIN*20 ML        ', '03VIT06  ', '03VIT06  ', '03VIT06  ', 21, 71, 0.00, 0.00, 0.00, 0.00, 0.00, 0.00, 'NA', 0.00, 8, 0.00, 1200.00, 1200.00, 1200.00, 1200.00, 'ACTIVO', 'NA', 864.00, 864.00, 100.00, 14, 15, '2022-08-20 16:21:00', '2022-08-20 16:21:00'),
(1009, '3', 'VIT', '7', 'VITAMINA AD3+C+K* 20 GRS        ', '03VIT07  ', '03VIT07  ', '03VIT07  ', 8, 74, 0.00, 0.00, 0.00, 0.00, 0.00, 0.00, 'NA', 0.00, 8, 0.00, 4300.00, 4300.00, 4300.00, 4300.00, 'ACTIVO', 'NA', 3271.00, 3271.00, 170.00, 14, 15, '2022-08-20 16:21:00', '2022-08-20 16:21:00'),
(1010, '3', 'WHI', '1', 'WHITTFIL JERINGA            ', '03WHI01  ', '03WHI01  ', '03WHI01  ', 8, 74, 0.00, 0.00, 0.00, 0.00, 0.00, 0.00, 'NA', 0.00, 8, 0.00, 28000.00, 28000.00, 28000.00, 28000.00, 'ACTIVO', 'NA', 22950.00, 22950.00, 18.00, 14, 15, '2022-08-20 16:21:00', '2022-08-20 16:21:00'),
(1011, '3', 'YOD', '1', 'YODEX * 120 ML             ', '03YOD01  ', '03YOD01  ', '03YOD01  ', 45, 71, 0.00, 0.00, 0.00, 0.00, 0.00, 0.00, 'NA', 0.00, 8, 0.00, 5800.00, 5800.00, 5800.00, 5800.00, 'ACTIVO', 'NA', 3894.00, 3942.00, 0.00, 14, 15, '2022-08-20 16:21:00', '2022-08-20 16:21:00'),
(1012, '3', 'YOD', '2', 'YODEX * 4 LTS              ', '03YOD02  ', '03YOD02  ', '03YOD02  ', 94, 71, 0.00, 0.00, 0.00, 0.00, 0.00, 0.00, 'NA', 0.00, 8, 0.00, 61000.00, 61000.00, 61000.00, 61000.00, 'ACTIVO', 'NA', 50030.00, 50030.00, 10.00, 14, 15, '2022-08-20 16:21:00', '2022-08-20 16:21:00'),
(1013, '3', 'YOD', '3', 'YODEX* 1000 ML             ', '03YOD03  ', '03YOD03  ', '03YOD03  ', 36, 71, 0.00, 0.00, 0.00, 0.00, 0.00, 0.00, 'NA', 0.00, 8, 0.00, 20400.00, 20400.00, 20400.00, 20400.00, 'ACTIVO', 'NA', 15171.00, 15171.00, 41.00, 14, 15, '2022-08-20 16:21:00', '2022-08-20 16:21:00'),
(1014, '3', 'YOD', '4', 'YODEX * 20 LTS             ', '03YOD04  ', '03YOD04  ', '03YOD04  ', 53, 71, 0.00, 0.00, 0.00, 0.00, 0.00, 0.00, 'NA', 0.00, 8, 0.00, 200000.00, 200000.00, 200000.00, 200000.00, 'ACTIVO', 'NA', 188000.00, 188000.00, 0.00, 14, 15, '2022-08-20 16:21:00', '2022-08-20 16:21:00'),
(1015, '3', 'ZER', '4', 'ZERAGROZ*50 ML             ', '03ZER04  ', '03ZER04  ', '03ZER04  ', 98, 39, 0.00, 0.00, 0.00, 0.00, 0.00, 0.00, 'NA', 0.00, 8, 0.00, 20000.00, 20000.00, 20000.00, 20000.00, 'ACTIVO', 'NA', 19902.00, 19902.00, 0.00, 14, 15, '2022-08-20 16:21:00', '2022-08-20 16:21:00'),
(1016, '4', 'AMI', '3', 'AMINA 720 * 20 LITROS          ', '04AMI03  ', '04AMI03  ', '04AMI03  ', 58, 74, 0.00, 0.00, 0.00, 0.00, 0.00, 0.00, 'NA', 0.00, 8, 0.00, 240000.00, 240000.00, 240000.00, 240000.00, 'ACTIVO', 'NA', 159000.00, 159000.00, 0.00, 14, 15, '2022-08-20 16:21:00', '2022-08-20 16:21:00'),
(1017, '4', 'MET', '1', 'METSULFED 60WG*15 GR          ', '04MET01  ', '04MET01  ', '04MET01  ', 8, 74, 0.00, 0.00, 0.00, 0.00, 0.00, 0.00, 'NA', 0.00, 8, 0.00, 7500.00, 7500.00, 7500.00, 7500.00, 'ACTIVO', 'NA', 7500.00, 7500.00, 0.00, 14, 15, '2022-08-20 16:21:00', '2022-08-20 16:21:00'),
(1018, '4', 'MET', '2', 'METSULFURON*20 GRS           ', '04MET02  ', '04MET02  ', '04MET02  ', 56, 71, 0.00, 0.00, 0.00, 0.00, 0.00, 0.00, 'NA', 0.00, 8, 0.00, 7000.00, 7000.00, 7000.00, 7000.00, 'ACTIVO', 'NA', 2776.00, 2700.00, 431.00, 14, 15, '2022-08-20 16:21:00', '2022-08-20 16:21:00'),
(1019, '4', 'MET', '3', 'METSULFURON * 100 GRS          ', '04MET03  ', '04MET03  ', '04MET03  ', 31, 71, 0.00, 0.00, 0.00, 0.00, 0.00, 0.00, 'NA', 0.00, 8, 0.00, 22500.00, 22500.00, 22500.00, 22500.00, 'ACTIVO', 'NA', 14500.00, 14500.00, 0.00, 14, 15, '2022-08-20 16:21:00', '2022-08-20 16:21:00'),
(1020, '4', 'MET', '4', 'METSULFURON DVA* KILO          ', '04MET04  ', '04MET04  ', '04MET04  ', 125, 74, 0.00, 0.00, 0.00, 0.00, 0.00, 0.00, 'NA', 0.00, 8, 0.00, 200000.00, 200000.00, 200000.00, 200000.00, 'ACTIVO', 'NA', 126749.00, 119000.00, 4.00, 14, 15, '2022-08-20 16:21:00', '2022-08-20 16:21:00'),
(1021, '5', 'CAR', '6', 'CARBOFED 330*LITRO           ', '05CAR06  ', '05CAR06  ', '05CAR06  ', 127, 76, 0.00, 0.00, 0.00, 0.00, 0.00, 0.00, 'NA', 0.00, 8, 0.00, 22000.00, 22000.00, 22000.00, 22000.00, 'ACTIVO', 'NA', 18500.00, 18500.00, 0.00, 14, 15, '2022-08-20 16:21:00', '2022-08-20 16:21:00'),
(1022, '5', 'CLO', '1', 'CLORPIRIGROZ*LITRO           ', '05CLO01  ', '05CLO01  ', '05CLO01  ', 127, 76, 0.00, 0.00, 0.00, 0.00, 0.00, 0.00, 'NA', 0.00, 8, 0.00, 22000.00, 22000.00, 22000.00, 22000.00, 'ACTIVO', 'NA', 18500.00, 18500.00, 0.00, 14, 15, '2022-08-20 16:21:00', '2022-08-20 16:21:00'),
(1023, '5', 'CLO', '2', 'CLORPIRIGROZ 480EC*250 CC        ', '05CLO02  ', '05CLO02  ', '05CLO02  ', 8, 76, 0.00, 0.00, 0.00, 0.00, 0.00, 0.00, 'NA', 0.00, 8, 0.00, 7500.00, 7500.00, 7500.00, 7500.00, 'ACTIVO', 'NA', 5900.00, 5900.00, 0.00, 14, 15, '2022-08-20 16:21:00', '2022-08-20 16:21:00'),
(1024, '5', 'CRE', '1', 'CRESOFARM *60 ML.            ', '05CRE01  ', '05CRE01  ', '05CRE01  ', 114, 71, 0.00, 0.00, 200.00, 0.00, 0.00, 0.00, 'NA', 0.00, 8, 0.00, 2400.00, 2400.00, 2400.00, 2400.00, 'ACTIVO', 'NA', 2200.00, 2200.00, 30.00, 14, 15, '2022-08-20 16:21:00', '2022-08-20 16:21:00'),
(1025, '5', 'CRE', '2', 'CRESOFARM * 250 ML           ', '05CRE02  ', '05CRE02  ', '05CRE02  ', 75, 71, 0.00, 0.00, 480.00, 0.00, 0.00, 0.00, 'NA', 0.00, 8, 0.00, 4200.00, 4200.00, 4200.00, 4200.00, 'ACTIVO', 'NA', 3897.00, 3900.00, 30.00, 14, 15, '2022-08-20 16:21:00', '2022-08-20 16:21:00'),
(1026, '5', 'CRE', '3', 'CRESOFARM * 500 ML.           ', '05CRE03  ', '05CRE03  ', '05CRE03  ', 102, 71, 0.00, 0.00, 0.00, 0.00, 0.00, 0.00, 'NA', 0.00, 8, 0.00, 7100.00, 7100.00, 7100.00, 7100.00, 'ACTIVO', 'NA', 7000.00, 7000.00, 17.00, 14, 15, '2022-08-20 16:21:00', '2022-08-20 16:21:00'),
(1027, '5', 'CRE', '4', 'CRESOFARM * 120 ML.           ', '05CRE04  ', '05CRE04  ', '05CRE04  ', 45, 71, 0.00, 0.00, 0.00, 0.00, 0.00, 0.00, 'NA', 0.00, 8, 0.00, 3300.00, 3300.00, 3300.00, 3300.00, 'ACTIVO', 'NA', 2697.00, 2700.00, 41.00, 14, 15, '2022-08-20 16:21:00', '2022-08-20 16:21:00'),
(1028, '5', 'CRE', '5', 'CRESOFARM*LITRO             ', '05CRE05  ', '05CRE05  ', '05CRE05  ', 127, 71, 0.00, 0.00, 60.00, 0.00, 0.00, 0.00, 'NA', 0.00, 8, 0.00, 13000.00, 13000.00, 13000.00, 13000.00, 'ACTIVO', 'NA', 11500.00, 11500.00, 4.00, 14, 15, '2022-08-20 16:21:00', '2022-08-20 16:21:00'),
(1029, '5', 'CRE', '6', 'CRESOFARM * GALON            ', '05CRE06  ', '05CRE06  ', '05CRE06  ', 120, 71, 0.00, 0.00, 120.00, 0.00, 0.00, 0.00, 'NA', 0.00, 8, 0.00, 43000.00, 43000.00, 43000.00, 43000.00, 'ACTIVO', 'NA', 36000.00, 36000.00, 2.00, 14, 15, '2022-08-20 16:21:00', '2022-08-20 16:21:00'),
(1030, '5', 'ETH', '1', 'ETHION 83%*500 ml            ', '05ETH01  ', '05ETH01  ', '05ETH01  ', 102, 39, 0.00, 0.00, 0.00, 0.00, 0.00, 0.00, 'NA', 0.00, 8, 0.00, 70000.00, 70000.00, 70000.00, 70000.00, 'ACTIVO', 'NA', 57942.00, 0.00, 13.00, 14, 15, '2022-08-20 16:21:00', '2022-08-20 16:21:00'),
(1031, '5', 'ETH', '2', 'ETHION 83%*1000 ML           ', '05ETH02  ', '05ETH02  ', '05ETH02  ', 36, 13, 0.00, 0.00, 0.00, 0.00, 0.00, 0.00, 'NA', 0.00, 8, 0.00, 126000.00, 126000.00, 126000.00, 126000.00, 'ACTIVO', 'NA', 96943.00, 1.00, 1.00, 14, 15, '2022-08-20 16:21:00', '2022-08-20 16:21:00'),
(1032, '5', 'LAR', '1', 'LARVIGROZ*350 ML SPRAY         ', '05LAR01  ', '05LAR01  ', '05LAR01  ', 91, 39, 0.00, 0.00, 0.00, 0.00, 0.00, 0.00, 'NA', 0.00, 8, 0.00, 11500.00, 11500.00, 11500.00, 11500.00, 'ACTIVO', 'NA', 8641.00, 8641.00, 120.00, 14, 15, '2022-08-20 16:21:00', '2022-08-20 16:21:00'),
(1033, '5', 'LAR', '2', 'LARVIGROZ*500 ML            ', '05LAR02  ', '05LAR02  ', '05LAR02  ', 8, 13, 0.00, 0.00, 0.00, 0.00, 0.00, 0.00, 'NA', 0.00, 8, 0.00, 18600.00, 18600.00, 18600.00, 18600.00, 'ACTIVO', 'NA', 11000.00, 0.00, 0.00, 14, 15, '2022-08-20 16:21:00', '2022-08-20 16:21:00'),
(1034, '5', 'LEP', '1', 'LEPECID *400 ML             ', '05LEP01  ', '05LEP01  ', '05LEP01  ', 8, 74, 0.00, 0.00, 0.00, 0.00, 0.00, 0.00, 'NA', 0.00, 8, 0.00, 15500.00, 15500.00, 15500.00, 15500.00, 'ACTIVO', 'NA', 13245.00, 13245.00, 26.00, 14, 15, '2022-08-20 16:21:00', '2022-08-20 16:21:00'),
(1035, '6', 'KAS', '2', 'KASUMIN X 250 C.C.           ', '06KAS02  ', '06KAS02  ', '06KAS02  ', 76, 76, 0.00, 0.00, 300.00, 0.00, 0.00, 0.00, 'NA', 0.00, 8, 0.00, 8000.00, 8000.00, 8000.00, 8000.00, 'ACTIVO', 'NA', 8000.00, 8000.00, 0.00, 14, 15, '2022-08-20 16:21:00', '2022-08-20 16:21:00'),
(1036, '6', 'OXI', '3', 'OXICLORURO DE COBRE*KILO        ', '06OXI03  ', '06OXI03  ', '06OXI03  ', 125, 54, 0.00, 0.00, 9000.00, 0.00, 0.00, 0.00, 'NA', 0.00, 8, 0.00, 11500.00, 11500.00, 11500.00, 11500.00, 'ACTIVO', 'NA', 9000.00, 9000.00, 1210.00, 14, 15, '2022-08-20 16:21:00', '2022-08-20 16:21:00'),
(1037, '6', 'SUL', '2', 'SULFATO MG * KILO            ', '06SUL02  ', '06SUL02  ', '06SUL02  ', 125, 71, 0.00, 0.00, 0.00, 0.19, 0.00, 0.00, 'NA', 0.00, 8, 0.00, 2300.00, 2300.00, 2300.00, 2300.00, 'ACTIVO', 'NA', 1079.00, 1086.00, 132.00, 14, 15, '2022-08-20 16:21:00', '2022-08-20 16:21:00'),
(1038, '6', 'VAL', 'I01', 'VALIDACIN x LITRO            ', '06VALI01 ', '06VALI01 ', '06VALI01 ', 36, 76, 0.00, 0.00, 0.00, 0.00, 0.00, 0.00, 'NA', 0.00, 8, 0.00, 27000.00, 27000.00, 27000.00, 27000.00, 'ACTIVO', 'NA', 21000.00, 21000.00, 0.00, 14, 15, '2022-08-20 16:21:00', '2022-08-20 16:21:00'),
(1039, '6', 'VAL', 'I02', 'VALIDACIN *250CC.            ', '06VALI02 ', '06VALI02 ', '06VALI02 ', 76, 76, 0.00, 0.00, 0.00, 0.00, 0.00, 0.00, 'NA', 0.00, 8, 0.00, 8500.00, 8500.00, 8500.00, 8500.00, 'ACTIVO', 'NA', 6000.00, 6000.00, 0.00, 14, 15, '2022-08-20 16:21:00', '2022-08-20 16:21:00'),
(1040, '8', 'ASP', '1', 'ASPERSORA SWISMEX 15 LT        ', '08ASP01  ', '08ASP01  ', '08ASP01  ', 8, 74, 0.00, 0.00, 0.00, 0.19, 0.00, 0.00, 'NA', 0.00, 8, 0.00, 1.00, 1.00, 1.00, 1.00, 'ACTIVO', 'NA', 1.00, 1.00, 1.00, 14, 15, '2022-08-20 16:21:00', '2022-08-20 16:21:00'),
(1041, '8', 'GOM', '1', 'GOMIN TUBO*135 GRS           ', '08GOM01  ', '08GOM01  ', '08GOM01  ', 46, 71, 0.00, 0.00, 0.00, 0.00, 0.00, 0.00, 'NA', 0.00, 8, 0.00, 10000.00, 10000.00, 10000.00, 10000.00, 'ACTIVO', 'NA', 6788.00, 6800.00, 84.00, 14, 15, '2022-08-20 16:21:00', '2022-08-20 16:21:00'),
(1042, '8', 'GOM', '2', 'GOMIN TUBO* 80GRS            ', '08GOM02  ', '08GOM02  ', '08GOM02  ', 110, 71, 0.00, 0.00, 0.00, 0.00, 0.00, 0.00, 'NA', 0.00, 8, 0.00, 7200.00, 7200.00, 7200.00, 7200.00, 'ACTIVO', 'NA', 4725.00, 4725.00, 166.00, 14, 15, '2022-08-20 16:21:00', '2022-08-20 16:21:00'),
(1043, '8', 'RAT', '1', 'RATAKIL * 50 GR.*20 CAJA        ', '08RAT01  ', '08RAT01  ', '08RAT01  ', 99, 74, 0.00, 0.00, 4000.00, 0.00, 0.00, 0.00, 'NA', 0.00, 8, 0.00, 6100.00, 6100.00, 6100.00, 6100.00, 'ACTIVO', 'NA', 4376.00, 4376.00, 0.00, 14, 15, '2022-08-20 16:21:00', '2022-08-20 16:21:00'),
(1044, '8', 'RAT', '2', 'RATAKILL * 10 GR*70 CAJA        ', '08RAT02  ', '08RAT02  ', '08RAT02  ', 28, 74, 0.00, 0.00, 1000.00, 0.00, 0.00, 0.00, 'NA', 0.00, 8, 0.00, 1200.00, 1200.00, 1200.00, 1200.00, 'ACTIVO', 'NA', 758.00, 758.00, 0.00, 14, 15, '2022-08-20 16:21:00', '2022-08-20 16:21:00'),
(1045, '8', 'RAT', '3', 'RATAKIL SOBRE *20 GR*25         ', '08RAT03  ', '08RAT03  ', '08RAT03  ', 8, 74, 0.00, 0.00, 0.00, 0.00, 0.00, 0.00, 'NA', 0.00, 8, 0.00, 2600.00, 2600.00, 2600.00, 2600.00, 'ACTIVO', 'NA', 1877.00, 1877.00, 0.00, 14, 15, '2022-08-20 16:21:00', '2022-08-20 16:21:00'),
(1046, '20', 'ALB', '1', '****ALBENDAZOL*20 ML          ', '20ALB01  ', '20ALB01  ', '20ALB01  ', 21, 54, 0.00, 0.00, 0.00, 0.00, 0.00, 0.00, 'NA', 0.00, 11, 0.00, 3000.00, 3000.00, 3000.00, 3000.00, 'ACTIVO', 'NA', 719.00, 18796.00, 0.00, 14, 15, '2022-08-20 16:21:00', '2022-08-20 16:21:00'),
(1047, '20', 'ALB', '3', '*ALBENDAZOL*500 ML           ', '20ALB03  ', '20ALB03  ', '20ALB03  ', 102, 54, 0.00, 0.00, 0.00, 0.00, 0.00, 0.00, 'NA', 0.00, 11, 0.00, 30000.00, 30000.00, 30000.00, 30000.00, 'ACTIVO', 'NA', 3188.00, 1163.00, 0.00, 14, 15, '2022-08-20 16:21:00', '2022-08-20 16:21:00'),
(1048, '20', 'ALB', '6', 'ALBENDAZOL 25% VIT*10 ML        ', '20ALB06  ', '20ALB06  ', '20ALB06  ', 25, 54, 0.00, 0.00, 0.00, 0.00, 0.00, 0.00, 'NA', 0.00, 11, 0.00, 2200.00, 2200.00, 2200.00, 2200.00, 'ACTIVO', 'NA', 1445.00, 1445.00, 621.00, 14, 15, '2022-08-20 16:21:00', '2022-08-20 16:21:00'),
(1049, '20', 'ALB', '7', 'ALBENDAZOL 25%VIT*100 ML        ', '20ALB07  ', '20ALB07  ', '20ALB07  ', 32, 54, 0.00, 0.00, 0.00, 0.00, 0.00, 0.00, 'NA', 0.00, 11, 0.00, 7700.00, 7700.00, 7700.00, 7700.00, 'ACTIVO', 'NA', 5830.00, 5830.00, 178.00, 14, 15, '2022-08-20 16:21:00', '2022-08-20 16:21:00'),
(1050, '20', 'ALB', '8', 'ALBENDAZOL 25%VIT*20 ML         ', '20ALB08  ', '20ALB08  ', '20ALB08  ', 21, 54, 0.00, 0.00, 0.00, 0.00, 0.00, 0.00, 'NA', 0.00, 11, 0.00, 3300.00, 3300.00, 3300.00, 3300.00, 'ACTIVO', 'NA', 2100.00, 2100.00, 1087.00, 14, 15, '2022-08-20 16:21:00', '2022-08-20 16:21:00'),
(1051, '20', 'ALB', '9', 'ALBENDAZOL 25% VIT *500 ML       ', '20ALB09  ', '20ALB09  ', '20ALB09  ', 102, 54, 0.00, 0.00, 0.00, 0.00, 0.00, 0.00, 'NA', 0.00, 11, 0.00, 35000.00, 35000.00, 35000.00, 35000.00, 'ACTIVO', 'NA', 25513.00, 25513.00, 64.00, 14, 15, '2022-08-20 16:21:00', '2022-08-20 16:21:00'),
(1052, '20', 'ALB', '10', 'ALBENDAZOL 25%VIT*1000 ML        ', '20ALB10  ', '20ALB10  ', '20ALB10  ', 36, 54, 0.00, 0.00, 0.00, 0.00, 0.00, 0.00, 'NA', 0.00, 11, 0.00, 60500.00, 60500.00, 60500.00, 60500.00, 'ACTIVO', 'NA', 51000.00, 51000.00, 170.00, 14, 15, '2022-08-20 16:21:00', '2022-08-20 16:21:00'),
(1053, '20', 'ALB', '11', 'ALBENDAZOL 25%VIT*2000 ML        ', '20ALB11  ', '20ALB11  ', '20ALB11  ', 65, 54, 0.00, 0.00, 0.00, 0.00, 0.00, 0.00, 'NA', 0.00, 11, 0.00, 100000.00, 100000.00, 100000.00, 100000.00, 'ACTIVO', 'NA', 97417.00, 97417.00, 11.00, 14, 15, '2022-08-20 16:21:00', '2022-08-20 16:21:00'),
(1054, '20', 'ALB', '12', 'ALBENDAZOL 25%VIT*4000 ML        ', '20ALB12  ', '20ALB12  ', '20ALB12  ', 93, 54, 0.00, 0.00, 0.00, 0.00, 0.00, 0.00, 'NA', 0.00, 11, 0.00, 160000.00, 160000.00, 160000.00, 160000.00, 'ACTIVO', 'NA', 189692.00, 189692.00, 0.00, 14, 15, '2022-08-20 16:21:00', '2022-08-20 16:21:00'),
(1055, '20', 'ALB', '13', 'ALBENDAZOL 25%VIT*250 CC        ', '20ALB13  ', '20ALB13  ', '20ALB13  ', 76, 54, 0.00, 0.00, 0.00, 0.00, 0.00, 0.00, 'NA', 0.00, 11, 0.00, 23300.00, 23300.00, 23300.00, 23300.00, 'ACTIVO', 'NA', 13239.00, 13221.00, 47.00, 14, 15, '2022-08-20 16:21:00', '2022-08-20 16:21:00'),
(1056, '20', 'ALF', '1', 'ALFAVIT POMADA * 220 GR         ', '20ALF01  ', '20ALF01  ', '20ALF01  ', 15, 54, 0.00, 0.00, 0.00, 0.00, 0.00, 0.00, 'NA', 0.00, 11, 0.00, 11000.00, 11000.00, 11000.00, 11000.00, 'ACTIVO', 'NA', 4994.00, 4946.00, 1.00, 14, 15, '2022-08-20 16:21:00', '2022-08-20 16:21:00'),
(1057, '20', 'ALF', '2', 'ALFAVIT POMADA * 60 GRS        ', '20ALF02  ', '20ALF02  ', '20ALF02  ', 115, 54, 0.00, 0.00, 0.00, 0.00, 0.00, 0.00, 'NA', 0.00, 11, 0.00, 7000.00, 7000.00, 7000.00, 7000.00, 'ACTIVO', 'NA', 1813.00, 3727.00, 4.00, 14, 15, '2022-08-20 16:21:00', '2022-08-20 16:21:00'),
(1058, '20', 'CIP', '1', 'CIPERMETRINA 15%*20 ML         ', '20CIP01  ', '20CIP01  ', '20CIP01  ', 21, 54, 0.00, 0.00, 0.00, 0.00, 0.00, 0.00, 'NA', 0.00, 11, 0.00, 3000.00, 3000.00, 3000.00, 3000.00, 'ACTIVO', 'NA', 802.00, 802.00, 912.00, 14, 15, '2022-08-20 16:21:00', '2022-08-20 16:21:00'),
(1059, '20', 'CIP', '2', 'CIPERMETRINA 15%* 100 ml        ', '20CIP02  ', '20CIP02  ', '20CIP02  ', 32, 54, 0.00, 0.00, 0.00, 0.00, 0.00, 0.00, 'NA', 0.00, 11, 0.00, 9000.00, 9000.00, 9000.00, 9000.00, 'ACTIVO', 'NA', 3717.00, 3717.00, 497.00, 14, 15, '2022-08-20 16:21:00', '2022-08-20 16:21:00'),
(1060, '20', 'CIP', '3', 'CIPERMETRINA 15%*1000 ml        ', '20CIP03  ', '20CIP03  ', '20CIP03  ', 39, 54, 0.00, 0.00, 500.00, 0.00, 0.00, 0.00, 'NA', 0.00, 11, 0.00, 35000.00, 35000.00, 35000.00, 35000.00, 'ACTIVO', 'NA', 27111.00, 27111.00, 48.00, 14, 15, '2022-08-20 16:21:00', '2022-08-20 16:21:00'),
(1061, '20', 'CIP', '4', 'CIPERMETRINA 15%*500 ML         ', '20CIP04  ', '20CIP04  ', '20CIP04  ', 102, 54, 0.00, 0.00, 500.00, 0.00, 0.00, 0.00, 'NA', 0.00, 11, 0.00, 19000.00, 19000.00, 19000.00, 19000.00, 'ACTIVO', 'NA', 14690.00, 14690.00, 37.00, 14, 15, '2022-08-20 16:21:00', '2022-08-20 16:21:00'),
(1062, '20', 'FEN', '1', 'FENOL VIOLETA * 120 ML         ', '20FEN01  ', '20FEN01  ', '20FEN01  ', 45, 54, 0.00, 0.00, 0.00, 0.00, 0.00, 0.00, 'NA', 0.00, 8, 0.00, 4000.00, 4000.00, 4000.00, 4000.00, 'ACTIVO', 'NA', 1292.00, 14586.00, 0.00, 14, 15, '2022-08-20 16:21:00', '2022-08-20 16:21:00'),
(1063, '20', 'FEN', '4', 'FENBENDAZOL*4000 ML           ', '20FEN04  ', '20FEN04  ', '20FEN04  ', 93, 54, 0.00, 0.00, 0.00, 0.00, 0.00, 0.00, 'NA', 0.00, 11, 0.00, 190000.00, 190000.00, 190000.00, 190000.00, 'ACTIVO', 'NA', 117221.00, 117221.00, 40.00, 14, 15, '2022-08-20 16:21:00', '2022-08-20 16:21:00'),
(1064, '20', 'FEN', '6', 'FENBENDAZOL*2000 ML           ', '20FEN06  ', '20FEN06  ', '20FEN06  ', 65, 54, 0.00, 0.00, 0.00, 0.00, 0.00, 0.00, 'NA', 0.00, 11, 0.00, 100000.00, 100000.00, 100000.00, 100000.00, 'ACTIVO', 'NA', 60117.00, 60117.00, 32.00, 14, 15, '2022-08-20 16:21:00', '2022-08-20 16:21:00');
INSERT INTO `referencias` (`id`, `codigo_linea`, `codigo_letras`, `codigo_consecutivo`, `descripcion`, `codigo_barras`, `codigo_interno`, `codigo_alterno`, `id_presentacion`, `id_marca`, `factor_rendimiento`, `stok_minimo`, `stok_maximo`, `iva`, `impo_consumo`, `sobre_tasa`, `serie`, `descuento`, `id_clasificacion`, `peso`, `precio1`, `precio2`, `precio3`, `precio4`, `estado`, `hommologo`, `costo`, `costo_promedio`, `saldo`, `usuario_creador`, `id_empresa`, `created_at`, `updated_at`) VALUES
(1065, '20', 'FEN', '7', 'FENBENDAZOL*1000 ML           ', '20FEN07  ', '20FEN07  ', '20FEN07  ', 16, 54, 0.00, 0.00, 0.00, 0.00, 0.00, 0.00, 'NA', 0.00, 11, 0.00, 75000.00, 75000.00, 75000.00, 75000.00, 'ACTIVO', 'NA', 31022.00, 31022.00, 48.00, 14, 15, '2022-08-20 16:21:00', '2022-08-20 16:21:00'),
(1066, '20', 'FEN', '8', 'FENBENDAZOL*500 ML           ', '20FEN08  ', '20FEN08  ', '20FEN08  ', 102, 54, 0.00, 0.00, 0.00, 0.00, 0.00, 0.00, 'NA', 0.00, 11, 0.00, 40000.00, 40000.00, 40000.00, 40000.00, 'ACTIVO', 'NA', 16588.00, 16588.00, 85.00, 14, 15, '2022-08-20 16:21:00', '2022-08-20 16:21:00'),
(1067, '20', 'FEN', '9', 'FENBENDAZOL*100 ML           ', '20FEN09  ', '20FEN09  ', '20FEN09  ', 32, 54, 0.00, 0.00, 0.00, 0.00, 0.00, 0.00, 'NA', 0.00, 11, 0.00, 11000.00, 11000.00, 11000.00, 11000.00, 'ACTIVO', 'NA', 4074.00, 4074.00, 20.00, 14, 15, '2022-08-20 16:21:00', '2022-08-20 16:21:00'),
(1068, '20', 'FEN', '10', 'FENBENDAZOL*20 ML            ', '20FEN10  ', '20FEN10  ', '20FEN10  ', 21, 54, 0.00, 0.00, 0.00, 0.00, 0.00, 0.00, 'NA', 0.00, 11, 0.00, 5000.00, 5000.00, 5000.00, 5000.00, 'ACTIVO', 'NA', 1696.00, 1696.00, 150.00, 14, 15, '2022-08-20 16:21:00', '2022-08-20 16:21:00'),
(1069, '20', 'IVE', '1', 'IVERMECTINA 1%VIT*500ML         ', '20IVE01  ', '20IVE01  ', '20IVE01  ', 102, 54, 0.00, 0.00, 0.00, 0.00, 0.00, 0.00, 'NA', 0.00, 11, 0.00, 32200.00, 32200.00, 32200.00, 32200.00, 'ACTIVO', 'NA', 27232.00, 27236.00, 57.00, 14, 15, '2022-08-20 16:21:00', '2022-08-20 16:21:00'),
(1070, '20', 'IVE', '2', 'IVERMECTINA 1%VIT*200ML         ', '20IVE02  ', '20IVE02  ', '20IVE02  ', 62, 54, 0.00, 0.00, 0.00, 0.00, 0.00, 0.00, 'NA', 0.00, 11, 0.00, 20400.00, 20400.00, 20400.00, 20400.00, 'ACTIVO', 'NA', 12724.00, 12724.00, 19.00, 14, 15, '2022-08-20 16:21:00', '2022-08-20 16:21:00'),
(1071, '20', 'IVE', '3', 'IVERMECTINA 1%VIT*100ML         ', '20IVE03  ', '20IVE03  ', '20IVE03  ', 32, 54, 0.00, 0.00, 0.00, 0.00, 0.00, 0.00, 'NA', 0.00, 11, 0.00, 10200.00, 10200.00, 10200.00, 10200.00, 'ACTIVO', 'NA', 6875.00, 6875.00, 913.00, 14, 15, '2022-08-20 16:21:00', '2022-08-20 16:21:00'),
(1072, '20', 'IVE', '4', 'IVERMECTINA 1%VIT*50 ML         ', '20IVE04  ', '20IVE04  ', '20IVE04  ', 98, 54, 0.00, 0.00, 0.00, 0.00, 0.00, 0.00, 'NA', 0.00, 11, 0.00, 7300.00, 7300.00, 7300.00, 7300.00, 'ACTIVO', 'NA', 4135.00, 4135.00, 101.00, 14, 15, '2022-08-20 16:21:00', '2022-08-20 16:21:00'),
(1073, '20', 'IVE', '5', 'IVERMECTINA 1%VIT*20 ML         ', '20IVE05  ', '20IVE05  ', '20IVE05  ', 21, 54, 0.00, 0.00, 0.00, 0.00, 0.00, 0.00, 'NA', 0.00, 11, 0.00, 5100.00, 5100.00, 5100.00, 5100.00, 'ACTIVO', 'NA', 2653.00, 2653.00, 1485.00, 14, 15, '2022-08-20 16:21:00', '2022-08-20 16:21:00'),
(1074, '20', 'IVE', '6', 'IVERMECTINA 1%VIT*10 ML         ', '20IVE06  ', '20IVE06  ', '20IVE06  ', 25, 54, 0.00, 0.00, 0.00, 0.00, 0.00, 0.00, 'NA', 0.00, 11, 0.00, 4400.00, 4400.00, 4400.00, 4400.00, 'ACTIVO', 'NA', 1675.00, 1675.00, 2.00, 14, 15, '2022-08-20 16:21:00', '2022-08-20 16:21:00'),
(1075, '20', 'IVE', '8', 'IVERMECTINA 3.50% LA*20 ML       ', '20IVE08  ', '20IVE08  ', '20IVE08  ', 21, 54, 0.00, 0.00, 0.00, 0.00, 0.00, 0.00, 'NA', 0.00, 11, 0.00, 7300.00, 7300.00, 7300.00, 7300.00, 'ACTIVO', 'NA', 2703.00, 2703.00, 167.00, 14, 15, '2022-08-20 16:21:00', '2022-08-20 16:21:00'),
(1076, '20', 'IVE', '9', 'IVERMECTINA 3.50% LA*50 ML       ', '20IVE09  ', '20IVE09  ', '20IVE09  ', 98, 54, 0.00, 0.00, 0.00, 0.00, 0.00, 0.00, 'NA', 0.00, 11, 0.00, 13200.00, 13200.00, 13200.00, 13200.00, 'ACTIVO', 'NA', 4758.00, 4758.00, 137.00, 14, 15, '2022-08-20 16:21:00', '2022-08-20 16:21:00'),
(1077, '20', 'IVE', '10', 'IVERMECTINA 3.50% LA*100 ML       ', '20IVE10  ', '20IVE10  ', '20IVE10  ', 32, 54, 0.00, 0.00, 0.00, 0.00, 0.00, 0.00, 'NA', 0.00, 11, 0.00, 24700.00, 24700.00, 24700.00, 24700.00, 'ACTIVO', 'NA', 7975.00, 7975.00, 50.00, 14, 15, '2022-08-20 16:21:00', '2022-08-20 16:21:00'),
(1078, '20', 'IVE', '11', 'IVERMECTINA 3.50% LA*200 ML      ', '20IVE11  ', '20IVE11  ', '20IVE11  ', 62, 54, 0.00, 0.00, 0.00, 0.00, 0.00, 0.00, 'NA', 0.00, 11, 0.00, 40000.00, 40000.00, 40000.00, 40000.00, 'ACTIVO', 'NA', 15174.00, 15174.00, 97.00, 14, 15, '2022-08-20 16:21:00', '2022-08-20 16:21:00'),
(1079, '20', 'IVE', '12', 'IVERMECTINA 3.50% LA*500 ML       ', '20IVE12  ', '20IVE12  ', '20IVE12  ', 102, 54, 0.00, 0.00, 0.00, 0.00, 0.00, 0.00, 'NA', 0.00, 11, 0.00, 68700.00, 68700.00, 68700.00, 68700.00, 'ACTIVO', 'NA', 33386.00, 33386.00, 42.00, 14, 15, '2022-08-20 16:21:00', '2022-08-20 16:21:00'),
(1080, '20', 'LEV', '1', 'LEVAM 15% VIT*20ML           ', '20LEV01  ', '20LEV01  ', '20LEV01  ', 21, 54, 0.00, 0.00, 0.00, 0.00, 0.00, 0.00, 'NA', 0.00, 11, 0.00, 4100.00, 4100.00, 4100.00, 4100.00, 'ACTIVO', 'NA', 1980.00, 1980.00, 1056.00, 14, 15, '2022-08-20 16:21:00', '2022-08-20 16:21:00'),
(1081, '20', 'LEV', '2', 'LEVAM 15%VIT*50 ML           ', '20LEV02  ', '20LEV02  ', '20LEV02  ', 98, 54, 0.00, 0.00, 0.00, 0.00, 0.00, 0.00, 'NA', 0.00, 11, 0.00, 5500.00, 5500.00, 5500.00, 5500.00, 'ACTIVO', 'NA', 2732.00, 2734.00, 360.00, 14, 15, '2022-08-20 16:21:00', '2022-08-20 16:21:00'),
(1082, '20', 'LEV', '3', 'LEVAM 15%VIT*100 ML           ', '20LEV03  ', '20LEV03  ', '20LEV03  ', 32, 54, 0.00, 0.00, 0.00, 0.00, 0.00, 0.00, 'NA', 0.00, 11, 0.00, 8000.00, 8000.00, 8000.00, 8000.00, 'ACTIVO', 'NA', 5049.00, 5050.00, 163.00, 14, 15, '2022-08-20 16:21:00', '2022-08-20 16:21:00'),
(1083, '20', 'LEV', '4', 'LEVAM 15% VIT*250 ML          ', '20LEV04  ', '20LEV04  ', '20LEV04  ', 75, 54, 0.00, 0.00, 0.00, 0.00, 0.00, 0.00, 'NA', 0.00, 11, 0.00, 17000.00, 17000.00, 17000.00, 17000.00, 'ACTIVO', 'NA', 11950.00, 11950.00, 10.00, 14, 15, '2022-08-20 16:21:00', '2022-08-20 16:21:00'),
(1084, '20', 'LEV', '5', 'LEVAM 15%VIT*500 ML           ', '20LEV05  ', '20LEV05  ', '20LEV05  ', 102, 54, 0.00, 0.00, 0.00, 0.00, 0.00, 0.00, 'NA', 0.00, 11, 0.00, 24000.00, 24000.00, 24000.00, 24000.00, 'ACTIVO', 'NA', 22704.00, 22490.00, 42.00, 14, 15, '2022-08-20 16:21:00', '2022-08-20 16:21:00'),
(1085, '20', 'MEB', '1', 'MEBENDAZOL VITA*20 ML          ', '20MEB01  ', '20MEB01  ', '20MEB01  ', 21, 54, 0.00, 0.00, 0.00, 0.00, 0.00, 0.00, 'NA', 0.00, 11, 0.00, 5000.00, 5000.00, 5000.00, 5000.00, 'ACTIVO', 'NA', 1541.00, 1541.00, 1396.00, 14, 15, '2022-08-20 16:21:00', '2022-08-20 16:21:00'),
(1086, '20', 'MEB', '2', 'MEBENDAZOL VITA*100 ML         ', '20MEB02  ', '20MEB02  ', '20MEB02  ', 14, 54, 0.00, 0.00, 0.00, 0.00, 0.00, 0.00, 'NA', 0.00, 11, 0.00, 10200.00, 10200.00, 10200.00, 10200.00, 'ACTIVO', 'NA', 3298.00, 3298.00, 407.00, 14, 15, '2022-08-20 16:21:00', '2022-08-20 16:21:00'),
(1087, '20', 'MEB', '3', 'MEBENDAZOL VITA*500 ML         ', '20MEB03  ', '20MEB03  ', '20MEB03  ', 102, 54, 0.00, 0.00, 0.00, 0.00, 0.00, 0.00, 'NA', 0.00, 11, 0.00, 38000.00, 38000.00, 38000.00, 38000.00, 'ACTIVO', 'NA', 10399.00, 11782.00, 34.00, 14, 15, '2022-08-20 16:21:00', '2022-08-20 16:21:00'),
(1088, '20', 'MEB', '4', 'MEBENDAZOL VITA*1000 ML         ', '20MEB04  ', '20MEB04  ', '20MEB04  ', 16, 54, 0.00, 0.00, 0.00, 0.00, 0.00, 0.00, 'NA', 0.00, 11, 0.00, 70000.00, 70000.00, 70000.00, 70000.00, 'ACTIVO', 'NA', 23569.00, 23569.00, 49.00, 14, 15, '2022-08-20 16:21:00', '2022-08-20 16:21:00'),
(1089, '20', 'MEB', '5', 'MEBENDAZOL VITA*2000 ML         ', '20MEB05  ', '20MEB05  ', '20MEB05  ', 17, 54, 0.00, 0.00, 0.00, 0.00, 0.00, 0.00, 'NA', 0.00, 11, 0.00, 100000.00, 100000.00, 100000.00, 100000.00, 'ACTIVO', 'NA', 37962.00, 32232.00, 0.00, 14, 15, '2022-08-20 16:21:00', '2022-08-20 16:21:00'),
(1090, '20', 'MEB', '6', 'MEBENDAZOL VITA*4000 ML         ', '20MEB06  ', '20MEB06  ', '20MEB06  ', 93, 54, 0.00, 0.00, 0.00, 0.00, 0.00, 0.00, 'NA', 0.00, 11, 0.00, 150000.00, 150000.00, 150000.00, 150000.00, 'ACTIVO', 'NA', 70425.00, 31865.00, 27.00, 14, 15, '2022-08-20 16:21:00', '2022-08-20 16:21:00'),
(1091, '20', 'MUL', '1', 'MULTIVITAMINICO INY*500 ML       ', '20MUL01  ', '20MUL01  ', '20MUL01  ', 102, 54, 0.00, 0.00, 0.00, 0.00, 0.00, 0.00, 'NA', 0.00, 11, 0.00, 65500.00, 65500.00, 65500.00, 65500.00, 'ACTIVO', 'NA', 25874.00, 25874.00, 912.00, 14, 15, '2022-08-20 16:21:00', '2022-08-20 16:21:00'),
(1092, '20', 'MUL', '2', 'MULTIVITAMINICO *250 ML.        ', '20MUL02  ', '20MUL02  ', '20MUL02  ', 75, 54, 0.00, 0.00, 0.00, 0.00, 0.00, 0.00, 'NA', 0.00, 11, 0.00, 36500.00, 36500.00, 36500.00, 36500.00, 'ACTIVO', 'NA', 15048.00, 15048.00, 864.00, 14, 15, '2022-08-20 16:21:00', '2022-08-20 16:21:00'),
(1093, '20', 'MUL', '3', 'MULTIVITAMINICO INY.*20 ML       ', '20MUL03  ', '20MUL03  ', '20MUL03  ', 21, 54, 0.00, 0.00, 0.00, 0.00, 0.00, 0.00, 'NA', 0.00, 11, 0.00, 5900.00, 5900.00, 5900.00, 5900.00, 'ACTIVO', 'NA', 3018.00, 3018.00, 1193.00, 14, 15, '2022-08-20 16:21:00', '2022-08-20 16:21:00'),
(1094, '20', 'MUL', '4', 'MULTIVITAMINICO*100 ML         ', '20MUL04  ', '20MUL04  ', '20MUL04  ', 32, 54, 0.00, 0.00, 0.00, 0.00, 0.00, 0.00, 'NA', 0.00, 11, 0.00, 17550.00, 17550.00, 17550.00, 17550.00, 'ACTIVO', 'NA', 12856.00, 12856.00, 2673.00, 14, 15, '2022-08-20 16:21:00', '2022-08-20 16:21:00'),
(1095, '20', 'MUL', '5', 'MULTIVITAMINICO*50 ML          ', '20MUL05  ', '20MUL05  ', '20MUL05  ', 98, 54, 0.00, 0.00, 0.00, 0.00, 0.00, 0.00, 'NA', 0.00, 11, 0.00, 10200.00, 10200.00, 10200.00, 10200.00, 'ACTIVO', 'NA', 5168.00, 5168.00, 3876.00, 14, 15, '2022-08-20 16:21:00', '2022-08-20 16:21:00'),
(1096, '20', 'OXI', '6', 'OXITETRACICLINA 50*500 ML        ', '20OXI06  ', '20OXI06  ', '20OXI06  ', 102, 74, 0.00, 0.00, 0.00, 0.00, 0.00, 0.00, 'NA', 0.00, 11, 0.00, 19000.00, 19000.00, 19000.00, 19000.00, 'ACTIVO', 'NA', 22793.00, 22793.00, 945.00, 14, 15, '2022-08-20 16:21:00', '2022-08-20 16:21:00'),
(1097, '20', 'OXI', '7', 'OXITETRACICLINA 50*250 ML        ', '20OXI07  ', '20OXI07  ', '20OXI07  ', 75, 54, 0.00, 0.00, 0.00, 0.00, 0.00, 0.00, 'NA', 0.00, 11, 0.00, 9500.00, 9500.00, 9500.00, 9500.00, 'ACTIVO', 'NA', 13845.00, 13845.00, 707.00, 14, 15, '2022-08-20 16:21:00', '2022-08-20 16:21:00'),
(1098, '20', 'OXI', '8', 'OXITETRACICLINA 50*100 ML        ', '20OXI08  ', '20OXI08  ', '20OXI08  ', 32, 54, 0.00, 0.00, 0.00, 0.00, 0.00, 0.00, 'NA', 0.00, 11, 0.00, 5900.00, 5900.00, 5900.00, 5900.00, 'ACTIVO', 'NA', 6056.00, 6056.00, 136.00, 14, 15, '2022-08-20 16:21:00', '2022-08-20 16:21:00'),
(1099, '20', 'OXI', '9', 'OXITETRACICLINA 50*50 ML        ', '20OXI09  ', '20OXI09  ', '20OXI09  ', 98, 54, 0.00, 0.00, 0.00, 0.00, 0.00, 0.00, 'NA', 0.00, 11, 0.00, 4100.00, 4100.00, 4100.00, 4100.00, 'ACTIVO', 'NA', 3995.00, 3995.00, 385.00, 14, 15, '2022-08-20 16:21:00', '2022-08-20 16:21:00'),
(1100, '20', 'OXI', '10', 'OXITETRACICLINA 50*10 ML        ', '20OXI10  ', '20OXI10  ', '20OXI10  ', 25, 54, 0.00, 0.00, 0.00, 0.00, 0.00, 0.00, 'NA', 0.00, 11, 0.00, 2200.00, 2200.00, 2200.00, 2200.00, 'ACTIVO', 'NA', 1277.00, 1277.00, 1658.00, 14, 15, '2022-08-20 16:21:00', '2022-08-20 16:21:00'),
(1101, '20', 'OXI', 'T01', 'OXIT.200 L.A VIT*10 ML         ', '20OXIT01 ', '20OXIT01 ', '20OXIT01 ', 25, 54, 0.00, 0.00, 0.00, 0.00, 0.00, 0.00, 'NA', 0.00, 11, 0.00, 4350.00, 4350.00, 4350.00, 4350.00, 'ACTIVO', 'NA', 1751.00, 1751.00, 3275.00, 14, 15, '2022-08-20 16:21:00', '2022-08-20 16:21:00'),
(1102, '20', 'OXI', 'T02', 'OXIT.200 L.A.VIT*50 ML         ', '20OXIT02 ', '20OXIT02 ', '20OXIT02 ', 98, 54, 0.00, 0.00, 0.00, 0.00, 0.00, 0.00, 'NA', 0.00, 11, 0.00, 10200.00, 10200.00, 10200.00, 10200.00, 'ACTIVO', 'NA', 6976.00, 6976.00, 1544.00, 14, 15, '2022-08-20 16:21:00', '2022-08-20 16:21:00'),
(1103, '20', 'OXI', 'T03', 'OXIT.200 L.A VIT*250 ML         ', '20OXIT03 ', '20OXIT03 ', '20OXIT03 ', 75, 54, 0.00, 0.00, 0.00, 0.00, 0.00, 0.00, 'NA', 0.00, 11, 0.00, 32000.00, 32000.00, 32000.00, 32000.00, 'ACTIVO', 'NA', 14195.00, 14195.00, 722.00, 14, 15, '2022-08-20 16:21:00', '2022-08-20 16:21:00'),
(1104, '20', 'OXI', 'T04', 'OXIT.200 L.A.VIT*500 ML         ', '20OXIT04 ', '20OXIT04 ', '20OXIT04 ', 102, 54, 0.00, 0.00, 0.00, 0.00, 0.00, 0.00, 'NA', 0.00, 11, 0.00, 50000.00, 50000.00, 50000.00, 50000.00, 'ACTIVO', 'NA', 23603.00, 23603.00, 363.00, 14, 15, '2022-08-20 16:21:00', '2022-08-20 16:21:00'),
(1105, '20', 'OXI', 'T05', 'OXIT.200 L.A.VIT*100 ML         ', '20OXIT05 ', '20OXIT05 ', '20OXIT05 ', 32, 54, 0.00, 0.00, 0.00, 0.00, 0.00, 0.00, 'NA', 0.00, 11, 0.00, 17000.00, 17000.00, 17000.00, 17000.00, 'ACTIVO', 'NA', 6675.00, 6675.00, 2553.00, 14, 15, '2022-08-20 16:21:00', '2022-08-20 16:21:00'),
(1106, '20', 'SUL', '1', 'SULFADIAZINA+TRIMETROPIM*20 ML     ', '20SUL01  ', '20SUL01  ', '20SUL01  ', 21, 71, 0.00, 0.00, 0.00, 0.00, 0.00, 0.00, 'NA', 0.00, 11, 0.00, 8200.00, 8200.00, 8200.00, 8200.00, 'ACTIVO', 'NA', 3285.00, 976.00, 2701.00, 14, 15, '2022-08-20 16:21:00', '2022-08-20 16:21:00'),
(1107, '20', 'SUL', '2', 'SULFADIAZINA+TRIMETROPIM*50 ML     ', '20SUL02  ', '20SUL02  ', '20SUL02  ', 98, 71, 0.00, 0.00, 0.00, 0.00, 0.00, 0.00, 'NA', 0.00, 11, 0.00, 14000.00, 14000.00, 14000.00, 14000.00, 'ACTIVO', 'NA', 5589.00, 2332.00, 1279.00, 14, 15, '2022-08-20 16:21:00', '2022-08-20 16:21:00'),
(1108, '20', 'SUL', '3', 'SULFADIAZINA+TRIMETROPIM*100 ML     ', '20SUL03  ', '20SUL03  ', '20SUL03  ', 32, 71, 0.00, 0.00, 0.00, 0.00, 0.00, 0.00, 'NA', 0.00, 11, 0.00, 22000.00, 22000.00, 22000.00, 22000.00, 'ACTIVO', 'NA', 9780.00, 4822.00, 1413.00, 14, 15, '2022-08-20 16:21:00', '2022-08-20 16:21:00'),
(1109, '20', 'VIO', '1', 'VIOLETA GENCIANA*120 ML         ', '20VIO01  ', '20VIO01  ', '20VIO01  ', 45, 71, 0.00, 0.00, 0.00, 0.00, 0.00, 0.00, 'NA', 0.00, 11, 0.00, 5500.00, 5500.00, 5500.00, 5500.00, 'ACTIVO', 'NA', 2817.00, 2817.00, 134.00, 14, 15, '2022-08-20 16:21:00', '2022-08-20 16:21:00'),
(1110, '50', 'ACI', '1', 'ACIDO CITRICO *GR            ', '50ACI01  ', '50ACI01  ', '50ACI01  ', 123, 79, 0.00, 0.00, 0.00, 0.19, 0.00, 0.00, 'NA', 0.00, 7, 0.00, 5.00, 5.00, 5.00, 5.00, 'ACTIVO', 'NA', 4.00, 4.00, 15379.00, 14, 15, '2022-08-20 16:21:00', '2022-08-20 16:21:00'),
(1111, '50', 'AER', '1', 'AEROSIL 200 DIOXIDO DE SILICIO     ', '50AER01  ', '50AER01  ', '50AER01  ', 20, 1, 0.00, 0.00, 0.00, 0.00, 0.00, 0.00, 'NA', 0.00, 7, 0.00, 30.00, 30.00, 30.00, 30.00, 'ACTIVO', 'NA', 21.00, 21.00, 5402.00, 14, 15, '2022-08-20 16:21:00', '2022-08-20 16:21:00'),
(1112, '50', 'AGR', '1', 'AGRAFES ALUMINIO*20 mm         ', '50AGR01  ', '50AGR01  ', '50AGR01  ', 61, 71, 0.00, 0.00, 0.00, 0.19, 0.00, 0.00, 'NA', 0.00, 7, 0.00, 42.00, 42.00, 42.00, 42.00, 'ACTIVO', 'NA', 22.00, 22.00, 16701.00, 14, 15, '2022-08-20 16:21:00', '2022-08-20 16:21:00'),
(1113, '50', 'AGR', '2', 'AGRAFES ALUMINIO*30MM          ', '50AGR02  ', '50AGR02  ', '50AGR02  ', 88, 71, 0.00, 0.00, 0.00, 0.19, 0.00, 0.00, 'NA', 0.00, 7, 0.00, 86.00, 86.00, 86.00, 86.00, 'ACTIVO', 'NA', 60.00, 60.00, 4502.00, 14, 15, '2022-08-20 16:21:00', '2022-08-20 16:21:00'),
(1114, '50', 'ALB', '1', 'ALBENDAZOL MICRONIZADO KL        ', '50ALB01  ', '50ALB01  ', '50ALB01  ', 20, 71, 0.00, 0.00, 0.00, 0.00, 0.00, 0.00, 'NA', 0.00, 7, 0.00, 123.00, 123.00, 123.00, 123.00, 'ACTIVO', 'NA', 165.00, 165.00, 100000.00, 14, 15, '2022-08-20 16:21:00', '2022-08-20 16:21:00'),
(1115, '50', 'ALC', '1', 'ALCOHOL BENCILICO            ', '50ALC01  ', '50ALC01  ', '50ALC01  ', 129, 80, 0.00, 0.00, 0.00, 0.19, 0.00, 0.00, 'NA', 0.00, 7, 0.00, 13.00, 13.00, 13.00, 13.00, 'ACTIVO', 'NA', 10.00, 13.00, 91451.00, 14, 15, '2022-08-20 16:21:00', '2022-08-20 16:21:00'),
(1116, '50', 'ALC', '2', 'ALCOHOL ETILICO             ', '50ALC02  ', '50ALC02  ', '50ALC02  ', 20, 80, 0.00, 0.00, 0.00, 0.00, 0.00, 0.00, 'NA', 0.00, 7, 0.00, 6.00, 6.00, 6.00, 6.00, 'ACTIVO', 'NA', 4.00, 4.00, 170412.00, 14, 15, '2022-08-20 16:21:00', '2022-08-20 16:21:00'),
(1117, '50', 'AZU', '1', 'AZUCAR                 ', '50AZU01  ', '50AZU01  ', '50AZU01  ', 125, 43, 0.00, 0.00, 0.00, 0.05, 0.00, 0.00, 'NA', 0.00, 7, 0.00, 2.00, 2.00, 2.00, 2.00, 'ACTIVO', 'NA', 1.00, 1.00, 24.00, 14, 15, '2022-08-20 16:21:00', '2022-08-20 16:21:00'),
(1118, '50', 'BOM', 'BASP', 'BOMBA SPRAY FENOL VIOLETA        ', '50BOMBASP ', '50BOMBASP ', '50BOMBASP ', 45, 74, 0.00, 0.00, 0.00, 0.19, 0.00, 0.00, 'NA', 0.00, 7, 0.00, 361.00, 361.00, 361.00, 361.00, 'ACTIVO', 'NA', 537.00, 571.00, 1381.00, 14, 15, '2022-08-20 16:21:00', '2022-08-20 16:21:00'),
(1119, '50', 'CAJ', '29', 'CAJAS OXITET50 *100ML          ', '50CAJ29  ', '50CAJ29  ', '50CAJ29  ', 32, 5, 0.00, 0.00, 0.00, 0.19, 0.00, 0.00, 'NA', 0.00, 7, 0.00, 380.00, 380.00, 380.00, 380.00, 'ACTIVO', 'NA', 370.00, 370.00, 120.00, 14, 15, '2022-08-20 16:21:00', '2022-08-20 16:21:00'),
(1120, '50', 'CAJ', '45', 'CAJA LEVAMISOL*250 ML          ', '50CAJ45  ', '50CAJ45  ', '50CAJ45  ', 75, 5, 0.00, 0.00, 0.00, 0.19, 0.00, 0.00, 'NA', 0.00, 7, 0.00, 804.00, 804.00, 804.00, 804.00, 'ACTIVO', 'NA', 804.00, 850.00, 1310.00, 14, 15, '2022-08-20 16:21:00', '2022-08-20 16:21:00'),
(1121, '50', 'CAR', '1', 'CMC CARBOCIMETIL CELULOSA        ', '50CAR01  ', '50CAR01  ', '50CAR01  ', 20, 80, 0.00, 0.00, 0.00, 0.00, 0.00, 0.00, 'NA', 0.00, 7, 0.00, 15.00, 15.00, 15.00, 15.00, 'ACTIVO', 'NA', 15.00, 15.00, 13327.00, 14, 15, '2022-08-20 16:21:00', '2022-08-20 16:21:00'),
(1122, '50', 'CIP', '1', 'CIPERMETRINA M.P.            ', '50CIP01  ', '50CIP01  ', '50CIP01  ', 20, 71, 0.00, 0.00, 0.00, 0.00, 0.00, 0.00, 'NA', 0.00, 7, 0.00, 22.00, 22.00, 22.00, 22.00, 'ACTIVO', 'NA', 25.00, 25000.00, 44539.00, 14, 15, '2022-08-20 16:21:00', '2022-08-20 16:21:00'),
(1123, '50', 'DEX', '1', 'DEXAMETASONA SODIO FOSFATO       ', '50DEX01  ', '50DEX01  ', '50DEX01  ', 20, 80, 0.00, 0.00, 0.00, 0.00, 0.00, 0.00, 'NA', 0.00, 7, 0.00, 6.00, 6.00, 6.00, 6.00, 'ACTIVO', 'NA', 5900.00, 5900.00, 0.00, 14, 15, '2022-08-20 16:21:00', '2022-08-20 16:21:00'),
(1124, '50', 'ENV', '0', 'ENVASE COEX MOSQU.*1000 ML       ', '50ENV00  ', '50ENV00  ', '50ENV00  ', 16, 71, 0.00, 0.00, 0.00, 0.19, 0.00, 0.00, 'NA', 0.00, 7, 0.00, 2139.00, 2139.00, 2139.00, 2139.00, 'ACTIVO', 'NA', 1793.00, 1793.00, 400.00, 14, 15, '2022-08-20 16:21:00', '2022-08-20 16:21:00'),
(1125, '50', 'ENV', '1', 'ENVASE BLANCO PURGAS*100ML       ', '50ENV01  ', '50ENV01  ', '50ENV01  ', 32, 71, 0.00, 0.00, 0.00, 0.19, 0.00, 0.00, 'NA', 0.00, 7, 0.00, 305.00, 305.00, 305.00, 305.00, 'ACTIVO', 'NA', 305.00, 307.00, 1294.00, 14, 15, '2022-08-20 16:21:00', '2022-08-20 16:21:00'),
(1126, '50', 'ENV', '5', 'ENVASE BLANCO PURGAS*2000 ML.      ', '50ENV05  ', '50ENV05  ', '50ENV05  ', 65, 71, 0.00, 0.00, 0.00, 0.19, 0.00, 0.00, 'NA', 0.00, 7, 0.00, 1911.00, 1911.00, 1911.00, 1911.00, 'ACTIVO', 'NA', 1153.00, 1117.00, 1628.00, 14, 15, '2022-08-20 16:21:00', '2022-08-20 16:21:00'),
(1127, '50', 'ENV', '6', 'ENVASE MOSQU* 500 ML.          ', '50ENV06  ', '50ENV06  ', '50ENV06  ', 102, 71, 0.00, 0.00, 0.00, 0.19, 0.00, 0.00, 'NA', 0.00, 7, 0.00, 1639.00, 1639.00, 1639.00, 1639.00, 'ACTIVO', 'NA', 1269.00, 1269.00, 457.00, 14, 15, '2022-08-20 16:21:00', '2022-08-20 16:21:00'),
(1128, '50', 'ENV', '7', 'ENVASE PURGAS*250 CC          ', '50ENV07  ', '50ENV07  ', '50ENV07  ', 8, 71, 0.00, 0.00, 0.00, 0.19, 0.00, 0.00, 'NA', 0.00, 7, 0.00, 558.00, 558.00, 558.00, 558.00, 'ACTIVO', 'NA', 556.00, 564.00, 693.00, 14, 15, '2022-08-20 16:21:00', '2022-08-20 16:21:00'),
(1129, '50', 'ENV', '12', 'ENVASE MOSQ.*100 ML          ', '50ENV12  ', '50ENV12  ', '50ENV12  ', 32, 71, 0.00, 0.00, 0.00, 0.19, 0.00, 0.00, 'NA', 0.00, 7, 0.00, 300.00, 300.00, 300.00, 300.00, 'ACTIVO', 'NA', 237.00, 237.00, 899.00, 14, 15, '2022-08-20 16:21:00', '2022-08-20 16:21:00'),
(1130, '50', 'ENV', '14', 'ENVASE BLANCO PURGAS *500 ML      ', '50ENV14  ', '50ENV14  ', '50ENV14  ', 102, 71, 0.00, 0.00, 0.00, 0.19, 0.00, 0.00, 'NA', 0.00, 7, 0.00, 897.00, 897.00, 897.00, 897.00, 'ACTIVO', 'NA', 895.00, 895.00, 82.00, 14, 15, '2022-08-20 16:21:00', '2022-08-20 16:21:00'),
(1131, '50', 'ENV', '21', 'ENVASE MULTIV-OXIT*50          ', '50ENV21  ', '50ENV21  ', '50ENV21  ', 98, 71, 0.00, 0.00, 0.00, 0.19, 0.00, 0.00, 'NA', 0.00, 7, 0.00, 442.00, 442.00, 442.00, 442.00, 'ACTIVO', 'NA', 473.00, 466.00, 1183.00, 14, 15, '2022-08-20 16:21:00', '2022-08-20 16:21:00'),
(1132, '50', 'ENV', '22', 'ENVASE MULTIV-OXIT*250 ML        ', '50ENV22  ', '50ENV22  ', '50ENV22  ', 75, 71, 0.00, 0.00, 0.00, 0.19, 0.00, 0.00, 'NA', 0.00, 7, 0.00, 850.00, 850.00, 850.00, 850.00, 'ACTIVO', 'NA', 911.00, 911.00, 496.00, 14, 15, '2022-08-20 16:21:00', '2022-08-20 16:21:00'),
(1133, '50', 'ENV', '23', 'ENVASE MULTIV-OXIT*500         ', '50ENV23  ', '50ENV23  ', '50ENV23  ', 102, 55, 0.00, 0.00, 0.00, 0.19, 0.00, 0.00, 'NA', 0.00, 7, 0.00, 1378.00, 1378.00, 1378.00, 1378.00, 'ACTIVO', 'NA', 1244.00, 1245.00, 391.00, 14, 15, '2022-08-20 16:21:00', '2022-08-20 16:21:00'),
(1134, '50', 'ENV', '26', 'ENVASE MULTIV*20 ML           ', '50ENV26  ', '50ENV26  ', '50ENV26  ', 108, 71, 0.00, 0.00, 0.00, 0.19, 0.00, 0.00, 'NA', 0.00, 7, 0.00, 343.00, 343.00, 343.00, 343.00, 'ACTIVO', 'NA', 911.00, 911.00, 2053.00, 14, 15, '2022-08-20 16:21:00', '2022-08-20 16:21:00'),
(1135, '50', 'ENV', '27', 'ENVASE IVERMECT*500 ML         ', '50ENV27  ', '50ENV27  ', '50ENV27  ', 102, 71, 0.00, 0.00, 0.00, 0.19, 0.00, 0.00, 'NA', 0.00, 7, 0.00, 787.00, 787.00, 787.00, 787.00, 'ACTIVO', 'NA', 809.00, 788.00, 2514.00, 14, 15, '2022-08-20 16:21:00', '2022-08-20 16:21:00'),
(1136, '50', 'ENV', '28', 'ENVASE IVERMECTINA*200 ML        ', '50ENV28  ', '50ENV28  ', '50ENV28  ', 62, 71, 0.00, 0.00, 0.00, 0.19, 0.00, 0.00, 'NA', 0.00, 7, 0.00, 602.00, 602.00, 602.00, 602.00, 'ACTIVO', 'NA', 562.00, 562.00, 1076.00, 14, 15, '2022-08-20 16:21:00', '2022-08-20 16:21:00'),
(1137, '50', 'ENV', '29', 'ENVASE IVERMECTINA*100 ML        ', '50ENV29  ', '50ENV29  ', '50ENV29  ', 32, 71, 0.00, 0.00, 0.00, 0.19, 0.00, 0.00, 'NA', 0.00, 7, 0.00, 286.00, 286.00, 286.00, 286.00, 'ACTIVO', 'NA', 286.00, 287.00, 2366.00, 14, 15, '2022-08-20 16:21:00', '2022-08-20 16:21:00'),
(1138, '50', 'ENV', '30', 'ENVASE IVERMECTINA*50 ML        ', '50ENV30  ', '50ENV30  ', '50ENV30  ', 98, 71, 0.00, 0.00, 0.00, 0.19, 0.00, 0.00, 'NA', 0.00, 7, 0.00, 237.00, 237.00, 237.00, 237.00, 'ACTIVO', 'NA', 238.00, 238.00, 2880.00, 14, 15, '2022-08-20 16:21:00', '2022-08-20 16:21:00'),
(1139, '50', 'ENV', '32', 'ENVASE IVERMECTINA*10 ML        ', '50ENV32  ', '50ENV32  ', '50ENV32  ', 25, 71, 0.00, 0.00, 0.00, 0.19, 0.00, 0.00, 'NA', 0.00, 7, 0.00, 100.00, 100.00, 100.00, 100.00, 'ACTIVO', 'NA', 101.00, 102.00, 3090.00, 14, 15, '2022-08-20 16:21:00', '2022-08-20 16:21:00'),
(1140, '50', 'ENV', '34', 'ENVASE MULTIV-OXIT*100 ML        ', '50ENV34  ', '50ENV34  ', '50ENV34  ', 32, 74, 0.00, 0.00, 0.00, 0.19, 0.00, 0.00, 'NA', 0.00, 7, 0.00, 530.00, 530.00, 530.00, 530.00, 'ACTIVO', 'NA', 552.00, 552.00, 1235.00, 14, 15, '2022-08-20 16:21:00', '2022-08-20 16:21:00'),
(1141, '50', 'ENV', '36', 'ENVASE MOSQ*20 ML            ', '50ENV36  ', '50ENV36  ', '50ENV36  ', 84, 71, 0.00, 0.00, 0.00, 0.19, 0.00, 0.00, 'NA', 0.00, 7, 0.00, 174.00, 174.00, 174.00, 174.00, 'ACTIVO', 'NA', 141.00, 138.00, 4712.00, 14, 15, '2022-08-20 16:21:00', '2022-08-20 16:21:00'),
(1142, '50', 'ENV', '45', 'ENVASE VIOLETA G*120.          ', '50ENV45  ', '50ENV45  ', '50ENV45  ', 45, 55, 0.00, 0.00, 0.00, 0.19, 0.00, 0.00, 'NA', 0.00, 7, 0.00, 267.00, 267.00, 267.00, 267.00, 'ACTIVO', 'NA', 379.00, 383.00, 1068.00, 14, 15, '2022-08-20 16:21:00', '2022-08-20 16:21:00'),
(1143, '50', 'ENV', '46', 'ENVASE POMADA ALFAVIT * 220GR      ', '50ENV46  ', '50ENV46  ', '50ENV46  ', 69, 71, 0.00, 0.00, 0.00, 0.19, 0.00, 0.00, 'NA', 0.00, 7, 0.00, 586.00, 586.00, 586.00, 586.00, 'ACTIVO', 'NA', 658.00, 666.00, 4621.00, 14, 15, '2022-08-20 16:21:00', '2022-08-20 16:21:00'),
(1144, '50', 'ENV', '50', 'ENVASE PURGAS 240            ', '50ENV50  ', '50ENV50  ', '50ENV50  ', 8, 74, 0.00, 0.00, 0.00, 0.19, 0.00, 0.00, 'NA', 0.00, 7, 0.00, 394.00, 394.00, 394.00, 394.00, 'ACTIVO', 'NA', 546.00, 548.00, 0.00, 14, 15, '2022-08-20 16:21:00', '2022-08-20 16:21:00'),
(1145, '50', 'ESE', '2', 'ESENCIA FRANBUESA            ', '50ESE02  ', '50ESE02  ', '50ESE02  ', 20, 50, 0.00, 0.00, 0.00, 0.00, 0.00, 0.00, 'NA', 0.00, 7, 0.00, 60.00, 60.00, 60.00, 60.00, 'ACTIVO', 'NA', 64.00, 64.00, 0.00, 14, 15, '2022-08-20 16:21:00', '2022-08-20 16:21:00'),
(1146, '50', 'ESE', '3', 'ESENCIA BANANA             ', '50ESE03  ', '50ESE03  ', '50ESE03  ', 124, 56, 0.00, 0.00, 0.00, 0.00, 0.00, 0.00, 'NA', 0.00, 7, 0.00, 51.00, 51.00, 51.00, 51.00, 'ACTIVO', 'NA', 54.00, 54.00, 1000.00, 14, 15, '2022-08-20 16:21:00', '2022-08-20 16:21:00'),
(1147, '50', 'ETI', '4', 'ETIQUETA ALBENDAZOL*1000 ML       ', '50ETI04  ', '50ETI04  ', '50ETI04  ', 36, 5, 0.00, 0.00, 0.00, 0.19, 0.00, 0.00, 'NA', 0.00, 7, 0.00, 268.00, 268.00, 268.00, 268.00, 'ACTIVO', 'NA', 268.00, 280.00, 698.00, 14, 15, '2022-08-20 16:21:00', '2022-08-20 16:21:00'),
(1148, '50', 'ETI', '6', 'ETIQUETA MEBENDAZOL*100 ML       ', '50ETI06  ', '50ETI06  ', '50ETI06  ', 8, 5, 0.00, 0.00, 0.00, 0.19, 0.00, 0.00, 'NA', 0.00, 7, 0.00, 149.00, 149.00, 149.00, 149.00, 'ACTIVO', 'NA', 149.00, 150.00, 503.00, 14, 15, '2022-08-20 16:21:00', '2022-08-20 16:21:00'),
(1149, '50', 'ETI', '7', 'ETIQUETA ALBEND*250 ML         ', '50ETI07  ', '50ETI07  ', '50ETI07  ', 8, 5, 0.00, 0.00, 0.00, 0.19, 0.00, 0.00, 'NA', 0.00, 7, 0.00, 270.00, 270.00, 270.00, 270.00, 'ACTIVO', 'NA', 239.00, 250.00, 1639.00, 14, 15, '2022-08-20 16:21:00', '2022-08-20 16:21:00'),
(1150, '50', 'ETI', '17', 'ETIQUETA CIPERM*20           ', '50ETI17  ', '50ETI17  ', '50ETI17  ', 21, 5, 0.00, 0.00, 0.00, 0.19, 0.00, 0.00, 'NA', 0.00, 7, 0.00, 70.00, 70.00, 70.00, 70.00, 'ACTIVO', 'NA', 78.00, 80.00, 1696.00, 14, 15, '2022-08-20 16:21:00', '2022-08-20 16:21:00'),
(1151, '50', 'ETI', '19', 'ETIQUETA CIPERM*500           ', '50ETI19  ', '50ETI19  ', '50ETI19  ', 8, 5, 0.00, 0.00, 0.00, 0.19, 0.00, 0.00, 'NA', 0.00, 7, 0.00, 273.00, 273.00, 273.00, 273.00, 'ACTIVO', 'NA', 296.00, 310.00, 1535.00, 14, 15, '2022-08-20 16:21:00', '2022-08-20 16:21:00'),
(1152, '50', 'ETI', '22', 'ETIQUETA MEBENDAZOL*500         ', '50ETI22  ', '50ETI22  ', '50ETI22  ', 8, 5, 0.00, 0.00, 0.00, 0.19, 0.00, 0.00, 'NA', 0.00, 7, 0.00, 125.00, 125.00, 125.00, 125.00, 'ACTIVO', 'NA', 125.00, 125.00, 721.00, 14, 15, '2022-08-20 16:21:00', '2022-08-20 16:21:00'),
(1153, '50', 'ETI', '25', 'ETIQUETA OXITETRAC*10 L.A        ', '50ETI25  ', '50ETI25  ', '50ETI25  ', 25, 5, 0.00, 0.00, 0.00, 0.19, 0.00, 0.00, 'NA', 0.00, 7, 0.00, 110.00, 110.00, 110.00, 110.00, 'ACTIVO', 'NA', 50.00, 50.00, 678.00, 14, 15, '2022-08-20 16:21:00', '2022-08-20 16:21:00'),
(1154, '50', 'ETI', '45', 'ETIQUETA IVERMEC 1%*500 ML       ', '50ETI45  ', '50ETI45  ', '50ETI45  ', 102, 5, 0.00, 0.00, 0.00, 0.19, 0.00, 0.00, 'NA', 0.00, 7, 0.00, 220.00, 220.00, 220.00, 220.00, 'ACTIVO', 'NA', 237.00, 250.00, 1329.00, 14, 15, '2022-08-20 16:21:00', '2022-08-20 16:21:00'),
(1155, '50', 'ETI', '46', 'ETIQUETA IVERMEC 1%*200 ML       ', '50ETI46  ', '50ETI46  ', '50ETI46  ', 62, 5, 0.00, 0.00, 0.00, 0.19, 0.00, 0.00, 'NA', 0.00, 7, 0.00, 210.00, 210.00, 210.00, 210.00, 'ACTIVO', 'NA', 233.00, 250.00, 519.00, 14, 15, '2022-08-20 16:21:00', '2022-08-20 16:21:00'),
(1156, '50', 'ETI', '58', 'ETIQUETA FENBENDAZOL*1000 ML      ', '50ETI58  ', '50ETI58  ', '50ETI58  ', 36, 5, 0.00, 0.00, 0.00, 0.19, 0.00, 0.00, 'NA', 0.00, 7, 0.00, 331.00, 331.00, 331.00, 331.00, 'ACTIVO', 'NA', 293.00, 270.00, 1494.00, 14, 15, '2022-08-20 16:21:00', '2022-08-20 16:21:00'),
(1157, '50', 'ETI', '62', 'ETIQUETA OXITET 50* 10 ML        ', '50ETI62  ', '50ETI62  ', '50ETI62  ', 25, 74, 0.00, 0.00, 0.00, 0.19, 0.00, 0.00, 'NA', 0.00, 7, 0.00, 77.00, 77.00, 77.00, 77.00, 'ACTIVO', 'NA', 50.00, 50.00, 1565.00, 14, 15, '2022-08-20 16:21:00', '2022-08-20 16:21:00'),
(1158, '50', 'ETI', '67', 'ETIQUETA VIOLETA GENC*120 ML      ', '50ETI67  ', '50ETI67  ', '50ETI67  ', 45, 5, 0.00, 0.00, 0.00, 0.19, 0.00, 0.00, 'NA', 0.00, 7, 0.00, 180.00, 180.00, 180.00, 180.00, 'ACTIVO', 'NA', 150.00, 150.00, 1915.00, 14, 15, '2022-08-20 16:21:00', '2022-08-20 16:21:00'),
(1159, '50', 'ETI', '86', 'ETIQUETA ALFAVIT * 220 GR        ', '50ETI86  ', '50ETI86  ', '50ETI86  ', 69, 5, 0.00, 0.00, 0.00, 0.19, 0.00, 0.00, 'NA', 0.00, 7, 0.00, 171.00, 171.00, 171.00, 171.00, 'ACTIVO', 'NA', 171.00, 230.00, 1060.00, 14, 15, '2022-08-20 16:21:00', '2022-08-20 16:21:00'),
(1160, '50', 'ETI', '90', 'ETIQUETA IVERMEC 3.50*50        ', '50ETI90  ', '50ETI90  ', '50ETI90  ', 8, 5, 0.00, 0.00, 0.00, 0.19, 0.00, 0.00, 'NA', 0.00, 7, 0.00, 80.00, 80.00, 80.00, 80.00, 'ACTIVO', 'NA', 67.00, 50.00, 2574.00, 14, 15, '2022-08-20 16:21:00', '2022-08-20 16:21:00'),
(1161, '50', 'ETI', 'Q18', 'ETIQUETA CIPERM*100           ', '50ETIQ18 ', '50ETIQ18 ', '50ETIQ18 ', 32, 5, 0.00, 0.00, 0.00, 0.19, 0.00, 0.00, 'NA', 0.00, 7, 0.00, 170.00, 170.00, 170.00, 170.00, 'ACTIVO', 'NA', 149.00, 150.00, 106.00, 14, 15, '2022-08-20 16:21:00', '2022-08-20 16:21:00'),
(1162, '50', 'FEN', '1', 'FENBENDAZOL MICRONIZADO         ', '50FEN01  ', '50FEN01  ', '50FEN01  ', 20, 6, 0.00, 0.00, 0.00, 0.00, 0.00, 0.00, 'NA', 0.00, 7, 0.00, 190.00, 190.00, 190.00, 190.00, 'ACTIVO', 'NA', 190.00, 190.00, 8739.00, 14, 15, '2022-08-20 16:21:00', '2022-08-20 16:21:00'),
(1163, '50', 'FOS', '1', 'FOSFATO TRICALCICO           ', '50FOS01  ', '50FOS01  ', '50FOS01  ', 20, 1, 0.00, 0.00, 0.00, 0.00, 0.00, 0.00, 'NA', 0.00, 7, 0.00, 5.00, 5.00, 5.00, 5.00, 'ACTIVO', 'NA', 4.00, 4.00, 8000.00, 14, 15, '2022-08-20 16:21:00', '2022-08-20 16:21:00'),
(1164, '50', 'GLI', '1', 'GLICERINA USP * GR           ', '50GLI01  ', '50GLI01  ', '50GLI01  ', 20, 80, 0.00, 0.00, 0.00, 0.00, 0.00, 0.00, 'NA', 0.00, 7, 0.00, 4.00, 4.00, 4.00, 4.00, 'ACTIVO', 'NA', 5.00, 4.00, 42950.00, 14, 15, '2022-08-20 16:21:00', '2022-08-20 16:21:00'),
(1165, '50', 'GLU', '1', 'GLUCONATO DE CALCIO USP         ', '50GLU01  ', '50GLU01  ', '50GLU01  ', 20, 80, 0.00, 0.00, 0.00, 0.00, 0.00, 0.00, 'NA', 0.00, 7, 0.00, 10.00, 10.00, 10.00, 10.00, 'ACTIVO', 'NA', 11.00, 12.00, 0.00, 14, 15, '2022-08-20 16:21:00', '2022-08-20 16:21:00'),
(1166, '50', 'GOT', '1', 'GOTERO 30 CC              ', '50GOT01  ', '50GOT01  ', '50GOT01  ', 82, 55, 0.00, 0.00, 0.00, 0.19, 0.00, 0.00, 'NA', 0.00, 7, 0.00, 120.00, 120.00, 120.00, 120.00, 'ACTIVO', 'NA', 93.00, 93.00, 0.00, 14, 15, '2022-08-20 16:21:00', '2022-08-20 16:21:00'),
(1167, '50', 'GUA', '1', 'GUAYACOL                ', '50GUA01  ', '50GUA01  ', '50GUA01  ', 123, 79, 0.00, 0.00, 0.00, 0.19, 0.00, 0.00, 'NA', 0.00, 7, 0.00, 48.00, 48.00, 48.00, 48.00, 'ACTIVO', 'NA', 48.00, 48.00, 25000.00, 14, 15, '2022-08-20 16:21:00', '2022-08-20 16:21:00'),
(1168, '50', 'IVE', '1', 'IVERMECTINA BASE            ', '50IVE01  ', '50IVE01  ', '50IVE01  ', 124, 71, 0.00, 0.00, 0.00, 0.00, 0.00, 0.00, 'NA', 0.00, 7, 0.00, 634.00, 634.00, 634.00, 634.00, 'ACTIVO', 'NA', 688.00, 690.00, 30925.00, 14, 15, '2022-08-20 16:21:00', '2022-08-20 16:21:00'),
(1169, '50', 'JER', '1', 'JERINGA * 2ML              ', '50JER01  ', '50JER01  ', '50JER01  ', 50, 71, 0.00, 0.00, 0.00, 0.19, 0.00, 0.00, 'NA', 0.00, 7, 0.00, 110.00, 110.00, 110.00, 110.00, 'ACTIVO', 'NA', 108.00, 110.00, 0.00, 14, 15, '2022-08-20 16:21:00', '2022-08-20 16:21:00'),
(1170, '50', 'JER', '2', 'JERINGA * 5 ML             ', '50JER02  ', '50JER02  ', '50JER02  ', 97, 71, 0.00, 0.00, 0.00, 0.19, 0.00, 0.00, 'NA', 0.00, 7, 0.00, 130.00, 130.00, 130.00, 130.00, 'ACTIVO', 'NA', 130.00, 130.00, 0.00, 14, 15, '2022-08-20 16:21:00', '2022-08-20 16:21:00'),
(1171, '50', 'JER', '3', 'JERINGA * 20 CC             ', '50JER03  ', '50JER03  ', '50JER03  ', 55, 71, 0.00, 0.00, 0.00, 0.19, 0.00, 0.00, 'NA', 0.00, 7, 0.00, 500.00, 500.00, 500.00, 500.00, 'ACTIVO', 'NA', 315.00, 313.00, 2912.00, 14, 15, '2022-08-20 16:21:00', '2022-08-20 16:21:00'),
(1172, '50', 'JER', '4', 'JERINGA * 10 CC             ', '50JER04  ', '50JER04  ', '50JER04  ', 26, 71, 0.00, 0.00, 0.00, 0.19, 0.00, 0.00, 'NA', 0.00, 7, 0.00, 250.00, 250.00, 250.00, 250.00, 'ACTIVO', 'NA', 228.00, 235.00, 2764.00, 14, 15, '2022-08-20 16:21:00', '2022-08-20 16:21:00'),
(1173, '50', 'LEV', '2', 'LEVAMISOL HCL BP            ', '50LEV02  ', '50LEV02  ', '50LEV02  ', 20, 74, 0.00, 0.00, 0.00, 0.00, 0.00, 0.00, 'NA', 0.00, 7, 0.00, 67.00, 67.00, 67.00, 67.00, 'ACTIVO', 'NA', 234.00, 235.00, 75000.00, 14, 15, '2022-08-20 16:21:00', '2022-08-20 16:21:00'),
(1174, '50', 'MET', '1', 'METIL PARABENO PURO           ', '50MET01  ', '50MET01  ', '50MET01  ', 20, 1, 0.00, 0.00, 0.00, 0.19, 0.00, 0.00, 'NA', 0.00, 7, 0.00, 31.00, 31.00, 31.00, 31.00, 'ACTIVO', 'NA', 20.00, 18.00, 6853.00, 14, 15, '2022-08-20 16:21:00', '2022-08-20 16:21:00'),
(1175, '50', 'MON', '1', 'MONOETANOLAMINA*KILO          ', '50MON01  ', '50MON01  ', '50MON01  ', 20, 80, 0.00, 0.00, 0.00, 0.00, 0.00, 0.00, 'NA', 0.00, 7, 0.00, 12.00, 12.00, 12.00, 12.00, 'ACTIVO', 'NA', 141.00, 141.00, 46017.00, 14, 15, '2022-08-20 16:21:00', '2022-08-20 16:21:00'),
(1176, '50', 'OXI', '3', 'OXITETRAC HCL ORAL CTE         ', '50OXI03  ', '50OXI03  ', '50OXI03  ', 124, 80, 0.00, 0.00, 0.00, 0.00, 0.00, 0.00, 'NA', 0.00, 7, 0.00, 95.00, 95.00, 95.00, 95.00, 'ACTIVO', 'NA', 107.00, 108.00, 334.00, 14, 15, '2022-08-20 16:21:00', '2022-08-20 16:21:00'),
(1177, '50', 'PAM', '1', 'PAMOATO DE PIRANTEL USP         ', '50PAM01  ', '50PAM01  ', '50PAM01  ', 126, 33, 0.00, 0.00, 0.00, 0.00, 0.00, 0.00, 'NA', 0.00, 7, 0.00, 100000.00, 100000.00, 100000.00, 100000.00, 'ACTIVO', 'NA', 100000.00, 100000.00, 0.00, 14, 15, '2022-08-20 16:21:00', '2022-08-20 16:21:00'),
(1178, '50', 'PAR', '1', 'PARAFINA SOLIDA             ', '50PAR01  ', '50PAR01  ', '50PAR01  ', 123, 79, 0.00, 0.00, 0.00, 0.19, 0.00, 0.00, 'NA', 0.00, 7, 0.00, 10.00, 10.00, 10.00, 10.00, 'ACTIVO', 'NA', 8.00, 9.00, 65500.00, 14, 15, '2022-08-20 16:21:00', '2022-08-20 16:21:00'),
(1179, '50', 'PIR', '1', 'N-METIL2 PIRROLIDONA          ', '50PIR01  ', '50PIR01  ', '50PIR01  ', 20, 80, 0.00, 0.00, 0.00, 0.00, 0.00, 0.00, 'NA', 0.00, 7, 0.00, 21.00, 21.00, 21.00, 21.00, 'ACTIVO', 'NA', 12.00, 12.00, 146400.00, 14, 15, '2022-08-20 16:21:00', '2022-08-20 16:21:00'),
(1180, '50', 'PRO', '1', 'PROPILENGLICOL USP           ', '50PRO01  ', '50PRO01  ', '50PRO01  ', 20, 47, 0.00, 0.00, 0.00, 0.00, 0.00, 0.00, 'NA', 0.00, 7, 0.00, 6.00, 6.00, 6.00, 6.00, 'ACTIVO', 'NA', 45.00, 6218.00, 191899.00, 14, 15, '2022-08-20 16:21:00', '2022-08-20 16:21:00'),
(1181, '50', 'SAC', '1', 'SACARINA SODICA             ', '50SAC01  ', '50SAC01  ', '50SAC01  ', 124, 79, 0.00, 0.00, 0.00, 0.19, 0.00, 0.00, 'NA', 0.00, 7, 0.00, 46.00, 46.00, 46.00, 46.00, 'ACTIVO', 'NA', 46.00, 46.00, 494.00, 14, 15, '2022-08-20 16:21:00', '2022-08-20 16:21:00'),
(1182, '50', 'SOD', '1', 'SODIO FORMALDHEIDO SULFOXILATO     ', '50SOD01  ', '50SOD01  ', '50SOD01  ', 20, 80, 0.00, 0.00, 0.00, 0.00, 0.00, 0.00, 'NA', 0.00, 7, 0.00, 142.00, 142.00, 142.00, 142.00, 'ACTIVO', 'NA', 142.00, 142.00, 589.00, 14, 15, '2022-08-20 16:21:00', '2022-08-20 16:21:00'),
(1183, '50', 'SOL', '1', 'SOLUPHOR 2 PIRROLIDONA         ', '50SOL01  ', '50SOL01  ', '50SOL01  ', 20, 80, 0.00, 0.00, 0.00, 0.00, 0.00, 0.00, 'NA', 0.00, 7, 0.00, 21.00, 21.00, 21.00, 21.00, 'ACTIVO', 'NA', 12.00, 12.00, 0.00, 14, 15, '2022-08-20 16:21:00', '2022-08-20 16:21:00'),
(1184, '50', 'SOR', '1', 'SORBITOL 70%              ', '50SOR01  ', '50SOR01  ', '50SOR01  ', 20, 80, 0.00, 0.00, 0.00, 0.00, 0.00, 0.00, 'NA', 0.00, 7, 0.00, 3.00, 3.00, 3.00, 3.00, 'ACTIVO', 'NA', 4.00, 4.00, 10019.00, 14, 15, '2022-08-20 16:21:00', '2022-08-20 16:21:00'),
(1185, '50', 'SUL', '1', 'SULFATO DE COBALTO           ', '50SUL01  ', '50SUL01  ', '50SUL01  ', 20, 74, 0.00, 0.00, 0.00, 0.00, 0.00, 0.00, 'NA', 0.00, 7, 0.00, 85.00, 85.00, 85.00, 85.00, 'ACTIVO', 'NA', 85.00, 85.00, 22199.00, 14, 15, '2022-08-20 16:21:00', '2022-08-20 16:21:00'),
(1186, '50', 'SUL', '4', 'SULFATO DE MAGNESIO USP         ', '50SUL04  ', '50SUL04  ', '50SUL04  ', 20, 80, 0.00, 0.00, 0.00, 0.00, 0.00, 0.00, 'NA', 0.00, 7, 0.00, 9.00, 9.00, 9.00, 9.00, 'ACTIVO', 'NA', 9.00, 9.00, 990.00, 14, 15, '2022-08-20 16:21:00', '2022-08-20 16:21:00'),
(1187, '50', 'TAP', '0', 'TAPON JERINGA.             ', '50TAP00  ', '50TAP00  ', '50TAP00  ', 61, 71, 0.00, 0.00, 0.00, 0.19, 0.00, 0.00, 'NA', 0.00, 7, 0.00, 23.00, 23.00, 23.00, 23.00, 'ACTIVO', 'NA', 13.00, 13.00, 16781.00, 14, 15, '2022-08-20 16:21:00', '2022-08-20 16:21:00'),
(1188, '50', 'TAP', '1', 'TAPONES CAUCHO*20mm           ', '50TAP01  ', '50TAP01  ', '50TAP01  ', 61, 71, 0.00, 0.00, 0.00, 0.19, 0.00, 0.00, 'NA', 0.00, 7, 0.00, 65.00, 65.00, 65.00, 65.00, 'ACTIVO', 'NA', 65.00, 65.00, 16503.00, 14, 15, '2022-08-20 16:21:00', '2022-08-20 16:21:00'),
(1189, '50', 'TAP', '2', 'TAPONES CAUCHO* 30mm          ', '50TAP02  ', '50TAP02  ', '50TAP02  ', 88, 71, 0.00, 0.00, 0.00, 0.19, 0.00, 0.00, 'NA', 0.00, 7, 0.00, 244.00, 244.00, 244.00, 244.00, 'ACTIVO', 'NA', 198.00, 21.00, 7405.00, 14, 15, '2022-08-20 16:21:00', '2022-08-20 16:21:00'),
(1190, '50', 'TAP', '3', 'TAPA 28mm                ', '50TAP03  ', '50TAP03  ', '50TAP03  ', 8, 55, 0.00, 100.00, 10000.00, 0.19, 0.00, 0.00, 'NA', 0.00, 7, 0.00, 63.00, 63.00, 63.00, 63.00, 'ACTIVO', 'NA', 65.00, 75.00, 8399.00, 14, 15, '2022-08-20 16:21:00', '2022-08-20 16:21:00'),
(1191, '50', 'TAP', '4', 'TAPON CONCAVO* 30 MM          ', '50TAP04  ', '50TAP04  ', '50TAP04  ', 88, 29, 0.00, 0.00, 0.00, 0.19, 0.00, 0.00, 'NA', 0.00, 7, 0.00, 22.00, 22.00, 22.00, 22.00, 'ACTIVO', 'NA', 22.00, 22.00, 2742.00, 14, 15, '2022-08-20 16:21:00', '2022-08-20 16:21:00'),
(1192, '50', 'TRI', '2', 'TRIACETINA               ', '50TRI02  ', '50TRI02  ', '50TRI02  ', 20, 79, 0.00, 0.00, 0.00, 0.00, 0.00, 0.00, 'NA', 0.00, 7, 0.00, 6.00, 6.00, 6.00, 6.00, 'ACTIVO', 'NA', 5.00, 5.00, 159790.00, 14, 15, '2022-08-20 16:21:00', '2022-08-20 16:21:00'),
(1193, '50', 'TRI', '3', 'TRIMETHOPRIM MICRONIZADO        ', '50TRI03  ', '50TRI03  ', '50TRI03  ', 20, 80, 0.00, 0.00, 0.00, 0.00, 0.00, 0.00, 'NA', 0.00, 7, 0.00, 130.00, 130.00, 130.00, 130.00, 'ACTIVO', 'NA', 129.00, 130.00, 4000.00, 14, 15, '2022-08-20 16:21:00', '2022-08-20 16:21:00'),
(1194, '50', 'TWE', '1', 'TWEEN 80 * GRAMS            ', '50TWE01  ', '50TWE01  ', '50TWE01  ', 122, 74, 0.00, 0.00, 0.00, 0.00, 0.00, 0.00, 'NA', 0.00, 7, 0.00, 13.00, 13.00, 13.00, 13.00, 'ACTIVO', 'NA', 12.00, 12.00, 18846.00, 14, 15, '2022-08-20 16:21:00', '2022-08-20 16:21:00'),
(1195, '50', 'VIO', '*GEN', 'VIOLETA DE GENCIANA           ', '50VIO*GEN ', '50VIO*GEN ', '50VIO*GEN ', 8, 43, 0.00, 0.00, 0.00, 0.00, 0.00, 0.00, 'NA', 0.00, 7, 0.00, 86700.00, 86700.00, 86700.00, 86700.00, 'ACTIVO', 'NA', 165.00, 180.00, 1000.00, 14, 15, '2022-08-20 16:21:00', '2022-08-20 16:21:00'),
(1196, '50', 'VIT', '2', 'VITAMINA A PALMITATO          ', '50VIT02  ', '50VIT02  ', '50VIT02  ', 20, 4, 0.00, 1.00, 100000.00, 0.00, 0.00, 0.00, 'NA', 0.00, 7, 0.00, 5.00, 5.00, 5.00, 5.00, 'ACTIVO', 'NA', 79.00, 79.00, 57414.00, 14, 15, '2022-08-20 16:21:00', '2022-08-20 16:21:00');

-- --------------------------------------------------------

--
-- Table structure for table `regimenes`
--

CREATE TABLE `regimenes` (
  `id` int(10) UNSIGNED NOT NULL,
  `nombre` varchar(255) COLLATE utf8mb4_unicode_ci NOT NULL,
  `descripcion` varchar(255) COLLATE utf8mb4_unicode_ci NOT NULL,
  `created_at` timestamp NULL DEFAULT NULL,
  `updated_at` timestamp NULL DEFAULT NULL
) ENGINE=InnoDB DEFAULT CHARSET=utf8mb4 COLLATE=utf8mb4_unicode_ci;

--
-- Dumping data for table `regimenes`
--

INSERT INTO `regimenes` (`id`, `nombre`, `descripcion`, `created_at`, `updated_at`) VALUES
(1, 'Rgimen nico Simplificado', 'Rgimen nico Simplificado', NULL, NULL);

-- --------------------------------------------------------

--
-- Table structure for table `resoluciones`
--

CREATE TABLE `resoluciones` (
  `id` int(10) UNSIGNED NOT NULL,
  `fecha` varchar(255) COLLATE utf8mb4_unicode_ci NOT NULL,
  `numero` int(11) NOT NULL,
  `rango` varchar(255) COLLATE utf8mb4_unicode_ci NOT NULL,
  `id_empresa` int(11) NOT NULL,
  `created_at` timestamp NULL DEFAULT NULL,
  `updated_at` timestamp NULL DEFAULT NULL
) ENGINE=InnoDB DEFAULT CHARSET=utf8mb4 COLLATE=utf8mb4_unicode_ci;

-- --------------------------------------------------------

--
-- Table structure for table `retefuentes`
--

CREATE TABLE `retefuentes` (
  `id` int(10) UNSIGNED NOT NULL,
  `nombre` varchar(255) COLLATE utf8mb4_unicode_ci NOT NULL,
  `valor` double(11,2) NOT NULL,
  `descripcion` varchar(255) COLLATE utf8mb4_unicode_ci NOT NULL,
  `created_at` timestamp NULL DEFAULT NULL,
  `updated_at` timestamp NULL DEFAULT NULL
) ENGINE=InnoDB DEFAULT CHARSET=utf8mb4 COLLATE=utf8mb4_unicode_ci;

--
-- Dumping data for table `retefuentes`
--

INSERT INTO `retefuentes` (`id`, `nombre`, `valor`, `descripcion`, `created_at`, `updated_at`) VALUES
(1, 'SOBRE TODO', 0.00, 'Se realiza la retencin sobre todo', NULL, NULL),
(2, 'SOBRE LA BASE MENSUAL', 0.00, 'Se realiza la base del mes en la venta', NULL, NULL),
(3, 'NO PRESENTA', 0.00, 'Se realiza la base del mes en la venta', NULL, NULL);

-- --------------------------------------------------------

--
-- Table structure for table `sessions`
--

CREATE TABLE `sessions` (
  `id` int(10) UNSIGNED NOT NULL,
  `user_id` varchar(255) COLLATE utf8mb4_unicode_ci NOT NULL,
  `id_empresa` int(11) NOT NULL,
  `ip` varchar(255) COLLATE utf8mb4_unicode_ci NOT NULL,
  `user_agent` text COLLATE utf8mb4_unicode_ci NOT NULL,
  `last_activity` text COLLATE utf8mb4_unicode_ci NOT NULL,
  `created_at` timestamp NULL DEFAULT NULL,
  `updated_at` timestamp NULL DEFAULT NULL
) ENGINE=InnoDB DEFAULT CHARSET=utf8mb4 COLLATE=utf8mb4_unicode_ci;

--
-- Dumping data for table `sessions`
--

INSERT INTO `sessions` (`id`, `user_id`, `id_empresa`, `ip`, `user_agent`, `last_activity`, `created_at`, `updated_at`) VALUES
(1, '14', 1, '186.84.20.229', 'eyJpdiI6IlwvUlhyR2FGNUNtZ1c5bW1ZVlJLS25RPT0iLCJ2YWx1ZSI6IlI4QmR3bDIxV3c0QSs1ZDV2aHV0cEtVNEhtY1JcL05XRFQ1a242ZWRudjdMaWdCWjN4YnV2aW5iWDgzbTdZbHduIiwibWFjIjoiMGFhMDk2NmMwZTk4YjUwMWJhNWU0ZmJhMjYxZjM2YmIxNjliMjJjMmY4MDk0YzY0ZmJjN2E2MDgwNzM1YzNjYSJ9', 'Ingreso Al sistema', '2020-08-18 21:24:14', '2020-08-18 21:24:14'),
(2, '14', 1, '186.84.20.229', 'eyJpdiI6ImdSQ0FFSGlFUzBwTWJCdDFuM3FrUmc9PSIsInZhbHVlIjoiMDlVeFkzUEQ5MWMyZk9uV0lWMjZ2TzEwUWhWVk80U0JUQlJEaE4rc3lkWEdQamJ6TEp2WjhUMDNuUTFoakVObiIsIm1hYyI6ImM3OTNkNDBhMDRiZDVkNTAzYWYwNTg2NTA1MWU3NTEzOTJlMjRjYjUyZGFkOGYyNTQxNmJhNjFmZDQzOWNkYmUifQ==', 'Ingreso Al sistema', '2020-08-18 21:45:53', '2020-08-18 21:45:53'),
(3, '14', 1, '186.84.20.229', 'eyJpdiI6Ik5wQW9yUW9zN3czU0c4b09tRlJMaFE9PSIsInZhbHVlIjoiMWFncjF0cFdsaEIzdFBFZlA3TnJxYXlYbFl0RllaUVdYS2lMMVwva3JiOVFTM2xiNmhDMFhNY2dRU0M0QU5BTHIiLCJtYWMiOiI0YmMzYmM2ZjY5ZGFhMDFhZjVjZWQ2NDY2NGY4NjQ5YjZlYWNhYzZmMzY3MTUxODZlNjNlZTI4YTAyZjA3ZmMyIn0=', 'Ingreso Al sistema', '2020-08-22 15:55:48', '2020-08-22 15:55:48'),
(4, '14', 1, '200.118.41.117', 'eyJpdiI6IkVOSmZnWTVRRGt6eFFxMFdkcnFIbGc9PSIsInZhbHVlIjoiSlBhbTBKZWNmUXhObnJKSk1MRDQwQ3F6T3ZJV1lBRm8zZ0xqRk9oSlhtOGgrbGlaY05lZzJUTEZFNVBQb2ZGdCIsIm1hYyI6ImY4OWU0MDY5NjdkZTE5MTI2Yzg4NThjYTAwMDQyOTZhNThiOWQxNTI5OTVlYzEwM2Y4ZDc0OTdmNDQ1NDc3M2YifQ==', 'Ingreso Al sistema', '2020-08-22 21:01:41', '2020-08-22 21:01:41'),
(5, '14', 1, '186.84.20.229', 'eyJpdiI6IkdYMDFYYUFjRGN5bUZHZjdhTlVCcnc9PSIsInZhbHVlIjoiWHdpQ0xyT3VuWWdZYmdHMWVoRUFUc2FLMUZtUGpBU2lKczI0YStIKzRxUkxuQ1ZlUG1Sc0ZubGFMU1ZGbHNcL2MiLCJtYWMiOiI2NDI4N2ViOTc2ODY3YTQ5N2NmYzM4YTE4ZWRmZTgzZDM4MGMyYmQ0ZDZiYTIzNmJhZWI2NGRjZjE3M2I1OWFhIn0=', 'Ingreso Al sistema', '2020-08-27 21:20:38', '2020-08-27 21:20:38'),
(6, '14', 1, '186.84.20.229', 'eyJpdiI6ImpGdWZcL3dqYjluSmR4bU5XZklsdHl3PT0iLCJ2YWx1ZSI6ImgzaGFtZnFVTGxHejBtWXlDalBzSjYwSDllVWRkdkJYOGx6MUtCbWZSdjBNclB1QjRta2dEMVNlaUVqTVFodGciLCJtYWMiOiIzNmQwZDAyZGEyNzI4ZTZkY2UwMTNmZWE4ZTlhNTdlMGMwMTZjNDdjMjNhMDFlZGY4MzgzYWI4ZGYyZWZmYzllIn0=', 'Ingreso Al sistema', '2020-08-27 21:27:45', '2020-08-27 21:27:45'),
(7, '14', 1, '186.84.20.229', 'eyJpdiI6InBSWSttWUZlMGRab2pPeGFiVXYzK3c9PSIsInZhbHVlIjoieGRidHR5cGN2eE10QjZvR245QXNaMWhVZFp4MlkxU1wvY1gwUzA2XC9pYWFROEVkOWZ6QzRMelVDZXp4ZlpTaGxjIiwibWFjIjoiZjlkYjhmMWJjYjAwNWU2MzM3YzYwYWM3ZjVhZjM5YmVlOTMzMDNiMjNiZjAzZTI1MjNjODk3NzVlNzkxZjYyZiJ9', 'Ingreso Al sistema', '2020-08-27 21:38:09', '2020-08-27 21:38:09'),
(8, '14', 1, '186.84.20.229', 'eyJpdiI6InkraGFNUStpN3JBVW4rU0pGakZqVkE9PSIsInZhbHVlIjoieGU4MFlSemkybU5UakdFVWlIa0wzUnhyWDRYaXZNd1VmMXhiRGxFWTQ0RkJWVTQrM1FxRXd1dGMra3pnSnJuMyIsIm1hYyI6IjIzMmIxNTBkYTcyMDI2ZjUwNmZjNGViOGQ0YjNhY2ZkYTk4YjFiNTY3MzViY2NjZTYzODAyYzMyMmZmOWM3MmQifQ==', 'Ingreso Al sistema', '2020-08-28 00:10:58', '2020-08-28 00:10:58'),
(9, '37', 1, '186.84.20.229', 'eyJpdiI6Im9ua2VLa25cL3pxS1NWYUltWUsrR1lRPT0iLCJ2YWx1ZSI6IkdzWW5CMkFKT3FicGZXMEFxZDRqMVFvSkFvN2Q3M2FDZGpLT0lrVTY3ZmNpekcwZVwveXdCbUZwVXFwVWlKMGJwIiwibWFjIjoiNjQzNGRlN2E4ODMwZjEyNmI0YjY0ZGI3YzFlMjk5ODkxZDE2MDMwMzRlOGFmODcwMGY2MDYzZDI1MGE2YWI5MCJ9', 'Ingreso Al sistema', '2020-08-28 00:18:54', '2020-08-28 00:18:54'),
(10, '36', 1, '186.84.20.229', 'eyJpdiI6Im1EaFgyTllUdGVsczJhM003YXQrZnc9PSIsInZhbHVlIjoiM0lpUUQwM3BPemRaenBFbGRQRTV2NWJ3bVJhYzYweHcyTEQ4cm9hanVKUlBaMVVtVCtWU2ZuZzBwQ1VIRXZGNyIsIm1hYyI6IjhhODU3ODM1NDZlMzBlZTc5MjU0NDQ3YmJhMWU5Mzk1NjI2NmU3NTI0NzM0MzAwYjdmMWJhMDFjYzhlZmQ3OGUifQ==', 'Ingreso Al sistema', '2020-08-28 00:19:16', '2020-08-28 00:19:16'),
(11, '14', 1, '186.84.20.229', 'eyJpdiI6Ikgya2lEcVwvQXRmUldEZG50Q1ZYZENnPT0iLCJ2YWx1ZSI6InVGU1wvdFdcL0g1eFRpZHZXaXdQTXZRQkNrXC8rQlg0V2RxcWdjWUNYTWlMcDh3c1wvSkRIN1lpRXpiVjhoV0lTQWoxIiwibWFjIjoiZTczZjNhNWUzMjE5NDRjYzIxMGEyZWQ1YzgxOWNjOTdhMmFhMjAzNjQyZTJkZTU0YzAzYWZjYmMwNzljZWNiZCJ9', 'Ingreso Al sistema', '2020-08-28 19:13:55', '2020-08-28 19:13:55'),
(12, '36', 1, '186.84.20.229', 'eyJpdiI6InNjc1VDT2k4Y1FtRTJDdG05Y243bmc9PSIsInZhbHVlIjoia2hVY1h3bEEraXpZcTgrUERnWkNLRitUNGg1bWFYWjhrUjFaZ1BPdkxESDR1RlkzdERPc0daUzZVMDRDZXFmYyIsIm1hYyI6IjIxNzkzODc5OTQ5ODE2OTdjZTE1Y2U2NDVjYjNlMzdhMDQ3OWIxZDkxNTNlMjc2NzU0NGFkNzk2Y2MxMTBlOTQifQ==', 'Ingreso Al sistema', '2020-08-28 19:22:11', '2020-08-28 19:22:11'),
(13, '14', 1, '186.84.20.229', 'eyJpdiI6InN5UDBVZFNwMlRXQUZUT1dMK01cLzJRPT0iLCJ2YWx1ZSI6IjQrVmVuMWg5RGVTZDJYTE9STDlha3BiNnlRTFVvVVZmU3FKUm9pWWVoSDh1clRPNlNBYVFEYUN2b2psa3ZCNlciLCJtYWMiOiJlYmM0MWJiMzdmYjQ1ZmZhNTg3YWU4ZDJhNDFlMTlhNzg2ZDQ0OGQxNjJlMTIzNDVhZGU5ODM5ZTQzMGNhZWE1In0=', 'Ingreso Al sistema', '2020-08-28 22:04:35', '2020-08-28 22:04:35'),
(14, '14', 1, '186.84.20.229', 'eyJpdiI6IlFvZ1BMNmtMeE5IVHVjXC9yMURaTUdBPT0iLCJ2YWx1ZSI6Imd4SVB6QWVYVGN4TWpCS2orWWhxVEN3eTRibzR5d0lyb094XC9neHhOQVZpZEllVU9GZ3ZKUTdSYlkrRTlDazdkIiwibWFjIjoiZGRlMTAzMmZkNzBiNWQ3Mjg0NTMxYTJmZWRiY2M5OWRlNTM0ZDkxODQ2ZGRiMjNkMDQ4MDUzZmU4NmUyMjkyOSJ9', 'Ingreso Al sistema', '2020-08-28 22:16:34', '2020-08-28 22:16:34'),
(15, '36', 1, '186.85.109.183', 'eyJpdiI6IjY3WkszcUhhcFU2T2czWGx1WkpLQ2c9PSIsInZhbHVlIjoiYXNyT1VhTWZ1emJQbkhqckYrTUtGOW5mcnE2YjdFc3hMYytMd1Y5bE15VmlrSUFUQldGSUl6ajJybVVxbkw4UiIsIm1hYyI6ImFmNDFmYmY5ZWY1YmUwMWM5ZTg3NDg3NmQ4MjZmNGY5MWQzNmRlMmE2NDI2Mzg1MGRmMTJiYjkxZWU2MjJkMzcifQ==', 'Ingreso Al sistema', '2020-08-28 22:17:54', '2020-08-28 22:17:54'),
(16, '36', 1, '186.85.109.183', 'eyJpdiI6IjVYUHBSWkZhSkZVTlwvdHhXZjA5a0ZnPT0iLCJ2YWx1ZSI6ImhXN2ZHaEFEU0tyNVBmV0o1TXl3NFlEZ2pFVVlYM2pReWsyU1VmNXdlVlB3ZXlLOVFST1crT2hLQVlVN0ppRlgiLCJtYWMiOiI2ZDIzOTQ4ODIwMjUzYzJhMDAxNDE0ODFhMTZkMThkNzc4MDhlMjAzZmUzNzg3ZDEyNmM5YTlmYzExNGQ3YWNjIn0=', 'Ingreso Al sistema', '2020-08-28 22:33:10', '2020-08-28 22:33:10'),
(17, '14', 1, '200.118.41.117', 'eyJpdiI6Im5cL1pOZ1hQSVJlRXRZdlFhdmJISTFRPT0iLCJ2YWx1ZSI6IkhvT1VLVGl3MDI5NldmR0R6QWczS3BqcmFmM0xPYkh2R1pLaEhwcGNSNFh5QW9yM1hNa1NGK2VFVER5SmJxK2oiLCJtYWMiOiJiOTNkYzYyYmFjZTk0NmJlZDY0YjFhYWU5M2JhMDJkNmE5Mjk2ZTgyYTU4N2Y0ZDAxMmU4OGMyZWZmNWMxMzE0In0=', 'Ingreso Al sistema', '2020-09-04 00:04:13', '2020-09-04 00:04:13'),
(18, '14', 1, '186.84.21.94', 'eyJpdiI6InZkN0Y3NUJuM3Npb3A0YUJKQU9jenc9PSIsInZhbHVlIjoibTZCUm5VNjN2eHhreGZpQWgxbkRMQklNVEpWbDlDeTN4bVJDaERtT2g0Nkt5VHcwRlhlODljQzh3T0hTNkRWKyIsIm1hYyI6ImQyZWViMzEyYWNiNjBmNDdhNjQxMjc5MWE3NmI2MjQ4YzdjMjZlODcxYzdlYWQzMTk3NjI2MWI4OWJmYzAwYzQifQ==', 'Ingreso Al sistema', '2020-09-17 17:12:13', '2020-09-17 17:12:13'),
(19, '14', 1, '186.84.21.94', 'eyJpdiI6IjdzdTAyQk9lWWhMOGRkWXA4dkxqM2c9PSIsInZhbHVlIjoiSFpNanRwa0NjQzdWRmNtWmp3czh4ektUbkZlczVreDV3bldINVNMZmRsMkxXSVdiZUV1TFY2ekpRTmV1b253NyIsIm1hYyI6ImMyMTJjNzYyNzk5ZTZlODY1ZmRkNTY4NjJhNjM1MGNiMWFhZmJlZmU3NGU3ZDZhMGY5MTdmMWFlOTI1Mjk5NDgifQ==', 'Ingreso Al sistema', '2020-09-17 17:13:14', '2020-09-17 17:13:14'),
(20, '14', 1, '186.84.21.94', 'eyJpdiI6ImkwNkVuM25KanQyY2JucHViQndOcGc9PSIsInZhbHVlIjoiN0c4RlkwaXVFMjFSYVNWMWhUOEFCK3UxXC9HVXBtelJqUU5XUHdVbXNQbThSRUdOanRtQnVsM3hhNHhBeHVkeloiLCJtYWMiOiI2M2MwNDcxMGZlNWRmZTljM2MzZTYxOGI5YzVlOWEwNjE2MWVjZjgwZDFjY2E0OTQ5ZjQwOWIyNjdhODIxZGFkIn0=', 'Ingreso Al sistema', '2020-09-17 17:21:40', '2020-09-17 17:21:40'),
(21, '14', 1, '186.84.21.94', 'eyJpdiI6ImpQalZqU0pxMkV1VVNRdFh4NXpJeHc9PSIsInZhbHVlIjoiXC9rTHN3YXZkQ2JRdVNQeFJ5ZFNiejFhN1cyZFpGelRwUm1RZ0RyZnVJQVRaZjJ5VUJVYlhmcENHQUxGa0xob2giLCJtYWMiOiI4ZGNiYmM2ZTgxMTc2NjY0M2E1ZGFhMDQxMmRkZjlmM2RlMzQyMTIwZGRiMThmM2ZlM2NhNjY0MjcwZTM3ODg0In0=', 'Ingreso Al sistema', '2020-09-17 18:12:09', '2020-09-17 18:12:09'),
(22, '14', 1, '200.118.41.117', 'eyJpdiI6Ik5ZUmpnK3RcL1wvSkxDZHVGaEF0QmltQT09IiwidmFsdWUiOiJ4UmlKRkFKN1wvakxiVlRKK0t5RmZ1WndvNWppUXdVY29SR0Zla1hGNVJSMDNsTEMxT0NsRDU2Y0VibThnaGpRdCIsIm1hYyI6IjhjZWNkZTUyYThhMTE3MTA0ODBlZTE2NjVkZTk0N2JhMjIyMThkYjRkODQ4YTc0ZTRhYzVkMmNiMzdkYTg5OGQifQ==', 'Ingreso Al sistema', '2020-09-18 22:27:32', '2020-09-18 22:27:32'),
(23, '14', 1, '200.118.41.117', 'eyJpdiI6IkVEVnhSXC9uYmNMaFZqY2xWdWRLTHBnPT0iLCJ2YWx1ZSI6IlI1MUVNQXlMak9TbGVYZnoxTmxTOG50SWMwR1llSlhiM25VZDBpaWpBSmZsYnIxSTBSbldraXh1WEZrTlg5eWIiLCJtYWMiOiI2YzJiNGFiODNmMTc3NTU3ZTY3NmM5NzY2ZjgxYTgxMzgwNWZkN2MwMDU3OTI4NmI3ZmQ0MTg3MTZmNTkwZGIxIn0=', 'Ingreso Al sistema', '2020-09-18 22:28:53', '2020-09-18 22:28:53'),
(24, '36', 1, '190.67.220.178', 'eyJpdiI6IlhCWWdcLytHbmhjVVNcL1h5N3NWajVOdz09IiwidmFsdWUiOiJNZzZmY0dtekJPdW1GXC8xUnFSMlJhS29VcnZHRit4M084Qm1Gb1Z4XC9NRXVhZUNHTjE2QitNUDVrcVR0QTczQlUiLCJtYWMiOiI3ZjQ1NjkxOTNlNTFhMzkzMGJjYjVlNGJkYjI0NjgxZTUxYTBkNGRiNDEzNzFiNGVlMDg5ZGRlNTY4ZTc3OGRhIn0=', 'Ingreso Al sistema', '2020-09-18 22:29:23', '2020-09-18 22:29:23'),
(25, '14', 1, '186.84.20.65', 'eyJpdiI6InVqTmMwaWsyc1JxOVhiN1J3YUwyRHc9PSIsInZhbHVlIjoia3Y2MXFRZzZTQ1FWbjVzcGlzdEF6WGpcL2dyTWNWYnRPZHVFMkZIbTlpR24ydVQyZjJwRm1UMUZDMVZHblg1KzUiLCJtYWMiOiJhZTNmYjQ0Yjg1MjM0ZTgzNzYyNDIzNDBlZmQ0MGNlYjk4MjQwYzc3YzU4OWUxZWFjMmYyODZiOTlhM2NjNjhhIn0=', 'Ingreso Al sistema', '2020-09-30 18:37:26', '2020-09-30 18:37:26');

-- --------------------------------------------------------

--
-- Table structure for table `sucursales`
--

CREATE TABLE `sucursales` (
  `id` int(10) UNSIGNED NOT NULL,
  `nombre` varchar(255) COLLATE utf8mb4_unicode_ci NOT NULL,
  `codigo` int(11) NOT NULL,
  `direccion` varchar(255) COLLATE utf8mb4_unicode_ci NOT NULL,
  `encargado` varchar(255) COLLATE utf8mb4_unicode_ci NOT NULL,
  `telefono` varchar(255) COLLATE utf8mb4_unicode_ci NOT NULL,
  `correo` varchar(255) COLLATE utf8mb4_unicode_ci NOT NULL,
  `ciudad` int(11) NOT NULL,
  `id_empresa` int(11) NOT NULL,
  `created_at` timestamp NULL DEFAULT NULL,
  `updated_at` timestamp NULL DEFAULT NULL
) ENGINE=InnoDB DEFAULT CHARSET=utf8mb4 COLLATE=utf8mb4_unicode_ci;

--
-- Dumping data for table `sucursales`
--

INSERT INTO `sucursales` (`id`, `nombre`, `codigo`, `direccion`, `encargado`, `telefono`, `correo`, `ciudad`, `id_empresa`, `created_at`, `updated_at`) VALUES
(15, 'Bogot', 1, 'Cra 80 # 2-27 Barrio Kennedy', 'Cesar Augusto', '411 31 21', 'vitagroltda@hotmail.com', 1, 15, '2019-10-26 00:37:56', '2019-10-26 00:37:56');

-- --------------------------------------------------------

--
-- Table structure for table `tipopagos`
--

CREATE TABLE `tipopagos` (
  `id` int(10) UNSIGNED NOT NULL,
  `nombre` varchar(255) COLLATE utf8mb4_unicode_ci NOT NULL,
  `puc_cuenta` int(11) NOT NULL,
  `puc_compra` int(11) DEFAULT NULL,
  `tercero` varchar(255) COLLATE utf8mb4_unicode_ci NOT NULL,
  `id_empresa` int(11) NOT NULL,
  `created_at` timestamp NULL DEFAULT NULL,
  `updated_at` timestamp NULL DEFAULT NULL
) ENGINE=InnoDB DEFAULT CHARSET=utf8mb4 COLLATE=utf8mb4_unicode_ci;

--
-- Dumping data for table `tipopagos`
--

INSERT INTO `tipopagos` (`id`, `nombre`, `puc_cuenta`, `puc_compra`, `tercero`, `id_empresa`, `created_at`, `updated_at`) VALUES
(1, 'EFECTIVO', 4, 159, '9', 15, '2019-11-20 22:52:15', '2020-09-17 18:15:00'),
(3, 'CREDITO', 153, 159, '9', 15, '2020-03-21 02:06:24', '2020-09-17 18:16:01');

-- --------------------------------------------------------

--
-- Table structure for table `tipo_presentaciones`
--

CREATE TABLE `tipo_presentaciones` (
  `id` int(10) UNSIGNED NOT NULL,
  `nombre` varchar(255) COLLATE utf8mb4_unicode_ci NOT NULL,
  `descripcion` varchar(255) COLLATE utf8mb4_unicode_ci NOT NULL,
  `id_empresa` int(11) NOT NULL,
  `created_at` timestamp NULL DEFAULT NULL,
  `updated_at` timestamp NULL DEFAULT NULL
) ENGINE=InnoDB DEFAULT CHARSET=utf8mb4 COLLATE=utf8mb4_unicode_ci;

--
-- Dumping data for table `tipo_presentaciones`
--

INSERT INTO `tipo_presentaciones` (`id`, `nombre`, `descripcion`, `id_empresa`, `created_at`, `updated_at`) VALUES
(6, 'UND', 'UNIDAD', 15, '2019-10-26 00:37:58', '2019-10-26 00:37:58'),
(8, '1', '1', 15, '2025-10-20 00:37:00', '2025-10-20 00:37:00'),
(9, '3', '3', 15, '2025-10-20 00:37:00', '2025-10-20 00:37:00'),
(10, '13', '13', 15, '2025-10-20 00:37:00', '2025-10-20 00:37:00'),
(11, '50', '50', 15, '2025-10-20 00:37:00', '2025-10-20 00:37:00'),
(12, '71', '71', 15, '2025-10-20 00:37:00', '2025-10-20 00:37:00'),
(13, '74', '74', 15, '2025-10-20 00:37:00', '2025-10-20 00:37:00'),
(14, '100', '100', 15, '2025-10-20 00:37:00', '2025-10-20 00:37:00'),
(15, '220', '220', 15, '2025-10-20 00:37:00', '2025-10-20 00:37:00'),
(16, '1000', '1000', 15, '2025-10-20 00:37:00', '2025-10-20 00:37:00'),
(17, '2000', '2000', 15, '2025-10-20 00:37:00', '2025-10-20 00:37:00'),
(18, '4000', '4000', 15, '2025-10-20 00:37:00', '2025-10-20 00:37:00'),
(19, '12000', '12000', 15, '2025-10-20 00:37:00', '2025-10-20 00:37:00'),
(20, '       GR ', '       GR ', 15, '2025-10-20 00:37:00', '2025-10-20 00:37:00'),
(21, ' 20  ML   ', ' 20  ML   ', 15, '2025-10-20 00:37:00', '2025-10-20 00:37:00'),
(22, '1   RS    ', '1   RS    ', 15, '2025-10-20 00:37:00', '2025-10-20 00:37:00'),
(23, '1.5       ', '1.5       ', 15, '2025-10-20 00:37:00', '2025-10-20 00:37:00'),
(24, '1*100ML   ', '1*100ML   ', 15, '2025-10-20 00:37:00', '2025-10-20 00:37:00'),
(25, '10  ML    ', '10  ML    ', 15, '2025-10-20 00:37:00', '2025-10-20 00:37:00'),
(26, '10 CC     ', '10 CC     ', 15, '2025-10-20 00:37:00', '2025-10-20 00:37:00'),
(27, '10 GR     ', '10 GR     ', 15, '2025-10-20 00:37:00', '2025-10-20 00:37:00'),
(28, '10 GR.    ', '10 GR.    ', 15, '2025-10-20 00:37:00', '2025-10-20 00:37:00'),
(29, '10 GRS    ', '10 GRS    ', 15, '2025-10-20 00:37:00', '2025-10-20 00:37:00'),
(30, '10 ML     ', '10 ML     ', 15, '2025-10-20 00:37:00', '2025-10-20 00:37:00'),
(31, '100  GRS  ', '100  GRS  ', 15, '2025-10-20 00:37:00', '2025-10-20 00:37:00'),
(32, '100  ML   ', '100  ML   ', 15, '2025-10-20 00:37:00', '2025-10-20 00:37:00'),
(33, '100 GR    ', '100 GR    ', 15, '2025-10-20 00:37:00', '2025-10-20 00:37:00'),
(34, '100 GRS   ', '100 GRS   ', 15, '2025-10-20 00:37:00', '2025-10-20 00:37:00'),
(35, '100 ML    ', '100 ML    ', 15, '2025-10-20 00:37:00', '2025-10-20 00:37:00'),
(36, '1000  ML  ', '1000  ML  ', 15, '2025-10-20 00:37:00', '2025-10-20 00:37:00'),
(37, '1000  TAB ', '1000  TAB ', 15, '2025-10-20 00:37:00', '2025-10-20 00:37:00'),
(38, '1000 CC   ', '1000 CC   ', 15, '2025-10-20 00:37:00', '2025-10-20 00:37:00'),
(39, '1000 CM   ', '1000 CM   ', 15, '2025-10-20 00:37:00', '2025-10-20 00:37:00'),
(40, '1000 ML   ', '1000 ML   ', 15, '2025-10-20 00:37:00', '2025-10-20 00:37:00'),
(41, '1000ML    ', '1000ML    ', 15, '2025-10-20 00:37:00', '2025-10-20 00:37:00'),
(42, '100GRS    ', '100GRS    ', 15, '2025-10-20 00:37:00', '2025-10-20 00:37:00'),
(43, '100ML     ', '100ML     ', 15, '2025-10-20 00:37:00', '2025-10-20 00:37:00'),
(44, '120  CC   ', '120  CC   ', 15, '2025-10-20 00:37:00', '2025-10-20 00:37:00'),
(45, '120 ML    ', '120 ML    ', 15, '2025-10-20 00:37:00', '2025-10-20 00:37:00'),
(46, '135 GR    ', '135 GR    ', 15, '2025-10-20 00:37:00', '2025-10-20 00:37:00'),
(47, '15 ML     ', '15 ML     ', 15, '2025-10-20 00:37:00', '2025-10-20 00:37:00'),
(48, '2 KILOS   ', '2 KILOS   ', 15, '2025-10-20 00:37:00', '2025-10-20 00:37:00'),
(49, '2 KL      ', '2 KL      ', 15, '2025-10-20 00:37:00', '2025-10-20 00:37:00'),
(50, '2 ML      ', '2 ML      ', 15, '2025-10-20 00:37:00', '2025-10-20 00:37:00'),
(51, '2,5 ML    ', '2,5 ML    ', 15, '2025-10-20 00:37:00', '2025-10-20 00:37:00'),
(52, '2.5 ML    ', '2.5 ML    ', 15, '2025-10-20 00:37:00', '2025-10-20 00:37:00'),
(53, '20  LTS   ', '20  LTS   ', 15, '2025-10-20 00:37:00', '2025-10-20 00:37:00'),
(54, '20  ML    ', '20  ML    ', 15, '2025-10-20 00:37:00', '2025-10-20 00:37:00'),
(55, '20 CC     ', '20 CC     ', 15, '2025-10-20 00:37:00', '2025-10-20 00:37:00'),
(56, '20 GR     ', '20 GR     ', 15, '2025-10-20 00:37:00', '2025-10-20 00:37:00'),
(57, '20 GRS    ', '20 GRS    ', 15, '2025-10-20 00:37:00', '2025-10-20 00:37:00'),
(58, '20 LITRO  ', '20 LITRO  ', 15, '2025-10-20 00:37:00', '2025-10-20 00:37:00'),
(59, '20 LTS    ', '20 LTS    ', 15, '2025-10-20 00:37:00', '2025-10-20 00:37:00'),
(60, '20 ML     ', '20 ML     ', 15, '2025-10-20 00:37:00', '2025-10-20 00:37:00'),
(61, '20 MM     ', '20 MM     ', 15, '2025-10-20 00:37:00', '2025-10-20 00:37:00'),
(62, '200  ML   ', '200  ML   ', 15, '2025-10-20 00:37:00', '2025-10-20 00:37:00'),
(63, '200 GRS   ', '200 GRS   ', 15, '2025-10-20 00:37:00', '2025-10-20 00:37:00'),
(64, '200 ML    ', '200 ML    ', 15, '2025-10-20 00:37:00', '2025-10-20 00:37:00'),
(65, '2000 ML   ', '2000 ML   ', 15, '2025-10-20 00:37:00', '2025-10-20 00:37:00'),
(66, '200ML     ', '200ML     ', 15, '2025-10-20 00:37:00', '2025-10-20 00:37:00'),
(67, '20ML      ', '20ML      ', 15, '2025-10-20 00:37:00', '2025-10-20 00:37:00'),
(68, '20mm      ', '20mm      ', 15, '2025-10-20 00:37:00', '2025-10-20 00:37:00'),
(69, '220 GR    ', '220 GR    ', 15, '2025-10-20 00:37:00', '2025-10-20 00:37:00'),
(70, '220GR     ', '220GR     ', 15, '2025-10-20 00:37:00', '2025-10-20 00:37:00'),
(71, '240 ML    ', '240 ML    ', 15, '2025-10-20 00:37:00', '2025-10-20 00:37:00'),
(72, '25 GRS    ', '25 GRS    ', 15, '2025-10-20 00:37:00', '2025-10-20 00:37:00'),
(73, '25 MG     ', '25 MG     ', 15, '2025-10-20 00:37:00', '2025-10-20 00:37:00'),
(74, '250  GRS  ', '250  GRS  ', 15, '2025-10-20 00:37:00', '2025-10-20 00:37:00'),
(75, '250  ML   ', '250  ML   ', 15, '2025-10-20 00:37:00', '2025-10-20 00:37:00'),
(76, '250 CC    ', '250 CC    ', 15, '2025-10-20 00:37:00', '2025-10-20 00:37:00'),
(77, '250 GR    ', '250 GR    ', 15, '2025-10-20 00:37:00', '2025-10-20 00:37:00'),
(78, '250 GRS   ', '250 GRS   ', 15, '2025-10-20 00:37:00', '2025-10-20 00:37:00'),
(79, '250 ML    ', '250 ML    ', 15, '2025-10-20 00:37:00', '2025-10-20 00:37:00'),
(80, '250CC     ', '250CC     ', 15, '2025-10-20 00:37:00', '2025-10-20 00:37:00'),
(81, '250ML     ', '250ML     ', 15, '2025-10-20 00:37:00', '2025-10-20 00:37:00'),
(82, '30 CC     ', '30 CC     ', 15, '2025-10-20 00:37:00', '2025-10-20 00:37:00'),
(83, '30 GR     ', '30 GR     ', 15, '2025-10-20 00:37:00', '2025-10-20 00:37:00'),
(84, '30 ML     ', '30 ML     ', 15, '2025-10-20 00:37:00', '2025-10-20 00:37:00'),
(85, '300 GRS   ', '300 GRS   ', 15, '2025-10-20 00:37:00', '2025-10-20 00:37:00'),
(86, '300GRS    ', '300GRS    ', 15, '2025-10-20 00:37:00', '2025-10-20 00:37:00'),
(87, '30ML      ', '30ML      ', 15, '2025-10-20 00:37:00', '2025-10-20 00:37:00'),
(88, '30mm      ', '30mm      ', 15, '2025-10-20 00:37:00', '2025-10-20 00:37:00'),
(89, '32 ML     ', '32 ML     ', 15, '2025-10-20 00:37:00', '2025-10-20 00:37:00'),
(90, '33 ML     ', '33 ML     ', 15, '2025-10-20 00:37:00', '2025-10-20 00:37:00'),
(91, '350  ML   ', '350  ML   ', 15, '2025-10-20 00:37:00', '2025-10-20 00:37:00'),
(92, '4  LTS    ', '4  LTS    ', 15, '2025-10-20 00:37:00', '2025-10-20 00:37:00'),
(93, '4000  ML  ', '4000  ML  ', 15, '2025-10-20 00:37:00', '2025-10-20 00:37:00'),
(94, '4000 LTS  ', '4000 LTS  ', 15, '2025-10-20 00:37:00', '2025-10-20 00:37:00'),
(95, '4000 ML   ', '4000 ML   ', 15, '2025-10-20 00:37:00', '2025-10-20 00:37:00'),
(96, '5 KLS     ', '5 KLS     ', 15, '2025-10-20 00:37:00', '2025-10-20 00:37:00'),
(97, '5 ML      ', '5 ML      ', 15, '2025-10-20 00:37:00', '2025-10-20 00:37:00'),
(98, '50  ML    ', '50  ML    ', 15, '2025-10-20 00:37:00', '2025-10-20 00:37:00'),
(99, '50 GR.    ', '50 GR.    ', 15, '2025-10-20 00:37:00', '2025-10-20 00:37:00'),
(100, '50 GRS    ', '50 GRS    ', 15, '2025-10-20 00:37:00', '2025-10-20 00:37:00'),
(101, '50 ML     ', '50 ML     ', 15, '2025-10-20 00:37:00', '2025-10-20 00:37:00'),
(102, '500  ML   ', '500  ML   ', 15, '2025-10-20 00:37:00', '2025-10-20 00:37:00'),
(103, '500 CC    ', '500 CC    ', 15, '2025-10-20 00:37:00', '2025-10-20 00:37:00'),
(104, '500 GRS   ', '500 GRS   ', 15, '2025-10-20 00:37:00', '2025-10-20 00:37:00'),
(105, '500 ML    ', '500 ML    ', 15, '2025-10-20 00:37:00', '2025-10-20 00:37:00'),
(106, '500ML     ', '500ML     ', 15, '2025-10-20 00:37:00', '2025-10-20 00:37:00'),
(107, '501 GRS   ', '501 GRS   ', 15, '2025-10-20 00:37:00', '2025-10-20 00:37:00'),
(108, '50ENV26   ', '50ENV26   ', 15, '2025-10-20 00:37:00', '2025-10-20 00:37:00'),
(109, '50ml      ', '50ml      ', 15, '2025-10-20 00:37:00', '2025-10-20 00:37:00'),
(110, '55GRS     ', '55GRS     ', 15, '2025-10-20 00:37:00', '2025-10-20 00:37:00'),
(111, '5ML       ', '5ML       ', 15, '2025-10-20 00:37:00', '2025-10-20 00:37:00'),
(112, '6,42 GR   ', '6,42 GR   ', 15, '2025-10-20 00:37:00', '2025-10-20 00:37:00'),
(113, '6.0       ', '6.0       ', 15, '2025-10-20 00:37:00', '2025-10-20 00:37:00'),
(114, '60  ML    ', '60  ML    ', 15, '2025-10-20 00:37:00', '2025-10-20 00:37:00'),
(115, '60 GR     ', '60 GR     ', 15, '2025-10-20 00:37:00', '2025-10-20 00:37:00'),
(116, '60 ML     ', '60 ML     ', 15, '2025-10-20 00:37:00', '2025-10-20 00:37:00'),
(117, '9.0       ', '9.0       ', 15, '2025-10-20 00:37:00', '2025-10-20 00:37:00'),
(118, '90 ML     ', '90 ML     ', 15, '2025-10-20 00:37:00', '2025-10-20 00:37:00'),
(119, '90ML      ', '90ML      ', 15, '2025-10-20 00:37:00', '2025-10-20 00:37:00'),
(120, 'GALON     ', 'GALON     ', 15, '2025-10-20 00:37:00', '2025-10-20 00:37:00'),
(121, 'GR        ', 'GR        ', 15, '2025-10-20 00:37:00', '2025-10-20 00:37:00'),
(122, 'Gr.       ', 'Gr.       ', 15, '2025-10-20 00:37:00', '2025-10-20 00:37:00'),
(123, 'GRAMOS    ', 'GRAMOS    ', 15, '2025-10-20 00:37:00', '2025-10-20 00:37:00'),
(124, 'GRS       ', 'GRS       ', 15, '2025-10-20 00:37:00', '2025-10-20 00:37:00'),
(125, 'KILO      ', 'KILO      ', 15, '2025-10-20 00:37:00', '2025-10-20 00:37:00'),
(126, 'KL        ', 'KL        ', 15, '2025-10-20 00:37:00', '2025-10-20 00:37:00'),
(127, 'LITRO     ', 'LITRO     ', 15, '2025-10-20 00:37:00', '2025-10-20 00:37:00'),
(128, 'LTRO      ', 'LTRO      ', 15, '2025-10-20 00:37:00', '2025-10-20 00:37:00'),
(129, 'ML        ', 'ML        ', 15, '2025-10-20 00:37:00', '2025-10-20 00:37:00'),
(130, 'SOBRE     ', 'SOBRE     ', 15, '2025-10-20 00:37:00', '2025-10-20 00:37:00'),
(131, 'UNO       ', 'UNO       ', 15, '2025-10-20 00:37:00', '2025-10-20 00:37:00');

-- --------------------------------------------------------

--
-- Table structure for table `trakingmaps`
--

CREATE TABLE `trakingmaps` (
  `id` int(10) UNSIGNED NOT NULL,
  `id_vendedor` int(11) NOT NULL,
  `longitud` varchar(255) COLLATE utf8mb4_unicode_ci NOT NULL,
  `latitud` varchar(255) COLLATE utf8mb4_unicode_ci NOT NULL,
  `accuracy` varchar(255) COLLATE utf8mb4_unicode_ci NOT NULL,
  `created_at` timestamp NULL DEFAULT NULL,
  `updated_at` timestamp NULL DEFAULT NULL
) ENGINE=InnoDB DEFAULT CHARSET=utf8mb4 COLLATE=utf8mb4_unicode_ci;

-- --------------------------------------------------------

--
-- Table structure for table `upload_invoice_file_responses`
--

CREATE TABLE `upload_invoice_file_responses` (
  `id` int(10) UNSIGNED NOT NULL,
  `code` varchar(255) COLLATE utf8mb4_unicode_ci NOT NULL,
  `success` varchar(255) COLLATE utf8mb4_unicode_ci NOT NULL,
  `transaccionID` varchar(255) COLLATE utf8mb4_unicode_ci NOT NULL,
  `error` varchar(255) COLLATE utf8mb4_unicode_ci NOT NULL,
  `respuestaok` varchar(255) COLLATE utf8mb4_unicode_ci NOT NULL,
  `created_at` timestamp NULL DEFAULT NULL,
  `updated_at` timestamp NULL DEFAULT NULL
) ENGINE=InnoDB DEFAULT CHARSET=utf8mb4 COLLATE=utf8mb4_unicode_ci;

-- --------------------------------------------------------

--
-- Table structure for table `upload_invoice_file_sends`
--

CREATE TABLE `upload_invoice_file_sends` (
  `id` int(10) UNSIGNED NOT NULL,
  `username` varchar(255) COLLATE utf8mb4_unicode_ci NOT NULL,
  `password` varchar(255) COLLATE utf8mb4_unicode_ci NOT NULL,
  `xmlBase64` varchar(255) COLLATE utf8mb4_unicode_ci NOT NULL,
  `estado` int(11) NOT NULL,
  `id_insumo_xml` int(11) NOT NULL,
  `id_empresa` int(11) NOT NULL,
  `created_at` timestamp NULL DEFAULT NULL,
  `updated_at` timestamp NULL DEFAULT NULL
) ENGINE=InnoDB DEFAULT CHARSET=utf8mb4 COLLATE=utf8mb4_unicode_ci;

-- --------------------------------------------------------

--
-- Table structure for table `usuarios`
--

CREATE TABLE `usuarios` (
  `id` int(10) UNSIGNED NOT NULL,
  `ncedula` text COLLATE utf8mb4_unicode_ci NOT NULL,
  `nombre` varchar(255) COLLATE utf8mb4_unicode_ci NOT NULL,
  `apellido` varchar(255) COLLATE utf8mb4_unicode_ci NOT NULL,
  `cargo` varchar(255) COLLATE utf8mb4_unicode_ci NOT NULL,
  `telefono` varchar(255) COLLATE utf8mb4_unicode_ci NOT NULL,
  `password` varchar(255) COLLATE utf8mb4_unicode_ci NOT NULL,
  `correo` varchar(255) COLLATE utf8mb4_unicode_ci NOT NULL,
  `estado` varchar(255) COLLATE utf8mb4_unicode_ci NOT NULL,
  `token` varchar(255) COLLATE utf8mb4_unicode_ci NOT NULL,
  `arl` varchar(255) COLLATE utf8mb4_unicode_ci NOT NULL,
  `eps` varchar(255) COLLATE utf8mb4_unicode_ci NOT NULL,
  `cesantias` varchar(255) COLLATE utf8mb4_unicode_ci NOT NULL,
  `pension` varchar(255) COLLATE utf8mb4_unicode_ci NOT NULL,
  `caja_compensacion` varchar(255) COLLATE utf8mb4_unicode_ci NOT NULL,
  `id_contrato` int(11) NOT NULL,
  `referencia_personal` varchar(255) COLLATE utf8mb4_unicode_ci NOT NULL,
  `telefono_referencia` varchar(255) COLLATE utf8mb4_unicode_ci NOT NULL,
  `id_empresa` int(11) NOT NULL,
  `created_at` timestamp NULL DEFAULT NULL,
  `updated_at` timestamp NULL DEFAULT NULL
) ENGINE=InnoDB DEFAULT CHARSET=utf8mb4 COLLATE=utf8mb4_unicode_ci;

--
-- Dumping data for table `usuarios`
--

INSERT INTO `usuarios` (`id`, `ncedula`, `nombre`, `apellido`, `cargo`, `telefono`, `password`, `correo`, `estado`, `token`, `arl`, `eps`, `cesantias`, `pension`, `caja_compensacion`, `id_contrato`, `referencia_personal`, `telefono_referencia`, `id_empresa`, `created_at`, `updated_at`) VALUES
(14, '1030570356', 'ALEJANDRO', 'MORENO', 'Administrador', '3219045297', '1030570356', 'fredymoreno@uan.edu.co', 'ACTIVO', '12345679', 'NINGUNA', 'NINGUNA', 'NINGUNA', '1,2,3', 'NINGUNA', 3, '0', '0', 15, '2019-10-25 02:14:21', '2020-08-22 16:54:00'),
(15, '1024497325', 'JOHANA', 'PACHN', 'Administrador', '3502242136', '1024497325', 'Laymarty2004@yahoo.es', 'ACTIVO', '12345679', 'NINGUNA', 'NINGUNA', 'NINGUNA', 'NINGUNA', 'NINGUNA', 3, 'NINGUNA', 'NINGUNA', 15, '2019-10-26 00:37:56', '2019-10-26 00:37:56'),
(36, '1152440446', 'CESAR ANDRES ', 'ZULUAGA BERNAL', 'Administrador', '2140253', 'tolosa2020', 'ADMIN@CORREO.COM', 'ACTIVO', 'NA', '0', '0', '0', '1,2,3', '0', 3, '0', '0', 15, '2020-08-28 00:16:42', '2020-08-28 22:18:56'),
(37, '13923369', 'JOAQUIN ORLANDO', 'MORENO CARDOZO', 'Administrador', '3115065024', '1234', 'interconsis@yahoo.com', 'ACTIVO', 'NA', '0', '0', '0', '1,2,3', '0', 3, '0', '0', 15, '2020-08-28 00:17:56', '2020-08-28 00:18:33');

-- --------------------------------------------------------

--
-- Table structure for table `zonasusuarios`
--

CREATE TABLE `zonasusuarios` (
  `id` int(10) UNSIGNED NOT NULL,
  `id_usuario` int(11) NOT NULL,
  `id_tercero` int(11) NOT NULL,
  `zona` varchar(255) COLLATE utf8mb4_unicode_ci NOT NULL,
  `id_empresa` int(11) NOT NULL,
  `estado` int(11) NOT NULL,
  `created_at` timestamp NULL DEFAULT NULL,
  `updated_at` timestamp NULL DEFAULT NULL
) ENGINE=InnoDB DEFAULT CHARSET=utf8mb4 COLLATE=utf8mb4_unicode_ci;

--
-- Indexes for dumped tables
--

--
-- Indexes for table `bancos`
--
ALTER TABLE `bancos`
  ADD PRIMARY KEY (`id`);

--
-- Indexes for table `calendarios`
--
ALTER TABLE `calendarios`
  ADD PRIMARY KEY (`id`);

--
-- Indexes for table `carteras`
--
ALTER TABLE `carteras`
  ADD PRIMARY KEY (`id`);

--
-- Indexes for table `chats`
--
ALTER TABLE `chats`
  ADD PRIMARY KEY (`id`);

--
-- Indexes for table `ciudades`
--
ALTER TABLE `ciudades`
  ADD PRIMARY KEY (`id`);

--
-- Indexes for table `clasificaciones`
--
ALTER TABLE `clasificaciones`
  ADD PRIMARY KEY (`id`);

--
-- Indexes for table `consignaciones`
--
ALTER TABLE `consignaciones`
  ADD PRIMARY KEY (`id`);

--
-- Indexes for table `contabilidades`
--
ALTER TABLE `contabilidades`
  ADD PRIMARY KEY (`id`);

--
-- Indexes for table `contrato_laborals`
--
ALTER TABLE `contrato_laborals`
  ADD PRIMARY KEY (`id`);

--
-- Indexes for table `credenciales`
--
ALTER TABLE `credenciales`
  ADD PRIMARY KEY (`id`);

--
-- Indexes for table `departamentos`
--
ALTER TABLE `departamentos`
  ADD PRIMARY KEY (`id`);

--
-- Indexes for table `directoriomaps`
--
ALTER TABLE `directoriomaps`
  ADD PRIMARY KEY (`id`);

--
-- Indexes for table `directorios`
--
ALTER TABLE `directorios`
  ADD PRIMARY KEY (`id`);

--
-- Indexes for table `directorio_clases`
--
ALTER TABLE `directorio_clases`
  ADD PRIMARY KEY (`id`);

--
-- Indexes for table `directorio_tipos`
--
ALTER TABLE `directorio_tipos`
  ADD PRIMARY KEY (`id`);

--
-- Indexes for table `directorio_tipo_terceros`
--
ALTER TABLE `directorio_tipo_terceros`
  ADD PRIMARY KEY (`id`);

--
-- Indexes for table `documentos`
--
ALTER TABLE `documentos`
  ADD PRIMARY KEY (`id`);

--
-- Indexes for table `download_p_d_f_file_responses`
--
ALTER TABLE `download_p_d_f_file_responses`
  ADD PRIMARY KEY (`id`);

--
-- Indexes for table `download_p_d_f_file_sends`
--
ALTER TABLE `download_p_d_f_file_sends`
  ADD PRIMARY KEY (`id`);

--
-- Indexes for table `empresas`
--
ALTER TABLE `empresas`
  ADD PRIMARY KEY (`id`);

--
-- Indexes for table `facturas`
--
ALTER TABLE `facturas`
  ADD PRIMARY KEY (`id`);

--
-- Indexes for table `fichatecnicas`
--
ALTER TABLE `fichatecnicas`
  ADD PRIMARY KEY (`id`);

--
-- Indexes for table `forma_pagos`
--
ALTER TABLE `forma_pagos`
  ADD PRIMARY KEY (`id`);

--
-- Indexes for table `f_cdes`
--
ALTER TABLE `f_cdes`
  ADD PRIMARY KEY (`id`);

--
-- Indexes for table `f_dfes`
--
ALTER TABLE `f_dfes`
  ADD PRIMARY KEY (`id`);

--
-- Indexes for table `f_emis`
--
ALTER TABLE `f_emis`
  ADD PRIMARY KEY (`id`);

--
-- Indexes for table `f_encs`
--
ALTER TABLE `f_encs`
  ADD PRIMARY KEY (`id`);

--
-- Indexes for table `f_gtes`
--
ALTER TABLE `f_gtes`
  ADD PRIMARY KEY (`id`);

--
-- Indexes for table `f_iccs`
--
ALTER TABLE `f_iccs`
  ADD PRIMARY KEY (`id`);

--
-- Indexes for table `f_tacs`
--
ALTER TABLE `f_tacs`
  ADD PRIMARY KEY (`id`);

--
-- Indexes for table `insumo_x_m_ls`
--
ALTER TABLE `insumo_x_m_ls`
  ADD PRIMARY KEY (`id`);

--
-- Indexes for table `invitados`
--
ALTER TABLE `invitados`
  ADD PRIMARY KEY (`id`);

--
-- Indexes for table `kardexes`
--
ALTER TABLE `kardexes`
  ADD PRIMARY KEY (`id`);

--
-- Indexes for table `kardex_carteras`
--
ALTER TABLE `kardex_carteras`
  ADD PRIMARY KEY (`id`);

--
-- Indexes for table `lineas`
--
ALTER TABLE `lineas`
  ADD PRIMARY KEY (`id`);

--
-- Indexes for table `lotes`
--
ALTER TABLE `lotes`
  ADD PRIMARY KEY (`id`);

--
-- Indexes for table `marcas`
--
ALTER TABLE `marcas`
  ADD PRIMARY KEY (`id`);

--
-- Indexes for table `migrations`
--
ALTER TABLE `migrations`
  ADD PRIMARY KEY (`id`);

--
-- Indexes for table `paramACTS`
--
ALTER TABLE `paramACTS`
  ADD PRIMARY KEY (`id`);

--
-- Indexes for table `paramBANCS`
--
ALTER TABLE `paramBANCS`
  ADD PRIMARY KEY (`id`);

--
-- Indexes for table `paramBRETS`
--
ALTER TABLE `paramBRETS`
  ADD PRIMARY KEY (`id`);

--
-- Indexes for table `paramCCOSTOS`
--
ALTER TABLE `paramCCOSTOS`
  ADD PRIMARY KEY (`id`);

--
-- Indexes for table `paramCTRLS`
--
ALTER TABLE `paramCTRLS`
  ADD PRIMARY KEY (`id`);

--
-- Indexes for table `paramCUENTAS`
--
ALTER TABLE `paramCUENTAS`
  ADD PRIMARY KEY (`id`);

--
-- Indexes for table `paramENTS`
--
ALTER TABLE `paramENTS`
  ADD PRIMARY KEY (`id`);

--
-- Indexes for table `paramETAPS`
--
ALTER TABLE `paramETAPS`
  ADD PRIMARY KEY (`id`);

--
-- Indexes for table `paramFORMAS`
--
ALTER TABLE `paramFORMAS`
  ADD PRIMARY KEY (`id`);

--
-- Indexes for table `paramLIMIS`
--
ALTER TABLE `paramLIMIS`
  ADD PRIMARY KEY (`id`);

--
-- Indexes for table `paramMBANCS`
--
ALTER TABLE `paramMBANCS`
  ADD PRIMARY KEY (`id`);

--
-- Indexes for table `produccioningresos`
--
ALTER TABLE `produccioningresos`
  ADD PRIMARY KEY (`id`);

--
-- Indexes for table `produccionturnos`
--
ALTER TABLE `produccionturnos`
  ADD PRIMARY KEY (`id`);

--
-- Indexes for table `pucauxiliars`
--
ALTER TABLE `pucauxiliars`
  ADD PRIMARY KEY (`id`);

--
-- Indexes for table `pucclases`
--
ALTER TABLE `pucclases`
  ADD PRIMARY KEY (`id`);

--
-- Indexes for table `puccuentas`
--
ALTER TABLE `puccuentas`
  ADD PRIMARY KEY (`id`);

--
-- Indexes for table `pucgrupos`
--
ALTER TABLE `pucgrupos`
  ADD PRIMARY KEY (`id`);

--
-- Indexes for table `pucsubcuentas`
--
ALTER TABLE `pucsubcuentas`
  ADD PRIMARY KEY (`id`);

--
-- Indexes for table `referencias`
--
ALTER TABLE `referencias`
  ADD PRIMARY KEY (`id`);

--
-- Indexes for table `regimenes`
--
ALTER TABLE `regimenes`
  ADD PRIMARY KEY (`id`);

--
-- Indexes for table `resoluciones`
--
ALTER TABLE `resoluciones`
  ADD PRIMARY KEY (`id`);

--
-- Indexes for table `retefuentes`
--
ALTER TABLE `retefuentes`
  ADD PRIMARY KEY (`id`);

--
-- Indexes for table `sessions`
--
ALTER TABLE `sessions`
  ADD PRIMARY KEY (`id`);

--
-- Indexes for table `sucursales`
--
ALTER TABLE `sucursales`
  ADD PRIMARY KEY (`id`);

--
-- Indexes for table `tipopagos`
--
ALTER TABLE `tipopagos`
  ADD PRIMARY KEY (`id`);

--
-- Indexes for table `tipo_presentaciones`
--
ALTER TABLE `tipo_presentaciones`
  ADD PRIMARY KEY (`id`);

--
-- Indexes for table `trakingmaps`
--
ALTER TABLE `trakingmaps`
  ADD PRIMARY KEY (`id`);

--
-- Indexes for table `upload_invoice_file_responses`
--
ALTER TABLE `upload_invoice_file_responses`
  ADD PRIMARY KEY (`id`);

--
-- Indexes for table `upload_invoice_file_sends`
--
ALTER TABLE `upload_invoice_file_sends`
  ADD PRIMARY KEY (`id`);

--
-- Indexes for table `usuarios`
--
ALTER TABLE `usuarios`
  ADD PRIMARY KEY (`id`);

--
-- Indexes for table `zonasusuarios`
--
ALTER TABLE `zonasusuarios`
  ADD PRIMARY KEY (`id`);

--
-- AUTO_INCREMENT for dumped tables
--

--
-- AUTO_INCREMENT for table `bancos`
--
ALTER TABLE `bancos`
  MODIFY `id` int(10) UNSIGNED NOT NULL AUTO_INCREMENT, AUTO_INCREMENT=2;

--
-- AUTO_INCREMENT for table `calendarios`
--
ALTER TABLE `calendarios`
  MODIFY `id` int(10) UNSIGNED NOT NULL AUTO_INCREMENT;

--
-- AUTO_INCREMENT for table `carteras`
--
ALTER TABLE `carteras`
  MODIFY `id` int(10) UNSIGNED NOT NULL AUTO_INCREMENT;

--
-- AUTO_INCREMENT for table `chats`
--
ALTER TABLE `chats`
  MODIFY `id` int(10) UNSIGNED NOT NULL AUTO_INCREMENT;

--
-- AUTO_INCREMENT for table `ciudades`
--
ALTER TABLE `ciudades`
  MODIFY `id` int(10) UNSIGNED NOT NULL AUTO_INCREMENT, AUTO_INCREMENT=1133;

--
-- AUTO_INCREMENT for table `clasificaciones`
--
ALTER TABLE `clasificaciones`
  MODIFY `id` int(10) UNSIGNED NOT NULL AUTO_INCREMENT, AUTO_INCREMENT=12;

--
-- AUTO_INCREMENT for table `consignaciones`
--
ALTER TABLE `consignaciones`
  MODIFY `id` int(10) UNSIGNED NOT NULL AUTO_INCREMENT, AUTO_INCREMENT=3;

--
-- AUTO_INCREMENT for table `contabilidades`
--
ALTER TABLE `contabilidades`
  MODIFY `id` int(10) UNSIGNED NOT NULL AUTO_INCREMENT;

--
-- AUTO_INCREMENT for table `contrato_laborals`
--
ALTER TABLE `contrato_laborals`
  MODIFY `id` int(10) UNSIGNED NOT NULL AUTO_INCREMENT, AUTO_INCREMENT=4;

--
-- AUTO_INCREMENT for table `credenciales`
--
ALTER TABLE `credenciales`
  MODIFY `id` int(10) UNSIGNED NOT NULL AUTO_INCREMENT;

--
-- AUTO_INCREMENT for table `departamentos`
--
ALTER TABLE `departamentos`
  MODIFY `id` int(10) UNSIGNED NOT NULL AUTO_INCREMENT, AUTO_INCREMENT=41;

--
-- AUTO_INCREMENT for table `directoriomaps`
--
ALTER TABLE `directoriomaps`
  MODIFY `id` int(10) UNSIGNED NOT NULL AUTO_INCREMENT;

--
-- AUTO_INCREMENT for table `directorios`
--
ALTER TABLE `directorios`
  MODIFY `id` int(10) UNSIGNED NOT NULL AUTO_INCREMENT;

--
-- AUTO_INCREMENT for table `directorio_clases`
--
ALTER TABLE `directorio_clases`
  MODIFY `id` int(10) UNSIGNED NOT NULL AUTO_INCREMENT, AUTO_INCREMENT=92;

--
-- AUTO_INCREMENT for table `directorio_tipos`
--
ALTER TABLE `directorio_tipos`
  MODIFY `id` int(10) UNSIGNED NOT NULL AUTO_INCREMENT, AUTO_INCREMENT=3;

--
-- AUTO_INCREMENT for table `directorio_tipo_terceros`
--
ALTER TABLE `directorio_tipo_terceros`
  MODIFY `id` int(10) UNSIGNED NOT NULL AUTO_INCREMENT, AUTO_INCREMENT=4;

--
-- AUTO_INCREMENT for table `documentos`
--
ALTER TABLE `documentos`
  MODIFY `id` int(10) UNSIGNED NOT NULL AUTO_INCREMENT, AUTO_INCREMENT=50;

--
-- AUTO_INCREMENT for table `download_p_d_f_file_responses`
--
ALTER TABLE `download_p_d_f_file_responses`
  MODIFY `id` int(10) UNSIGNED NOT NULL AUTO_INCREMENT;

--
-- AUTO_INCREMENT for table `download_p_d_f_file_sends`
--
ALTER TABLE `download_p_d_f_file_sends`
  MODIFY `id` int(10) UNSIGNED NOT NULL AUTO_INCREMENT;

--
-- AUTO_INCREMENT for table `empresas`
--
ALTER TABLE `empresas`
  MODIFY `id` int(10) UNSIGNED NOT NULL AUTO_INCREMENT, AUTO_INCREMENT=16;

--
-- AUTO_INCREMENT for table `facturas`
--
ALTER TABLE `facturas`
  MODIFY `id` int(10) UNSIGNED NOT NULL AUTO_INCREMENT;

--
-- AUTO_INCREMENT for table `fichatecnicas`
--
ALTER TABLE `fichatecnicas`
  MODIFY `id` int(10) UNSIGNED NOT NULL AUTO_INCREMENT;

--
-- AUTO_INCREMENT for table `forma_pagos`
--
ALTER TABLE `forma_pagos`
  MODIFY `id` int(10) UNSIGNED NOT NULL AUTO_INCREMENT;

--
-- AUTO_INCREMENT for table `f_cdes`
--
ALTER TABLE `f_cdes`
  MODIFY `id` int(10) UNSIGNED NOT NULL AUTO_INCREMENT;

--
-- AUTO_INCREMENT for table `f_dfes`
--
ALTER TABLE `f_dfes`
  MODIFY `id` int(10) UNSIGNED NOT NULL AUTO_INCREMENT;

--
-- AUTO_INCREMENT for table `f_emis`
--
ALTER TABLE `f_emis`
  MODIFY `id` int(10) UNSIGNED NOT NULL AUTO_INCREMENT;

--
-- AUTO_INCREMENT for table `f_encs`
--
ALTER TABLE `f_encs`
  MODIFY `id` int(10) UNSIGNED NOT NULL AUTO_INCREMENT;

--
-- AUTO_INCREMENT for table `f_gtes`
--
ALTER TABLE `f_gtes`
  MODIFY `id` int(10) UNSIGNED NOT NULL AUTO_INCREMENT;

--
-- AUTO_INCREMENT for table `f_iccs`
--
ALTER TABLE `f_iccs`
  MODIFY `id` int(10) UNSIGNED NOT NULL AUTO_INCREMENT;

--
-- AUTO_INCREMENT for table `f_tacs`
--
ALTER TABLE `f_tacs`
  MODIFY `id` int(10) UNSIGNED NOT NULL AUTO_INCREMENT, AUTO_INCREMENT=2;

--
-- AUTO_INCREMENT for table `insumo_x_m_ls`
--
ALTER TABLE `insumo_x_m_ls`
  MODIFY `id` int(10) UNSIGNED NOT NULL AUTO_INCREMENT;

--
-- AUTO_INCREMENT for table `invitados`
--
ALTER TABLE `invitados`
  MODIFY `id` int(10) UNSIGNED NOT NULL AUTO_INCREMENT;

--
-- AUTO_INCREMENT for table `kardexes`
--
ALTER TABLE `kardexes`
  MODIFY `id` int(10) UNSIGNED NOT NULL AUTO_INCREMENT;

--
-- AUTO_INCREMENT for table `kardex_carteras`
--
ALTER TABLE `kardex_carteras`
  MODIFY `id` int(10) UNSIGNED NOT NULL AUTO_INCREMENT;

--
-- AUTO_INCREMENT for table `lineas`
--
ALTER TABLE `lineas`
  MODIFY `id` int(10) UNSIGNED NOT NULL AUTO_INCREMENT, AUTO_INCREMENT=71;

--
-- AUTO_INCREMENT for table `lotes`
--
ALTER TABLE `lotes`
  MODIFY `id` int(10) UNSIGNED NOT NULL AUTO_INCREMENT;

--
-- AUTO_INCREMENT for table `marcas`
--
ALTER TABLE `marcas`
  MODIFY `id` int(10) UNSIGNED NOT NULL AUTO_INCREMENT, AUTO_INCREMENT=91;

--
-- AUTO_INCREMENT for table `migrations`
--
ALTER TABLE `migrations`
  MODIFY `id` int(10) UNSIGNED NOT NULL AUTO_INCREMENT, AUTO_INCREMENT=88;

--
-- AUTO_INCREMENT for table `paramACTS`
--
ALTER TABLE `paramACTS`
  MODIFY `id` int(11) NOT NULL AUTO_INCREMENT;

--
-- AUTO_INCREMENT for table `paramBANCS`
--
ALTER TABLE `paramBANCS`
  MODIFY `id` int(11) NOT NULL AUTO_INCREMENT;

--
-- AUTO_INCREMENT for table `paramBRETS`
--
ALTER TABLE `paramBRETS`
  MODIFY `id` int(11) NOT NULL AUTO_INCREMENT;

--
-- AUTO_INCREMENT for table `paramCCOSTOS`
--
ALTER TABLE `paramCCOSTOS`
  MODIFY `id` int(11) NOT NULL AUTO_INCREMENT;

--
-- AUTO_INCREMENT for table `paramCTRLS`
--
ALTER TABLE `paramCTRLS`
  MODIFY `id` int(11) NOT NULL AUTO_INCREMENT;

--
-- AUTO_INCREMENT for table `paramCUENTAS`
--
ALTER TABLE `paramCUENTAS`
  MODIFY `id` int(11) NOT NULL AUTO_INCREMENT;

--
-- AUTO_INCREMENT for table `paramENTS`
--
ALTER TABLE `paramENTS`
  MODIFY `id` int(11) NOT NULL AUTO_INCREMENT;

--
-- AUTO_INCREMENT for table `paramETAPS`
--
ALTER TABLE `paramETAPS`
  MODIFY `id` int(11) NOT NULL AUTO_INCREMENT;

--
-- AUTO_INCREMENT for table `paramFORMAS`
--
ALTER TABLE `paramFORMAS`
  MODIFY `id` int(11) NOT NULL AUTO_INCREMENT;

--
-- AUTO_INCREMENT for table `paramLIMIS`
--
ALTER TABLE `paramLIMIS`
  MODIFY `id` int(11) NOT NULL AUTO_INCREMENT;

--
-- AUTO_INCREMENT for table `paramMBANCS`
--
ALTER TABLE `paramMBANCS`
  MODIFY `id` int(11) NOT NULL AUTO_INCREMENT;

--
-- AUTO_INCREMENT for table `produccioningresos`
--
ALTER TABLE `produccioningresos`
  MODIFY `id` int(10) UNSIGNED NOT NULL AUTO_INCREMENT;

--
-- AUTO_INCREMENT for table `produccionturnos`
--
ALTER TABLE `produccionturnos`
  MODIFY `id` int(10) UNSIGNED NOT NULL AUTO_INCREMENT;

--
-- AUTO_INCREMENT for table `pucauxiliars`
--
ALTER TABLE `pucauxiliars`
  MODIFY `id` int(10) UNSIGNED NOT NULL AUTO_INCREMENT, AUTO_INCREMENT=1764;

--
-- AUTO_INCREMENT for table `pucclases`
--
ALTER TABLE `pucclases`
  MODIFY `id` int(10) UNSIGNED NOT NULL AUTO_INCREMENT, AUTO_INCREMENT=10;

--
-- AUTO_INCREMENT for table `puccuentas`
--
ALTER TABLE `puccuentas`
  MODIFY `id` int(10) UNSIGNED NOT NULL AUTO_INCREMENT, AUTO_INCREMENT=141;

--
-- AUTO_INCREMENT for table `pucgrupos`
--
ALTER TABLE `pucgrupos`
  MODIFY `id` int(10) UNSIGNED NOT NULL AUTO_INCREMENT, AUTO_INCREMENT=38;

--
-- AUTO_INCREMENT for table `pucsubcuentas`
--
ALTER TABLE `pucsubcuentas`
  MODIFY `id` int(10) UNSIGNED NOT NULL AUTO_INCREMENT, AUTO_INCREMENT=463;

--
-- AUTO_INCREMENT for table `referencias`
--
ALTER TABLE `referencias`
  MODIFY `id` int(10) UNSIGNED NOT NULL AUTO_INCREMENT, AUTO_INCREMENT=1197;

--
-- AUTO_INCREMENT for table `regimenes`
--
ALTER TABLE `regimenes`
  MODIFY `id` int(10) UNSIGNED NOT NULL AUTO_INCREMENT, AUTO_INCREMENT=2;

--
-- AUTO_INCREMENT for table `resoluciones`
--
ALTER TABLE `resoluciones`
  MODIFY `id` int(10) UNSIGNED NOT NULL AUTO_INCREMENT;

--
-- AUTO_INCREMENT for table `retefuentes`
--
ALTER TABLE `retefuentes`
  MODIFY `id` int(10) UNSIGNED NOT NULL AUTO_INCREMENT, AUTO_INCREMENT=4;

--
-- AUTO_INCREMENT for table `sessions`
--
ALTER TABLE `sessions`
  MODIFY `id` int(10) UNSIGNED NOT NULL AUTO_INCREMENT, AUTO_INCREMENT=26;

--
-- AUTO_INCREMENT for table `sucursales`
--
ALTER TABLE `sucursales`
  MODIFY `id` int(10) UNSIGNED NOT NULL AUTO_INCREMENT, AUTO_INCREMENT=16;

--
-- AUTO_INCREMENT for table `tipopagos`
--
ALTER TABLE `tipopagos`
  MODIFY `id` int(10) UNSIGNED NOT NULL AUTO_INCREMENT, AUTO_INCREMENT=5;

--
-- AUTO_INCREMENT for table `tipo_presentaciones`
--
ALTER TABLE `tipo_presentaciones`
  MODIFY `id` int(10) UNSIGNED NOT NULL AUTO_INCREMENT, AUTO_INCREMENT=132;

--
-- AUTO_INCREMENT for table `trakingmaps`
--
ALTER TABLE `trakingmaps`
  MODIFY `id` int(10) UNSIGNED NOT NULL AUTO_INCREMENT;

--
-- AUTO_INCREMENT for table `upload_invoice_file_responses`
--
ALTER TABLE `upload_invoice_file_responses`
  MODIFY `id` int(10) UNSIGNED NOT NULL AUTO_INCREMENT;

--
-- AUTO_INCREMENT for table `upload_invoice_file_sends`
--
ALTER TABLE `upload_invoice_file_sends`
  MODIFY `id` int(10) UNSIGNED NOT NULL AUTO_INCREMENT;

--
-- AUTO_INCREMENT for table `usuarios`
--
ALTER TABLE `usuarios`
  MODIFY `id` int(10) UNSIGNED NOT NULL AUTO_INCREMENT, AUTO_INCREMENT=38;

--
-- AUTO_INCREMENT for table `zonasusuarios`
--
ALTER TABLE `zonasusuarios`
  MODIFY `id` int(10) UNSIGNED NOT NULL AUTO_INCREMENT;
COMMIT;

/*!40101 SET CHARACTER_SET_CLIENT=@OLD_CHARACTER_SET_CLIENT */;
/*!40101 SET CHARACTER_SET_RESULTS=@OLD_CHARACTER_SET_RESULTS */;
/*!40101 SET COLLATION_CONNECTION=@OLD_COLLATION_CONNECTION */;
